education_level,experience_years,annual_salary_usd,company_size,age,country_score,job_skill_score,previous_visas,application_score,visa_approval_score
4,15,52939,1196,42,0.5012522846600639,0.31399142889970477,5,0.5880909873374203,100.0
5,13,80601,5168,39,0.9027721326994395,0.9946376366495908,1,0.8966132184345185,100.0
3,9,48101,7874,21,0.9258270580406031,0.6445346681096306,4,0.9257963000382208,100.0
5,6,92710,9932,51,0.7243477664282032,0.633113555715693,1,0.60560700675095,100.0
5,12,41514,4099,54,0.5465352001596269,0.7346399290258349,4,0.8567999962023927,100.0
2,19,112250,2482,26,0.4576660394192104,0.30553317393682344,1,0.807567845583474,100.0
3,4,57134,7460,48,0.9211265004949376,0.698396861594508,1,0.8725283556623775,100.0
3,2,45685,2974,23,0.4576316317537326,0.7406387327927597,1,0.8939492096199648,100.0
3,14,80909,8114,51,0.4079080226496708,0.5078674976721508,4,0.8304679281966305,100.0
5,3,132777,1320,36,0.6816385464031833,0.8087966868378089,1,0.9781084792302641,100.0
4,14,107779,8356,37,0.8387626131876005,0.5642022713525774,5,0.9321131796191593,100.0
3,13,41942,2222,47,0.6745222026862243,0.8024411941206981,5,0.6144857439190176,100.0
5,19,56421,9464,44,0.4308463641919217,0.40067762491676,3,0.956782898136151,100.0
2,18,80109,6802,40,0.8140174680530937,0.9395884712287126,3,0.6797986505532296,100.0
4,12,145958,9564,52,0.7853995723347105,0.9156201615593822,3,0.86327092568494,100.0
2,9,66526,9139,33,0.808917838674733,0.4054385332614394,3,0.924005158388209,100.0
4,20,66727,8713,40,0.5267214948094296,0.9569177559598645,3,0.7181852132571674,100.0
5,4,128185,8388,22,0.8774190454871195,0.6904461909370917,5,0.5257542732311917,100.0
1,19,94872,1855,24,0.6875009270488801,0.7911547748554778,0,0.9748307172458163,100.0
4,19,116325,7670,47,0.7218116863542642,0.8882056546635699,1,0.5362400264121796,100.0
2,5,71822,1712,45,0.7274980057925495,0.35849896295600253,5,0.6740547955824621,100.0
5,3,87459,400,24,0.5720838622427207,0.41849905022631656,5,0.7982236488858299,100.0
4,1,122890,664,52,0.5500804626022254,0.5032736450401732,2,0.5587683538187165,100.0
1,15,86378,5845,37,0.4028596782889219,0.6340431369709095,0,0.919103163294634,100.0
1,17,118076,4281,21,0.6379662052332402,0.5422381544091184,4,0.6017110778882242,100.0
3,4,99681,8965,53,0.6910617903634393,0.6540924638594371,0,0.9930018316545387,100.0
3,3,64009,3410,50,0.8456822473931791,0.4301419191406154,2,0.958216720282542,100.0
2,12,89592,5329,25,0.43997617656658,0.7775078979532153,5,0.8022780436089316,100.0
4,18,114534,6742,32,0.9543936474392268,0.3390144168286118,0,0.83000504464369,100.0
4,1,106735,6684,52,0.5583750809482249,0.5530146543455731,1,0.7668032340043368,100.0
3,12,88993,1095,37,0.6200324140769486,0.42532327126978575,3,0.6955519843164163,100.0
4,10,42707,5456,52,0.4290174793571571,0.8109532903094763,1,0.6758540485369589,100.0
4,3,45100,4386,44,0.791881846490874,0.9185573371809379,0,0.9458274533701311,100.0
1,19,50417,1973,32,0.8253536784339202,0.35515034644243243,5,0.7883098630568839,100.0
3,19,77238,9987,51,0.9572747303738594,0.8495264991064799,5,0.9116468661066859,100.0
5,14,80572,5187,39,0.6020974019891373,0.9270056056054714,2,0.7570355219363591,100.0
3,3,53114,4582,49,0.5544212379269401,0.9817791516298386,4,0.6535124611210259,100.0
5,8,115562,7553,41,0.8356519021425224,0.7055703756615623,1,0.5458797383148599,100.0
1,6,58405,8917,46,0.8240805330657568,0.5291743202051847,2,0.6618484015041586,100.0
2,18,55736,252,48,0.9622744347120321,0.5253815199071311,4,0.9400587570325492,100.0
4,18,92205,6520,37,0.5231911745399704,0.5652790555061168,3,0.8559805869418847,100.0
1,5,114347,3925,29,0.8231755736167211,0.7288671851293388,1,0.8929149549355062,100.0
4,5,141371,9725,41,0.44012114631361254,0.6431610084973874,5,0.8867171080502787,100.0
2,19,104563,847,54,0.6882208640543312,0.7575445184847844,1,0.5599862086157381,100.0
2,14,129495,3333,31,0.471634466359425,0.3275197114707033,5,0.579430283028915,100.0
1,14,59698,2963,40,0.7918875928566831,0.37411708526677956,5,0.6586196244170109,100.0
2,19,143993,9547,36,0.7608800570150115,0.9835776495987327,3,0.6505143893339561,100.0
5,8,43462,1442,49,0.4292997601778372,0.9967698515303669,3,0.5330405191278659,100.0
2,3,77404,6864,21,0.5917706935508537,0.8226611719975729,0,0.5767357547846035,100.0
4,17,104016,7665,38,0.6370201793660516,0.47947800512672084,4,0.9281151417833897,100.0
4,17,49869,8441,42,0.5488361617077787,0.9673672140803848,2,0.7945224189908517,100.0
4,4,66823,8340,28,0.4232020264112861,0.44959195565419247,3,0.6711414963898208,100.0
4,19,62851,8621,27,0.5912931376636353,0.8120019256993241,0,0.7632389489316878,100.0
5,10,82244,313,45,0.8755749408704971,0.38068081818442717,4,0.6306566957891445,100.0
3,4,125539,2172,50,0.6160654531549856,0.7542331489918839,4,0.7919211586735875,100.0
1,3,90420,6496,54,0.594021853140612,0.8316605023492951,1,0.5373154416179493,100.0
4,11,78423,4112,31,0.9650518827469508,0.9017481012116577,0,0.9513253494822757,100.0
2,1,30000,6884,35,0.4249784312287008,0.8140142977816074,0,0.6202232923418074,72.41937260308273
4,12,101668,1178,43,0.8603729173851898,0.9464397487488163,1,0.9095377509688064,100.0
2,9,109750,425,41,0.68985615898861,0.6646462805305076,2,0.8299994331622587,100.0
2,8,47499,5253,48,0.9666775045063244,0.7742000248253293,3,0.761503471211667,100.0
4,9,88325,159,33,0.636082446498035,0.5586850595618463,5,0.9648982303588978,100.0
5,6,94825,6534,54,0.824825402203313,0.30727261450251875,1,0.5784065901605768,100.0
2,3,114115,5909,26,0.4419612186343089,0.8296850688271382,3,0.5596387351344998,100.0
2,18,71880,848,24,0.9572634553503286,0.908902453509844,5,0.6609300659117188,100.0
4,9,68115,6154,25,0.6067256000791555,0.4217471339068089,0,0.9151106132591774,100.0
2,2,78587,9898,26,0.7144027454705719,0.3200485261657038,1,0.5176007280951174,94.99360187191358
2,20,122110,9623,41,0.4830889652577803,0.4151512918510245,5,0.61970285365467,100.0
4,18,116096,7476,48,0.9673347227321445,0.9267025052675022,2,0.7123510958433338,100.0
4,20,89466,1330,23,0.8037822423579362,0.5068572725599308,3,0.8564704942691042,100.0
1,1,115494,1533,43,0.43236848610166734,0.4635928803975702,3,0.6496565338054201,100.0
5,19,30782,5244,28,0.49312406750757004,0.31021287739025144,3,0.724056223115357,100.0
5,9,109791,6154,39,0.6399003985855898,0.5079386030470463,0,0.6684252454355808,100.0
2,1,62030,562,31,0.5300626074305631,0.8009473539155654,5,0.5460301273628512,93.83954986127138
5,1,134175,3766,30,0.5827753417097984,0.9713625018633536,3,0.8693379924156268,100.0
2,16,63393,3681,48,0.9984946965257059,0.5189188627063432,4,0.7306896982222415,100.0
1,15,68680,491,40,0.7951892182898815,0.46847972414748523,3,0.9062560597640482,100.0
4,15,104060,609,48,0.9533305613886711,0.9216483143238439,0,0.8473464585270694,100.0
4,13,106473,7687,49,0.6614790249125975,0.89675339558256,1,0.5289076000947633,100.0
4,6,78841,9366,28,0.8261693706943407,0.5297122941005805,3,0.7500379502481392,100.0
5,20,99285,9205,39,0.6758141752967732,0.34816360762993775,3,0.9954278118076868,100.0
1,10,102384,1992,41,0.5969347257130144,0.9943926083267198,1,0.6539351309329707,100.0
5,0,99827,1644,38,0.7115038879006338,0.7764930012232494,5,0.7464790502448211,100.0
5,10,79886,7840,29,0.656386625072492,0.948606347958894,5,0.8260162218370202,100.0
1,20,102630,3007,24,0.9883243892084163,0.539312132023623,4,0.6011328001899479,100.0
1,3,125159,696,45,0.6976998431298405,0.7533797933580959,0,0.8512536051825209,100.0
1,6,59362,5539,54,0.8866678797392773,0.772148061144629,1,0.8298883382208396,100.0
1,14,68998,1769,29,0.8000916809775092,0.9110338272772434,0,0.6874802333597438,100.0
4,17,90681,7033,29,0.6877763423304535,0.9951406259812028,5,0.6422196336565495,100.0
3,11,63594,6218,38,0.6844900434798017,0.3760663249667906,1,0.9595513506390495,100.0
3,16,44914,7244,31,0.6051340702372225,0.741781791801302,2,0.5635117863485686,100.0
1,0,117328,2490,33,0.4641890845792337,0.5355079638538103,4,0.7160153956560925,100.0
3,10,34280,9539,29,0.85688159736239,0.8681608989420853,2,0.8834918141110643,100.0
3,0,79940,7486,36,0.9508568759203234,0.8279035893225095,5,0.5740685477376936,100.0
1,14,108973,7780,24,0.5307729127960706,0.9247629669567397,1,0.9664637667704707,100.0
3,20,96667,124,54,0.9554040963575184,0.5405920140963382,5,0.763126203382289,100.0
5,9,80318,578,27,0.5393825308349669,0.4291712409104355,1,0.7524078272435504,100.0
2,6,62564,9755,35,0.7180474611902652,0.3152611740058149,0,0.712138705399656,100.0
2,1,98596,7961,31,0.6061731976762827,0.4788546786027478,1,0.933725095747274,100.0
1,9,65290,2699,52,0.468705271547355,0.5570200778286616,5,0.9742207044068636,100.0
4,3,96648,4600,47,0.4317030249733284,0.9622468901635943,0,0.6900340131088889,100.0
1,11,93522,3350,50,0.6192079192865365,0.6439608436930768,0,0.7711968251250356,100.0
4,18,93775,2998,37,0.428406318729664,0.6895076528761526,1,0.6577115664160786,100.0
2,10,73992,3161,39,0.4625238625227108,0.9160901334336802,0,0.6840083808356752,100.0
1,7,140875,3025,27,0.48537854727879054,0.9195486596348985,5,0.5141667803112902,100.0
5,17,98955,9023,41,0.4011494237073995,0.6695410785942414,4,0.8929677422052085,100.0
3,10,83032,6355,48,0.4919513295061921,0.37959244911333223,2,0.984666570379523,100.0
4,10,96606,3584,23,0.7463672082270247,0.4893613152768607,1,0.8847632759238435,100.0
3,12,70638,7848,34,0.8917138732575619,0.6198217400042855,0,0.7591057103807289,100.0
3,2,80342,1618,22,0.5160579756448419,0.8258186466245205,0,0.9137549965705574,100.0
1,11,149797,569,49,0.4485235623085002,0.7981772238303786,5,0.9289395215415368,100.0
3,2,70815,6631,38,0.8377085190615233,0.7498957647098357,0,0.7722613154641395,100.0
5,9,88055,7136,44,0.4048976268743296,0.916171891861641,0,0.9685787428399408,100.0
3,16,78597,5575,32,0.8404972612218287,0.8618524858149876,4,0.5150850965284952,100.0
1,1,64009,4445,52,0.4786703415201288,0.9874799685653413,1,0.5050480049142688,91.16196466484284
5,16,100527,5660,38,0.5369710372716421,0.9224109646532088,1,0.5407296820823364,100.0
2,15,90911,8813,33,0.4720419465328177,0.4369594994903999,5,0.5289288577267258,100.0
3,1,112775,1891,24,0.5484028942308368,0.3403315958642769,4,0.7123054938911004,100.0
1,19,110264,4179,43,0.878905563077077,0.5901576608310263,4,0.9701605519609934,100.0
2,5,112517,3873,30,0.4795264630750455,0.7322531156308953,4,0.8376117749959682,100.0
2,9,67044,7446,25,0.9964993793761203,0.7501724497865274,1,0.8297264306222283,100.0
4,9,106024,3718,34,0.5962586656586751,0.48725893306285106,3,0.6924430211684398,100.0
5,7,106631,1719,54,0.9531808753049973,0.9019166751140693,5,0.7668832280896181,100.0
3,0,64473,7870,48,0.514019847901328,0.5304725245517988,5,0.6520873482722116,100.0
1,12,82034,9963,28,0.512738511966641,0.9433802244682004,2,0.7589188697013325,100.0
4,8,53597,1702,36,0.7392014098258444,0.630120980912255,4,0.8733304543573696,100.0
5,9,106740,9447,51,0.43036005094280677,0.3072734662292852,4,0.7793462321266493,100.0
4,14,106625,135,27,0.8806017385813557,0.4134289178363223,1,0.7094359196117814,100.0
5,4,125759,1209,23,0.6637691504008323,0.37162347965849835,5,0.9224610319635485,100.0
5,15,84280,6102,49,0.8195178840117128,0.33081805706021533,1,0.6437214398973758,100.0
3,12,101286,2721,24,0.5047793220976117,0.7998121175674732,2,0.7407434639622301,100.0
5,19,114693,9192,29,0.7854144104717142,0.4346211111422815,0,0.9890736353191003,100.0
4,17,71152,9723,37,0.7564423926110162,0.8870338560845403,1,0.9836608142613449,100.0
5,10,67350,6238,40,0.8533967511507663,0.48512818017010095,2,0.5031423083304961,100.0
3,8,71927,6005,34,0.5784407755905824,0.322628974543589,1,0.7661167044661267,100.0
3,15,81267,8192,49,0.9598993449829055,0.8744727407826602,1,0.6684596294375797,100.0
4,1,68236,5512,33,0.9767806416374392,0.6263020953716909,1,0.64561193487338,100.0
2,1,73004,5770,37,0.9208741667328129,0.7196538081882957,3,0.7981260893043403,100.0
2,11,112022,5592,24,0.7432202596963251,0.5353591020490942,3,0.7231521615970922,100.0
5,7,87591,2508,40,0.6521729623968103,0.33222827730894927,4,0.8664210407753207,100.0
1,8,97667,2575,31,0.43479545114197293,0.5591239624148872,3,0.5135670951810815,100.0
5,11,76232,6999,42,0.9683366808765937,0.6628004592055005,2,0.9634454232821233,100.0
4,8,74590,4800,28,0.9710688062190201,0.308180622475633,1,0.783796646063925,100.0
4,9,97138,5034,48,0.41121307298781035,0.7020030225426731,3,0.8420333511074873,100.0
4,1,93151,8317,50,0.6141325279844321,0.925129508191421,5,0.8022932373559042,100.0
4,15,109449,1041,53,0.9280218209549571,0.4524883656940184,1,0.9945658031548152,100.0
4,19,122539,1251,53,0.448511219823771,0.9487384128038792,0,0.9931492206481907,100.0
3,6,72714,1752,47,0.5179398260261244,0.3683259631765102,4,0.804945717502649,100.0
2,1,111529,5719,40,0.9872063900917545,0.8778054451559751,3,0.8419816474115454,100.0
4,0,63004,6009,53,0.9083732872722091,0.88822705081151,5,0.8092849226850878,100.0
1,18,141844,4100,45,0.9472380964502581,0.4804319040286972,5,0.6553404619697931,100.0
1,3,70342,8170,39,0.4852926511931903,0.970490385535927,1,0.5963067782364682,92.3439494428895
1,1,107265,6893,41,0.526789575380107,0.5916191079982444,0,0.7013815759067747,99.95922677548887
1,13,62818,5139,53,0.7632499506110495,0.39887926122591566,4,0.8413784111508056,100.0
3,1,86197,4413,23,0.7010429326016194,0.7142001155790166,4,0.5279886771562011,100.0
1,14,128643,6587,34,0.5791020343282294,0.9976302928316865,0,0.7571526034054972,100.0
4,11,69557,4907,35,0.9303077798423478,0.9295040842715061,3,0.704198663703195,100.0
5,4,145104,173,53,0.9408331693213439,0.4950219782805717,3,0.7637424206428094,100.0
1,19,89868,3320,42,0.5750104060879667,0.7038906195648629,1,0.9301133165457739,100.0
3,6,114392,3398,21,0.4934518843551639,0.3807573617737716,2,0.5238050687785292,100.0
3,20,100073,1005,51,0.48945545246218813,0.6232913630359626,1,0.881812024680851,100.0
1,9,101426,6171,40,0.6906551172351634,0.666149047383827,1,0.8334549459668132,100.0
5,13,54347,1887,52,0.4797510972408118,0.52069480883179,1,0.6019239904865604,100.0
1,13,78178,8113,32,0.6840041332571352,0.6389309580559039,0,0.8670918347640513,100.0
3,4,119899,3274,36,0.6771604437159144,0.9439569207268215,4,0.7481859734394789,100.0
2,17,81391,1358,28,0.9304661279233942,0.6500963460258115,4,0.7405123978388725,100.0
4,13,93470,2261,34,0.5777262638800222,0.8816932173973182,2,0.7415352574733459,100.0
3,1,51314,7300,38,0.7363914751845865,0.5221733004144037,3,0.9746170311256381,100.0
1,11,76560,9795,50,0.8460999185704579,0.9799829556607371,1,0.9721822531683963,100.0
4,5,118075,8028,53,0.7575488770299439,0.3654242634116298,0,0.9568040233426336,100.0
1,3,57934,6600,54,0.9724407069880822,0.7099106527893924,0,0.943371036772547,91.45706904943444
1,12,107926,7668,54,0.7613664882998621,0.8529214566167618,1,0.5187940457855341,100.0
2,3,94444,442,27,0.9411173070820671,0.8698286904171719,0,0.7002974635560714,100.0
4,13,84101,5753,26,0.5470338335522458,0.43879677755092933,0,0.9474385317628271,100.0
4,15,83001,5257,26,0.7364516636676619,0.5811521220794903,1,0.8775632778304625,100.0
2,3,77724,7725,42,0.7259835559399928,0.7369373207248722,2,0.7283299011642019,100.0
3,0,79950,3827,28,0.9936712660840501,0.5211178968406915,0,0.8866265186085831,100.0
1,12,113243,1080,35,0.5227037880394741,0.7608072106494359,4,0.6040929129068104,100.0
5,3,79198,4610,46,0.4845960390195865,0.5651464699188917,5,0.7998996227213968,100.0
1,19,135189,8316,23,0.7670032465782523,0.5456064258096556,4,0.7664991409458302,100.0
1,17,97488,9641,30,0.534215285999238,0.3756477200432867,5,0.7867735110053713,100.0
3,5,75593,9992,23,0.7834932073901739,0.327477015197132,5,0.8608977099732271,100.0
1,2,114334,1004,50,0.9834934531117305,0.8846916530085274,4,0.9749010456240386,100.0
2,12,105597,4328,42,0.9679035972384745,0.642681144509252,1,0.6320058839734886,100.0
2,15,48645,4741,23,0.5386618147863989,0.6940111932463047,5,0.8790253876833148,100.0
4,4,64138,6078,21,0.5025378089272894,0.5605547157699364,4,0.8225704844052728,100.0
5,3,87114,7680,53,0.7364435722975274,0.39571943183163927,3,0.8475725337131648,100.0
1,20,50409,4777,39,0.7520663729338901,0.6147003983838445,0,0.71445983250502,100.0
1,7,142263,967,54,0.7973500428283902,0.4602699546218181,2,0.9722892981316966,100.0
3,18,110555,8297,51,0.844894555592085,0.8863781327440472,5,0.7398281249937984,100.0
2,13,89666,2164,44,0.7605743864032025,0.9907519766521429,4,0.5607958946995599,100.0
5,6,81432,641,32,0.4670518022317977,0.9223672948330639,1,0.8403464902757944,100.0
4,13,75008,9903,33,0.8740947823416687,0.6697919861479413,5,0.5644345568812609,100.0
2,5,40899,6055,36,0.44771031071477563,0.7396922216274311,2,0.6613375006071647,95.16537699779252
4,11,46678,707,36,0.4119956117303153,0.9636857799174667,1,0.6140028386789063,100.0
3,15,137528,41,40,0.8617949179671259,0.6770773535121075,2,0.7694671969453112,100.0
3,16,129339,6219,47,0.7290144546614055,0.7470123863040854,2,0.6737519416141241,100.0
1,12,75605,4884,33,0.819154851151914,0.7404606526196298,0,0.5799266184183755,100.0
5,13,112699,5572,24,0.6296483945245592,0.7956848062687256,5,0.8954071822088516,100.0
4,6,102660,8750,52,0.40665549611469554,0.7481995697048232,5,0.7342458102190637,100.0
2,13,105607,2258,54,0.5986092094786153,0.7694937786389009,5,0.7272245197942147,100.0
3,14,54370,6202,37,0.7648811397538856,0.8081261305629588,2,0.9431814767021007,100.0
1,11,44795,9905,44,0.5354218422820658,0.866369460767564,3,0.769412180222065,100.0
1,16,119564,6416,49,0.8126826001797589,0.5821384784841028,3,0.8549480479325117,100.0
4,8,40517,1166,48,0.876640605935167,0.8220837889824046,3,0.6640327138181271,100.0
3,14,86295,8545,42,0.6725601990193355,0.3701426314077736,1,0.7806447452349559,100.0
5,11,80807,5305,48,0.9254327788415005,0.91333169256907,0,0.8632073431530327,100.0
3,1,78496,6164,45,0.9128899387414707,0.5030310155364343,1,0.6482360016573667,100.0
4,4,97861,2258,23,0.9268347716751002,0.5824222198610985,5,0.8442670743480806,100.0
4,12,73060,9146,33,0.7966222195941011,0.8625272888602558,5,0.7843815819225661,100.0
3,19,99893,3295,51,0.582873399804148,0.7458909266637039,4,0.71709658158621,100.0
4,7,93528,9532,33,0.6887507694229432,0.5160395928958177,5,0.8564847808233063,100.0
3,13,142468,2013,38,0.8263063897186549,0.4577793777872482,3,0.6584521849122342,100.0
2,14,55364,3625,54,0.5263381919575436,0.9704001140974128,0,0.8572513733501109,100.0
3,10,90731,9989,37,0.8433061055527158,0.36144345272211076,3,0.7755570370223253,100.0
3,0,100783,3682,41,0.7288531702558241,0.3030345760265389,0,0.6228019275620762,100.0
4,20,83589,7468,39,0.457610464170138,0.7710544316004452,1,0.8341377334870159,100.0
4,2,56573,2165,32,0.7343717962001004,0.7301320989577629,5,0.9423821970187121,100.0
1,16,121427,3489,48,0.44006568292749,0.8163297740662487,1,0.6550069966026655,100.0
1,18,98423,61,31,0.40858437102797324,0.8121436821263328,3,0.9061659425116984,100.0
2,13,58327,2169,48,0.9337766019443707,0.9042813890862162,2,0.6680651782034281,100.0
1,7,100966,4400,35,0.6939496669626968,0.9454760132859197,0,0.9105606192128395,100.0
3,12,132539,3661,36,0.725973793024195,0.8425172117805202,5,0.5255755193733943,100.0
4,19,89092,7366,27,0.5679626629781601,0.4626049611354677,4,0.5036076569378195,100.0
1,2,89944,2122,23,0.7256468316744962,0.6244473248092819,2,0.556631025634384,100.0
1,4,129200,5775,51,0.5013212152898396,0.7492006684591223,1,0.9369714038872701,100.0
2,8,65740,1364,32,0.847387478430715,0.6775556881913194,0,0.7668609265298285,100.0
2,5,133188,5630,28,0.8940094962423314,0.4112282587042373,2,0.7970506475426488,100.0
3,1,114322,3764,45,0.9135254679515562,0.7124911214368319,4,0.921102734180462,100.0
4,12,66894,219,32,0.46399163045675806,0.9205700546037829,2,0.5253229025708173,100.0
2,4,73293,6242,41,0.7346526402068757,0.5929620562855683,4,0.6935535212925672,100.0
1,7,76879,7856,46,0.8852505819064197,0.7682529771047824,1,0.821545179724529,100.0
4,0,44160,6181,22,0.476929892927433,0.7311540003934367,0,0.7023400821784391,87.5080307853514
4,19,96511,247,34,0.459713444904446,0.5639301957981613,1,0.5160651003237284,100.0
1,11,68026,8537,24,0.8901651992020125,0.695689845003063,0,0.8254718270844945,100.0
2,10,97413,8085,37,0.8780416233347337,0.4471484237292027,2,0.6957006472863994,100.0
1,6,57726,1586,25,0.6692158821780807,0.6822750810866312,1,0.5096045008192801,94.62581300696188
4,14,113075,8701,44,0.4658267013160389,0.8591807133432654,0,0.5852591918266793,100.0
5,10,108440,9766,27,0.709673894390171,0.8312634387138864,5,0.6087910914169853,100.0
5,15,72353,8992,43,0.6368819200027998,0.5505681848649502,4,0.7553079191773115,100.0
3,2,98991,3550,37,0.7111284586264076,0.37845965113455615,0,0.5931874505167007,100.0
1,19,92073,9337,32,0.6639371212153495,0.8599597955279061,5,0.6806636362129873,100.0
1,13,127057,7267,31,0.7411086480345335,0.4855273626461659,1,0.8753328817741164,100.0
3,2,64188,159,31,0.8362778311079764,0.33713063704844737,1,0.9038599446605299,92.3817966843446
3,0,86192,1634,54,0.8649159421905152,0.6116350721512019,2,0.897706490367788,100.0
3,20,73982,7671,49,0.7893893189427065,0.8176293706825832,4,0.8475414252027109,100.0
4,14,91120,2584,47,0.5193643690278357,0.8659453383424314,0,0.7709061573024,100.0
1,0,103331,4438,42,0.6382738153630715,0.9875415044553537,1,0.7753151471376506,100.0
4,16,73704,7539,22,0.44273441724143303,0.43258537882108644,0,0.9766937798503439,100.0
3,1,80897,4279,50,0.6710042368451029,0.5056563953223729,3,0.9389343730401041,100.0
1,19,114151,7779,27,0.9822036476349106,0.7266433489356481,4,0.8248920598344135,100.0
4,5,123933,2118,32,0.7850384245546065,0.8679405879812174,4,0.7342474718928362,100.0
4,7,102337,3957,23,0.49276750879809816,0.46385251486974466,5,0.8645352078809982,100.0
3,15,86550,7909,37,0.5611465958652595,0.5869401152616314,3,0.5313579487550687,100.0
1,18,84172,4924,52,0.4387441877815281,0.5858804679167444,4,0.9723040983308159,100.0
3,0,103703,6677,28,0.5094483340911796,0.8410557131688248,3,0.7737897478023447,100.0
1,2,95694,2273,43,0.6927049860866668,0.4686525439752449,0,0.7513952271047596,99.5770868161299
5,2,48775,9814,50,0.6069138288571796,0.9781309882871494,3,0.6454174132733707,100.0
2,4,104309,3825,35,0.52237739038526,0.6573246688448235,2,0.5016947473845438,100.0
2,11,68485,587,30,0.4879590481377137,0.4974467856237198,5,0.530621596212958,100.0
2,11,54576,432,35,0.7936426701863236,0.4989988418029406,3,0.6315042289916857,100.0
3,19,48291,2773,50,0.7348614261237107,0.3128099906927793,0,0.7707731293526463,100.0
5,12,84597,1239,46,0.9055841873289208,0.784701623529403,4,0.5417901584326092,100.0
1,19,64586,3186,34,0.5099517314366521,0.8431638118729183,2,0.986026004469499,100.0
4,8,31840,8955,23,0.9087912759569476,0.3226994410465827,3,0.7054803914594635,100.0
1,6,81038,697,46,0.7467467035359137,0.7101541773916673,5,0.6581587371436877,100.0
4,3,77735,732,34,0.5597339163878294,0.8471708674392953,5,0.762598239942964,100.0
1,18,86252,756,51,0.5641318843411067,0.5633680338737015,0,0.5324932960239892,100.0
5,18,74277,4347,34,0.6342282340863115,0.6029191079982827,2,0.9252253367868147,100.0
4,5,135733,2722,30,0.6760763300000765,0.5531374299384981,2,0.7301385676056731,100.0
3,12,102933,717,29,0.4495030508421296,0.5209555029965318,2,0.5891677057179894,100.0
1,10,77509,8636,38,0.9051994993997967,0.6437992065563445,3,0.5808672147249561,100.0
1,12,88409,493,32,0.47292464159451647,0.4162704620932572,0,0.680477176869376,100.0
4,12,125366,1543,23,0.690075905817929,0.6084813768623012,0,0.7866814066549204,100.0
3,19,113915,179,38,0.6297809399145531,0.9592775869905437,0,0.7084529289695376,100.0
3,14,55094,1030,27,0.7073722505871657,0.3191814684580493,1,0.79839866920529,100.0
5,20,65642,7103,51,0.9324895102409032,0.4153203910971201,4,0.8527388724503738,100.0
3,12,70453,6476,21,0.9934530039136638,0.8443916734524946,0,0.874244381170143,100.0
3,10,79007,857,51,0.41216282360965506,0.39243996293959815,1,0.7004777797971317,100.0
3,18,75114,8897,33,0.6359436590351165,0.4898966296519218,1,0.8585016557785485,100.0
2,7,90850,3356,49,0.8905663185503461,0.618387246831049,2,0.5707521766043717,100.0
5,19,108393,4023,23,0.5959617281571863,0.9602135803487732,4,0.7565481001417351,100.0
1,7,112566,8088,49,0.789421705551113,0.4284508311124986,2,0.5362573584299841,100.0
4,9,81830,41,35,0.9953555222598763,0.9461592158030214,4,0.6220528151481319,100.0
1,15,49132,8378,41,0.7880627732895663,0.8029671588989968,2,0.7915933447499237,100.0
5,18,63989,7887,39,0.46671482657396135,0.7698014382202204,5,0.8702103427709602,100.0
4,10,77005,6180,48,0.9057591741723914,0.8064797668350223,3,0.5476546816944761,100.0
5,12,58874,7840,24,0.9799944623755178,0.3218726332785362,4,0.6035349233702885,100.0
3,8,118521,9704,33,0.8275050527793206,0.3692301827486635,5,0.9959491072645326,100.0
4,19,60511,2325,35,0.6514408599058421,0.5343890701181598,1,0.6688288217186422,100.0
3,18,105426,75,52,0.9690401052072547,0.35177727320407437,1,0.6420203835329896,100.0
1,15,47952,1938,23,0.981143209029519,0.9913127966467954,4,0.542628545756158,100.0
1,6,106430,5021,50,0.9610700460994944,0.7062885457016242,2,0.8474213826682107,100.0
4,18,86518,7543,40,0.6470914013860484,0.6411405698000888,3,0.7541266922107182,100.0
4,11,127813,6235,22,0.8738246043813082,0.8498582494293305,3,0.5787754389249227,100.0
5,14,61710,5457,45,0.792507615420436,0.9838714447683927,0,0.8164491167972037,100.0
5,13,75897,594,31,0.5078239995313522,0.9685910000593423,4,0.7628801786805351,100.0
3,10,80739,6480,21,0.7213089410062924,0.8551454193520871,3,0.7824726490329448,100.0
4,9,86187,6695,30,0.8486146054771821,0.5640219658726136,2,0.9974274027848744,100.0
1,10,81350,5254,37,0.9375473655791856,0.34617164410453466,2,0.5143063639708986,100.0
5,5,81833,8164,50,0.9175590222439322,0.3688638844103568,1,0.95748608047319,100.0
5,1,81423,7961,39,0.4927951001112893,0.3008066385562112,3,0.9209453807911521,100.0
1,10,38220,1758,54,0.6928199478911266,0.3013319902573991,3,0.7076714123300787,100.0
5,18,114833,7680,52,0.686961177676471,0.9554952592534234,2,0.9404731768191814,100.0
3,5,161528,2214,32,0.9392422371387533,0.9489118784452493,1,0.8242806211864246,100.0
4,13,97456,1902,37,0.40116238548212013,0.7672876597933614,3,0.9446772583506051,100.0
1,19,61606,7028,26,0.8432281225761566,0.8086737069542118,2,0.7973654411315729,100.0
4,5,64136,3103,33,0.7711849099277592,0.6592459196550264,1,0.6080746196595898,100.0
5,16,105329,983,42,0.9529428839059397,0.46648957926183265,1,0.7881106920258867,100.0
5,9,99636,4034,31,0.6741504101990428,0.9400695343761662,2,0.5895311239650687,100.0
1,0,82892,9644,27,0.7946033499253005,0.494384027151545,1,0.5704139638436465,91.79138515853258
3,2,108835,6625,41,0.9836482182529254,0.8177698826647442,5,0.8270306159607119,100.0
2,7,38402,4339,21,0.8463422577495452,0.4718049793067157,5,0.9737383082677924,100.0
1,7,108851,6725,50,0.4404303844778604,0.9091038926344244,1,0.7942479896037224,100.0
2,19,95944,1487,39,0.5005201305836048,0.7558676040978367,0,0.8978938164911132,100.0
2,14,65101,5699,49,0.8928706617758488,0.7498865143897124,1,0.5841821816331103,100.0
3,6,54166,8972,40,0.6008773245841954,0.3681570657193439,3,0.827105183094471,100.0
2,10,93033,7339,21,0.823550866358965,0.5936282322184411,1,0.8664887357482358,100.0
2,6,125180,6454,43,0.8198942400062967,0.6674359552847194,3,0.5208072602571806,100.0
3,3,84297,8507,51,0.996220314032923,0.505825401887777,2,0.548582158521831,100.0
2,11,68682,11,42,0.6819236341818045,0.9166822282834259,1,0.8907904402641746,100.0
2,5,94782,8472,27,0.8426994163035539,0.8863689590578552,2,0.7199750107310864,100.0
2,13,135521,6853,53,0.4292517263716614,0.645534638639771,4,0.7027905014411056,100.0
1,11,100782,9065,27,0.6775546124158531,0.5380218418508804,5,0.960184798469589,100.0
1,10,103485,5982,47,0.5120089268902785,0.861079590403951,1,0.9959829121768138,100.0
1,18,120569,7913,22,0.9043429310279061,0.4378240132788671,2,0.8821922684528214,100.0
3,20,101813,5115,37,0.9039449992096426,0.3500614205655429,4,0.896296887159176,100.0
5,4,70475,7712,21,0.5418186524234172,0.33199734025036337,3,0.6041604987868023,100.0
2,13,46385,2924,50,0.590971091869881,0.32707828262860017,3,0.5961127211699995,100.0
2,20,66958,5166,42,0.8214866706762113,0.6422220595291248,5,0.9903414076422468,100.0
3,15,62381,8308,48,0.8429595540473602,0.4787195452695521,5,0.8475458596319458,100.0
2,12,106482,3178,53,0.7945789612686243,0.7832625849533632,3,0.8433548989896932,100.0
1,19,109958,2609,46,0.9980167825156968,0.7577241018283537,3,0.6430939855251332,100.0
5,3,94389,5726,31,0.9212099271910672,0.6794140050008174,3,0.9432396752888746,100.0
4,10,58282,2245,27,0.6502353284515134,0.546990296999574,0,0.5222201985971402,100.0
2,16,134664,2809,48,0.5961860329251302,0.8953193714900112,5,0.6372951782323457,100.0
1,6,79594,7023,45,0.7581098487976483,0.7967919273100375,2,0.5900706620428833,100.0
4,13,105087,9713,51,0.8905818015001024,0.49006828682216097,4,0.8555480393332253,100.0
5,10,91233,5483,23,0.6852060842419316,0.651182063619457,4,0.8576749951955256,100.0
4,8,95216,28,53,0.8426155640989836,0.40938984617698426,1,0.7673657439330895,100.0
1,12,104204,868,54,0.4114960237036255,0.5301434037713351,2,0.5026297762155876,100.0
4,17,72599,9618,41,0.9555040649788625,0.9979981280044736,5,0.9368776609510092,100.0
3,10,122635,5390,39,0.8643008365092715,0.45669095418703715,0,0.9777935664972559,100.0
4,14,50512,3042,41,0.6365140520584798,0.7888116490026968,0,0.6011562275433707,100.0
2,18,64036,4515,34,0.6304073953115753,0.4668930520439198,2,0.9211163636271318,100.0
2,0,122310,9628,30,0.4617320846491032,0.956694177304068,3,0.9866432258674773,100.0
3,3,104750,5799,27,0.889692234329517,0.5170929914932573,3,0.6634870616824895,100.0
1,13,153509,2541,49,0.8611777055543106,0.5426823522526965,2,0.5925284142992804,100.0
2,13,91708,7481,28,0.7781498245213698,0.715701841146331,5,0.9887700260282115,100.0
5,2,132510,4729,33,0.46087388328642076,0.7116782397804543,4,0.5298716459127223,100.0
2,16,43563,4873,39,0.5574048193822425,0.7053534728580257,3,0.6379803209672411,100.0
2,2,54662,4048,31,0.675348683958771,0.7012782678843685,1,0.8710146333794833,97.75232609887324
1,15,112388,2462,22,0.5595831662585355,0.5185308256041461,5,0.8086767408154074,100.0
4,13,46490,2856,26,0.6603843538917422,0.6040871563369792,5,0.8422553565451301,100.0
2,19,85065,8074,49,0.5355745243825913,0.7154034101986839,0,0.8540457702427251,100.0
3,12,119180,6632,25,0.60976030228361,0.769889086566981,3,0.8430721120184912,100.0
4,14,102529,9982,50,0.7913781301579765,0.47719030946651636,4,0.6711206185385415,100.0
5,13,90277,8906,47,0.935416648467817,0.7910325431920585,5,0.6557501133045613,100.0
1,18,78772,9543,38,0.6310184087396952,0.9462933750788456,3,0.7142332722801927,100.0
5,5,95055,3472,36,0.8151449386964544,0.830549392340652,3,0.9038417879891818,100.0
4,9,104431,1169,25,0.4808758518295122,0.35896296197590516,0,0.9691355176750083,100.0
4,14,73477,4636,29,0.7244907867134569,0.6283883540630146,1,0.7276230534975675,100.0
4,20,99293,7066,54,0.9530225353327082,0.604684684877352,5,0.5428830686081444,100.0
5,19,116960,3732,54,0.4167614826744301,0.5355523184127845,1,0.9691492661638047,100.0
4,5,84438,3570,51,0.5605344170360851,0.6439240979321023,4,0.540214104282069,100.0
5,9,91703,6127,40,0.4794961202080866,0.6077436413799151,2,0.5795548032516278,100.0
4,6,102094,6599,37,0.7198728876978489,0.3043193340171523,2,0.9338390064683348,100.0
3,16,103783,9917,40,0.8077854784427951,0.4655886946644489,2,0.7757392702568058,100.0
4,17,111961,6859,48,0.4346675152378656,0.4496475016976431,4,0.6763430989315529,100.0
5,16,64640,2253,41,0.4421706523843308,0.5444816788699597,5,0.9654548432900689,100.0
2,8,76776,8187,39,0.9217775156493432,0.4221197192070135,3,0.9802531944201043,100.0
4,9,77703,1770,23,0.673739889140505,0.34746101059805834,1,0.6653813470672085,100.0
2,9,67402,5452,50,0.6777709597831887,0.4376289985245089,1,0.9342120720002876,100.0
3,6,45039,9998,25,0.9667482369748701,0.8979307504936254,3,0.8392644259379928,100.0
1,15,30000,7689,26,0.5921257661589591,0.8579275386051703,5,0.6372456864494556,100.0
3,17,119886,2685,23,0.9382141882196742,0.6094673381980213,1,0.9707163405373624,100.0
4,5,51152,7134,44,0.9845528467457582,0.9144705237851345,5,0.5315345563166347,100.0
2,19,129162,5791,21,0.5450165185902582,0.4628659326845487,1,0.6589711495984795,100.0
2,0,108485,3246,35,0.7084233095275259,0.7089463988394622,2,0.6981308053574309,100.0
5,0,79857,5908,38,0.7206136917401551,0.4000474128824877,2,0.8453266087882001,100.0
2,11,105410,8245,43,0.9197008670752383,0.8833804826845728,0,0.5192165132097578,100.0
5,20,100628,8690,49,0.5823448818290929,0.39140709024429676,0,0.9448884509241625,100.0
1,1,62455,4286,42,0.8788254660120489,0.3223021112849102,1,0.8295514717422405,93.76220907356716
4,3,89625,4733,44,0.982604434766807,0.4914109610477367,2,0.6375114155732547,100.0
5,16,65504,9158,33,0.9042019916465796,0.9306545625429163,5,0.8291710469454501,100.0
1,3,106353,5654,53,0.9454841700740305,0.39061995734851024,0,0.7684619599596141,100.0
2,10,72119,1125,42,0.8250126634857817,0.5314691880868777,0,0.6681378810374248,100.0
2,3,87584,1791,37,0.9423734561663042,0.5214904951085348,2,0.5142982352024108,100.0
1,0,86505,8852,42,0.4989103812113964,0.8611523918678237,5,0.7755503382067712,100.0
2,6,93039,1886,25,0.8274168490249756,0.5950677798460171,0,0.5410907573987525,100.0
1,17,131563,5373,45,0.8391264129828857,0.7280969347302784,3,0.9050881779072018,100.0
5,8,83975,8542,26,0.6635085678996524,0.5830681040830128,5,0.5442628261140516,100.0
5,2,120448,3385,37,0.4478430804147473,0.6860199105958082,3,0.7143696376750883,100.0
1,7,101999,2760,51,0.7734662477564964,0.3437085068122022,2,0.7172758960896062,100.0
5,18,125460,9556,37,0.4311284839422884,0.5618206066980944,2,0.7781008310585347,100.0
5,3,81539,3286,53,0.6294414976939298,0.8985740864179677,0,0.519753945060363,100.0
5,17,107403,458,24,0.636202137385451,0.7837472942275692,1,0.6019162237690365,100.0
3,19,88518,5547,34,0.9993535050779997,0.9872803309026339,4,0.5997505920024835,100.0
4,10,30000,4182,33,0.5798812202374664,0.8515436761633002,3,0.799485307345266,100.0
2,13,62753,8999,47,0.8922723627542132,0.6160568004242418,3,0.6318177663176907,100.0
3,17,104559,3506,44,0.4319030111310123,0.7733963203896799,5,0.5720974904390035,100.0
5,15,102906,2192,47,0.7178595912315042,0.8431395729818023,5,0.5091765361492522,100.0
1,2,57625,3336,28,0.7220150071336073,0.48877856194493874,2,0.9202724176396762,96.89858390863085
5,14,95509,8847,41,0.7772499119166774,0.342012523430909,1,0.985774098560418,100.0
4,3,102581,729,31,0.886003122033963,0.5840930875989838,2,0.8516309966540891,100.0
5,4,89133,1532,51,0.8571540290338888,0.40127121347176065,0,0.7063562127743008,100.0
1,16,108220,6766,47,0.8566048769994248,0.4940687838337513,1,0.5610054709601708,100.0
4,6,104813,6637,47,0.6593763605945722,0.9627918468318932,0,0.737552425747491,100.0
5,15,89121,1079,28,0.8364828894799159,0.8929578152557629,3,0.7286608616550379,100.0
4,13,77229,5572,53,0.6947894306494729,0.7147246841973622,2,0.7099381544683521,100.0
2,15,116063,7759,32,0.44017070700700134,0.5808796945726606,5,0.6891517906005207,100.0
2,6,101579,4897,54,0.9341090695670362,0.48503125214549603,2,0.7483767300257347,100.0
5,8,55464,4684,36,0.9340979836832562,0.7000207958030666,4,0.536590356216746,100.0
4,3,95522,2166,22,0.5937272587930836,0.6732121747710247,1,0.5191472983642796,100.0
1,10,61224,7954,32,0.9483415715685641,0.846546565867073,3,0.5319801418602633,100.0
5,1,65885,4149,47,0.8547904231030489,0.9496141321348399,4,0.5999992400593885,100.0
2,11,73702,5639,37,0.6404807385172139,0.5302561109310132,4,0.6390351277928756,100.0
2,11,91121,7097,40,0.5989033590551521,0.44440797752975586,2,0.5847288097829957,100.0
5,3,99362,5088,41,0.9850856196316606,0.5819597311619935,1,0.6259583566668807,100.0
4,17,79776,6415,50,0.8275761778667865,0.6062789116892429,2,0.5929186983465737,100.0
2,20,80870,6881,40,0.6272859728627201,0.3279092026390537,1,0.5753716298027531,100.0
4,6,77418,642,28,0.785190332788483,0.9031875725396659,4,0.6464913308499225,100.0
2,0,116187,2209,38,0.7429157194224214,0.9969146370672466,0,0.6987563149162721,100.0
2,12,30000,5363,38,0.7147240136223765,0.9462460848980656,3,0.8721333873182018,100.0
3,5,82283,2920,38,0.7868211392871063,0.9024654856408372,4,0.9777749714190207,100.0
2,5,128624,632,22,0.7225757933082171,0.9948202124216787,2,0.959482655091328,100.0
1,11,102930,6083,32,0.7928742122118284,0.9354659023824203,3,0.7379668913047923,100.0
5,7,121671,370,52,0.9445411373341834,0.781857334520322,4,0.730672544488557,100.0
5,18,39143,6375,28,0.9959589808871632,0.4167296541405173,1,0.5628489475764787,100.0
4,4,58943,8411,30,0.8255721240088081,0.40944508633580745,2,0.9858700633014834,100.0
2,17,102851,9132,31,0.9566924810502596,0.3341458225943469,4,0.8800488985775662,100.0
1,4,128765,3953,34,0.9150461523297725,0.5882816070313315,1,0.9237841302705445,100.0
4,9,61469,4879,46,0.5770224387887675,0.8661768539630024,1,0.6170818328257068,100.0
3,0,80305,8138,50,0.9597447898258213,0.6432071613592373,1,0.7005429920374866,100.0
4,9,100036,887,24,0.4424854000315729,0.5564251939981076,3,0.5513225518393545,100.0
4,4,53687,4805,31,0.597953092626127,0.37646510493912483,2,0.9704065526739609,100.0
2,11,103042,7801,44,0.78396696106288,0.3362273163634117,1,0.6429146095635444,100.0
3,6,30000,2533,42,0.7161492675370853,0.5794254003965251,4,0.7980048811743876,100.0
4,8,102305,6280,23,0.7254474356976175,0.3699477661286127,1,0.576110014475359,100.0
1,20,65122,8593,22,0.8769329978807487,0.37248372091658793,2,0.9013983275191603,100.0
1,11,78810,6633,32,0.5168222093717154,0.5767438974794523,5,0.5931723336318424,100.0
5,0,106297,5098,41,0.9892453059804752,0.6519904195519013,5,0.9046921955306182,100.0
3,10,101181,7574,25,0.6624749363783023,0.43067802088216056,3,0.7008812739724146,100.0
3,20,89800,7076,27,0.9699059588833572,0.7792449803823058,1,0.7888785082852016,100.0
5,14,114226,6555,24,0.6298695186980996,0.5930844004779676,4,0.6348543903789687,100.0
4,1,47495,2331,42,0.7610720013109814,0.3643457764171012,2,0.9413882282105721,100.0
3,19,95110,8159,49,0.6701868827938817,0.7459238871939007,1,0.87993422192747,100.0
1,6,70245,8135,29,0.8055610983111822,0.5498613730865971,3,0.6771369819771174,100.0
1,20,112950,8340,46,0.510174837630512,0.33662503395338633,0,0.7926820215444155,100.0
2,11,107176,8304,32,0.640377119704291,0.9635871057670344,5,0.5644942295128288,100.0
3,17,108083,5343,21,0.4410286732644589,0.6998378699739687,4,0.5802361452939027,100.0
4,2,131134,8685,28,0.7588608501940082,0.6344042583214461,5,0.7668388102935988,100.0
5,6,118158,7868,53,0.9776090191534736,0.9013961763976843,1,0.8202993833656764,100.0
5,10,86064,4329,24,0.42754390909443146,0.9557183005196073,1,0.7787158568644963,100.0
4,17,89968,5399,34,0.7957780147009399,0.45422530771634795,0,0.7797039989362373,100.0
2,11,105023,1858,49,0.8650587781825958,0.8671011511725191,2,0.8711450704513357,100.0
5,5,93404,3215,34,0.5278650545065773,0.8817559487419855,0,0.9512037403816799,100.0
3,4,107629,2171,29,0.5638445760211283,0.3380819562743193,2,0.6937987727339274,100.0
2,0,34241,1474,29,0.5209486517440212,0.7983608806247908,1,0.7684666477305193,81.0054708197635
3,11,137020,653,46,0.5784475820057845,0.3440775172597039,0,0.9465119921897196,100.0
1,10,91525,5361,37,0.4660495355160245,0.7162712724729305,5,0.7321393282694866,100.0
2,3,49438,4563,24,0.6222087227712534,0.7684657439970718,5,0.7225744782502923,100.0
5,17,67155,6528,23,0.621357517188637,0.5569410818456788,1,0.8832572285678341,100.0
2,3,36766,5733,49,0.8843604739632454,0.9165512476603606,0,0.9386505629564952,100.0
2,16,62744,7956,45,0.8805749893604311,0.8603581948772305,1,0.8688361258699375,100.0
2,1,86443,620,41,0.8780340179856189,0.9481717995349774,5,0.5500621954254359,100.0
2,1,127867,4312,32,0.7402215479313582,0.5204226686416873,5,0.7323854967329197,100.0
3,11,100266,1553,21,0.5955284121198008,0.3150694600432676,1,0.6059848114946923,100.0
1,5,95821,1476,21,0.6465787098402602,0.8680228868982864,1,0.6586739494099182,100.0
4,9,61622,9118,27,0.5906461028572491,0.4560841491975085,3,0.7343772016683218,100.0
2,20,69387,6246,30,0.7491567429884328,0.6270092283969388,0,0.6107643342382107,100.0
5,15,71326,1191,35,0.9627874727881998,0.8721248203048215,3,0.7579668353810803,100.0
2,13,72346,2156,31,0.5706980704334286,0.4512946250727035,1,0.8216379411801678,100.0
5,6,81211,2282,43,0.6753110905876778,0.5183361339504267,4,0.9374491670538989,100.0
3,18,83099,9053,33,0.7930701580836041,0.6073559904364523,5,0.6057303089260999,100.0
5,16,81523,4546,47,0.9068169470773496,0.4902773951158087,2,0.6552825152336413,100.0
4,8,73216,729,37,0.5520003523845789,0.62292499610198,0,0.7029002405454505,100.0
1,12,93376,4690,33,0.5681739705882344,0.30671765114616867,0,0.6122733848218596,100.0
5,4,82139,3482,32,0.9310993193535617,0.44853158092592904,5,0.6660200353311495,100.0
5,4,50110,3652,49,0.44815487199148185,0.8827873517640827,2,0.9416752599593528,100.0
1,9,90859,73,41,0.7632685635803276,0.5894373709591005,3,0.5693273960055869,100.0
4,20,87080,569,40,0.9162732496575923,0.7454840374193578,2,0.7218737968299954,100.0
2,9,50509,7456,40,0.95304565021092,0.4626015493448796,4,0.6554834878915716,100.0
5,6,75217,1743,51,0.4076123525397213,0.7549150651140661,1,0.5385823608831284,100.0
1,14,104926,8871,28,0.6217995864965106,0.9999817073523798,2,0.5480626645751492,100.0
3,6,61588,3904,44,0.554358871672628,0.7167013475777635,2,0.8924399562425681,100.0
1,14,58945,1552,31,0.7408195532648338,0.7398509938493361,1,0.9261665096228386,100.0
3,2,81877,9473,53,0.7797173660881775,0.37806387712339823,5,0.8707038003055247,100.0
4,18,105573,2425,35,0.9998646865633173,0.5823670301661892,0,0.7696145271688698,100.0
2,9,135258,6100,24,0.7076574981393553,0.9025074289380226,5,0.8863297325726249,100.0
1,14,106473,5227,21,0.7308801272423618,0.8839903815608325,4,0.5760078788470795,100.0
5,2,117120,5397,52,0.6485881046833851,0.6656793772529253,5,0.8901008002980861,100.0
4,5,98667,5189,31,0.4886063427031454,0.9324179048164407,2,0.7117376093756775,100.0
1,11,72872,8197,50,0.581994784168359,0.4000559127440026,2,0.8751577671649989,100.0
5,14,106292,6653,39,0.5481909506266192,0.7607325832630676,0,0.613874697209861,100.0
1,5,87859,7670,54,0.8807318148090052,0.4742185035515367,4,0.9162717103651785,100.0
3,12,99425,2468,27,0.7274898529313873,0.7518929835736656,1,0.7840582728832837,100.0
1,18,66349,9365,40,0.5777161781292053,0.361179782373637,1,0.5036687551779324,100.0
1,2,101661,6038,32,0.693455741736102,0.9605263665734571,3,0.7596335840684589,100.0
1,7,86987,5457,52,0.5313189298572494,0.8504324277133448,4,0.6551397397126775,100.0
4,7,95781,4569,22,0.5110762903439308,0.4406730954271235,4,0.5287509309420444,100.0
1,19,87873,2759,42,0.9159653423451315,0.7460935980004261,2,0.7236547944941302,100.0
5,14,83069,1958,44,0.9668865126796833,0.8314019483762298,3,0.6557350775866602,100.0
3,3,102117,6316,51,0.4480087646961928,0.4466120752805526,1,0.602195081949771,100.0
3,18,79847,8261,24,0.8589296243118523,0.36533121539978397,4,0.6745610012511507,100.0
1,20,50282,8102,44,0.6719869218563741,0.5462458362669899,4,0.5898036081114549,100.0
4,2,43150,8534,37,0.633382984784952,0.3950280388366624,0,0.6499060305113292,94.96495422128581
4,12,94610,199,39,0.8136467857286926,0.6959981935729604,1,0.55766718840354,100.0
5,7,78819,6018,54,0.5597522112006195,0.5968804367013905,0,0.542156295111236,100.0
1,15,46772,7492,53,0.41234873577015246,0.6236970366706338,3,0.9550097133543027,100.0
3,12,92663,305,26,0.528401708692009,0.6800044341388451,4,0.9513829006215895,100.0
4,2,87653,8378,33,0.5109550460255013,0.987436502159821,3,0.9140025993315652,100.0
1,15,77509,8178,29,0.42042962893213753,0.8548449664807762,5,0.6151627670979489,100.0
4,8,96170,809,54,0.5927892496157928,0.7406300464879955,0,0.8629453051321972,100.0
4,13,122877,9007,36,0.6847111201084839,0.5545939301355353,1,0.7948560661319906,100.0
3,12,122114,7013,38,0.8414972182303471,0.31894854719587556,4,0.5256167068412634,100.0
2,20,93594,9944,38,0.5953967952955581,0.3815693275031262,5,0.9497928754241766,100.0
5,6,87882,8416,52,0.5167241593946461,0.8116070753775686,5,0.9989910435639379,100.0
5,14,93943,2710,27,0.5383718615521632,0.5584427497693459,1,0.8543607197161472,100.0
3,6,97725,8798,43,0.9347062474970287,0.5341062050898514,3,0.6157539075848693,100.0
4,5,83292,9919,43,0.5228322438504213,0.9222848510135944,5,0.7772047970865246,100.0
1,1,94363,9557,38,0.9275444005099062,0.6391562233596397,2,0.5546902459310566,100.0
4,8,50659,9494,27,0.6682593972926772,0.9297039401891767,1,0.6493896098558456,100.0
3,16,92033,5883,44,0.9606402594091159,0.9206469572815397,5,0.8586280097069015,100.0
5,4,101920,4724,34,0.6448552817828193,0.3561269042001881,1,0.650537116073926,100.0
4,11,77753,6501,25,0.5066097602834905,0.9617540849034749,1,0.5736029524151818,100.0
5,0,87613,8343,42,0.7294179575268026,0.35386841852529016,4,0.5037355927718095,100.0
1,9,62212,2849,42,0.7526239617094406,0.974454280673049,3,0.7862572021160331,100.0
5,10,58742,3523,30,0.7812935819639618,0.6168304423195732,3,0.9843352614008885,100.0
5,15,95270,9916,46,0.6468980310817163,0.8326024730282033,4,0.7420665062068705,100.0
2,13,71760,1145,35,0.42916080447669713,0.7943010570328973,1,0.6063059703236529,100.0
2,7,45579,6367,21,0.7760319537697071,0.66294648202717,1,0.7316400114880904,100.0
2,16,62205,2257,34,0.959818092560183,0.7336183731849502,2,0.8010418604631879,100.0
5,17,65840,6558,51,0.9745351771034382,0.9649427270494362,5,0.9006841584203648,100.0
3,11,109364,4526,48,0.7581312207166089,0.9491460434642682,1,0.7263393053797413,100.0
5,16,94477,4112,54,0.4119322107726591,0.7580282351813608,5,0.5864760322940141,100.0
3,13,68209,1558,43,0.4636230885092874,0.7604030752541675,0,0.5940049747130274,100.0
3,15,75305,6542,39,0.9003943154616657,0.4728570853742866,5,0.9498630082243695,100.0
2,13,122802,4521,38,0.8978466625920053,0.8800364463026866,1,0.61812094437389,100.0
4,8,113402,2841,35,0.9676093631610172,0.7428223331014537,2,0.8640088125504555,100.0
1,3,62048,9208,21,0.7382646537200879,0.8783741543989012,0,0.6344743900373901,90.80912352074596
2,10,119088,3072,45,0.9182897766810635,0.7604966872015836,2,0.8602810301969125,100.0
2,5,87984,7985,46,0.8949321554091263,0.5095240182221304,5,0.5391818648972682,100.0
4,14,109990,3062,35,0.7536524837242601,0.4326369819115693,2,0.6036965246694246,100.0
1,4,85917,7220,24,0.8701825320202322,0.3538760909562088,5,0.7043506456044216,100.0
5,10,119645,3549,35,0.47542632670748286,0.7101964525820887,3,0.7576582900299715,100.0
5,17,61009,536,21,0.7835216541280722,0.4988359502561145,5,0.6764755311357205,100.0
2,12,83613,2817,42,0.9720705738023164,0.7413566602135699,4,0.7867581638884227,100.0
1,10,120411,9397,31,0.4971744990636447,0.34105951141864005,2,0.662684918295213,100.0
2,13,30184,1763,46,0.8464256090800006,0.5629641455039389,1,0.8392194728635511,100.0
3,17,88848,9874,47,0.5924714784060308,0.4823872507588429,3,0.7556035203211853,100.0
2,18,80161,6892,33,0.890262354230698,0.5592338546007791,0,0.8525546364274558,100.0
2,14,107116,1664,27,0.8183265602234006,0.3379984008296109,5,0.7154894806076173,100.0
5,8,116747,4851,28,0.9557045545639741,0.8069269931834127,4,0.9382500685193229,100.0
5,7,108257,4051,43,0.8271612518163372,0.38168813320008127,3,0.6910663864996693,100.0
5,19,96025,5034,46,0.646186356977717,0.3100818384437073,2,0.6540668347252803,100.0
3,0,91014,9049,47,0.4065355206941955,0.9624023709725333,3,0.7785425089156164,100.0
5,3,81432,9069,29,0.8757501380624969,0.4350134676555349,1,0.7545862270045776,100.0
1,13,95249,8975,33,0.6450789799932434,0.8796429089118225,1,0.7590490366827942,100.0
4,1,126491,8744,27,0.8023804569009159,0.9751294198299869,1,0.8980650454732354,100.0
1,15,69237,4427,31,0.4630398887490513,0.6738848396981333,4,0.7942983846527245,100.0
1,2,79947,8987,30,0.934581181538593,0.6682827120332824,3,0.9426327294413528,100.0
5,7,88112,4645,53,0.6613946784439031,0.5571920714883867,3,0.80954849166963,100.0
4,5,115023,2893,23,0.9518150402852091,0.5979164053427763,2,0.5108505720472072,100.0
4,15,95582,5894,49,0.8242104602766946,0.637452777867338,0,0.9351967720262971,100.0
4,15,114587,458,36,0.47287735725883195,0.40646608260444045,1,0.9198922463475585,100.0
3,6,115852,3320,36,0.7475179680446196,0.5553157067582514,0,0.5244249337547581,100.0
5,12,104800,4595,27,0.9459606687650723,0.8712759098266116,0,0.562642229288996,100.0
4,12,63400,8118,35,0.8799823359300588,0.42767868370703066,1,0.7781780053720975,100.0
3,4,131527,4419,26,0.65078824454575,0.8108972728678807,1,0.5214262839320924,100.0
2,19,125309,7883,38,0.9730386383523442,0.7561106201877335,2,0.7055839891717068,100.0
2,17,91588,6061,39,0.561145708480916,0.34010844269786134,4,0.9876803240391385,100.0
3,14,55455,8586,22,0.6250646219909894,0.3157002079063763,1,0.5863880748469572,100.0
3,17,50987,304,23,0.849828503972079,0.5467699238048442,0,0.6030479116175271,100.0
5,1,96357,1248,45,0.5397427343293096,0.7845191939922886,2,0.8381741907603251,100.0
5,9,72456,8051,48,0.7092246819757289,0.531292549152463,3,0.5219891045254298,100.0
2,12,47070,2826,48,0.8372735140624926,0.7674133104203457,2,0.910343080755989,100.0
4,17,50515,1108,52,0.7863806596854088,0.765820700119587,1,0.5995155762669795,100.0
2,14,78250,1747,43,0.49322194847258094,0.8645882358369881,5,0.7657770820446395,100.0
4,11,94873,2199,22,0.7777961896767007,0.3696399302926913,1,0.6243815804705649,100.0
4,14,125142,2775,30,0.7436263172830644,0.7039902238312246,4,0.82944096855495,100.0
5,12,102105,1232,26,0.7347068950234674,0.34374798370132015,2,0.7936080461194578,100.0
1,17,80464,6559,28,0.8956283119223477,0.42316299819133646,1,0.9732198668715867,100.0
1,14,99498,420,35,0.5103376135150084,0.5278506319992997,0,0.7228003777885287,100.0
3,10,97264,2955,49,0.8509395922260685,0.795172468300626,0,0.9374394813621434,100.0
5,18,108488,8112,48,0.8565556106410491,0.981714582502857,2,0.7879109182608757,100.0
4,2,89001,4796,42,0.8335872637485211,0.5397645700701375,4,0.9572313260944734,100.0
1,6,115904,9079,54,0.7035809880872561,0.6648011397818789,5,0.6459110318839869,100.0
4,20,110611,796,40,0.6373232486426424,0.48133891679570473,2,0.7748805239701427,100.0
1,13,92067,2119,53,0.6368062960437277,0.7728427344267302,4,0.6950148207838862,100.0
1,13,87019,5456,35,0.8402852283653444,0.5566101075653125,0,0.5329486587271551,100.0
1,12,112993,5845,27,0.6987380215497228,0.6371173214067942,1,0.7871329013634293,100.0
5,11,72163,1996,44,0.6030602345385562,0.6974690130954402,3,0.8971142002927062,100.0
2,8,52334,8136,46,0.7752818106431929,0.7803696309350936,1,0.7781018138455502,100.0
4,0,52192,9080,30,0.90220675630181,0.34203616290282723,0,0.6396710820778133,100.0
5,18,70090,7310,35,0.4369052447009691,0.6884307656506156,5,0.6319145183422015,100.0
5,10,106491,9809,44,0.9832821746628626,0.6018148684701052,0,0.6189192704687272,100.0
5,18,79430,5719,31,0.4579911637491426,0.393635560535767,1,0.9898158142219048,100.0
5,17,95112,2413,41,0.707042872421751,0.4456256678319532,1,0.6996097706141648,100.0
5,11,77617,8272,35,0.7361257264226777,0.9187230637700963,5,0.6584348818214186,100.0
3,0,77816,4411,35,0.4829264232168089,0.9102432063701658,5,0.7092340378726203,100.0
4,18,64363,6711,34,0.9493562518106077,0.3233311780965724,0,0.5578989632582421,100.0
5,19,87702,3305,41,0.6828802463754964,0.7825810438653765,1,0.598009764141749,100.0
4,16,85620,8963,40,0.485872308676236,0.6879311191961479,3,0.7544510708952816,100.0
3,4,100316,2131,53,0.8269674417086625,0.9578710902030738,3,0.8994235819811891,100.0
3,2,97192,3592,23,0.798042607145566,0.9356039977156909,2,0.9382133450574281,100.0
4,1,85071,4207,43,0.9777193418688686,0.7056933389966533,3,0.9329923837918053,100.0
1,2,52347,9831,43,0.664909794812649,0.39726844492295255,0,0.9723754342119308,95.47731962417399
2,7,116764,5710,47,0.5606775838988556,0.6218705165685101,0,0.562885761889093,100.0
1,15,87873,7242,45,0.43599640377715726,0.807615056850304,2,0.5204851421707568,100.0
1,5,91991,4298,52,0.8398729150481616,0.96621564456291,4,0.5528656090247326,100.0
1,12,130012,1095,42,0.7703666135382534,0.5546805840268079,2,0.8003711266662256,100.0
5,15,112705,8655,28,0.9835665009404557,0.8492700331674863,4,0.7780594928882872,100.0
3,15,101161,2631,38,0.8272989878821795,0.7783385272972065,4,0.8356050315351563,100.0
1,2,89942,8820,48,0.9598968879629296,0.35480494399958346,1,0.6855453202078643,100.0
3,12,89708,8838,48,0.9949472768677483,0.6905837952004015,5,0.6957944029756533,100.0
4,13,96002,2358,31,0.6570586865396115,0.4284561834775701,3,0.7727875449291255,100.0
2,7,100172,4884,32,0.4901770080215663,0.7784845045244351,4,0.5395280567152538,100.0
4,11,132785,3046,22,0.5175104661419583,0.7270593928584475,1,0.8999360830680511,100.0
4,20,151831,2359,24,0.59102513386739,0.9811336641436832,2,0.961427774048847,100.0
5,7,97256,5753,54,0.7053374602397637,0.9547678655873666,2,0.6936726003646398,100.0
2,20,36168,4442,43,0.4734519996378137,0.30656098351921685,4,0.8697862136311509,100.0
4,8,66206,6185,33,0.5810307231131414,0.35602060112018974,1,0.7744173601384388,100.0
4,0,135287,7275,27,0.5846763084297493,0.8383940180006928,0,0.6180042971641908,100.0
2,5,107966,6113,52,0.4024513929788277,0.7799501510832538,5,0.5338988949180432,100.0
2,18,100651,7368,43,0.6125012437998356,0.8606619189618239,5,0.6229494553400827,100.0
4,10,85829,9273,28,0.4696913200508029,0.48677044586782653,3,0.8024530773221674,100.0
2,10,60274,2041,54,0.6578268277974335,0.8945259381337336,4,0.5201148880130457,100.0
4,12,131944,1259,49,0.5179220424422495,0.6096936303916951,0,0.918095365362276,100.0
4,10,69419,9497,43,0.8932685438159176,0.48333593927210916,3,0.9851530968228238,100.0
5,17,108232,6818,49,0.44831521166429417,0.30742542330942463,0,0.5417509559715656,100.0
1,14,57482,3566,25,0.9193962588509201,0.9099548243737157,5,0.6233489653621738,100.0
4,0,84616,8529,31,0.748315969314759,0.6747406944681207,1,0.8378168077221222,100.0
3,20,114823,8998,34,0.6751843979190145,0.9827674586263948,4,0.9030401617125484,100.0
1,6,83757,5309,22,0.7298453901363462,0.8002769726970815,0,0.6729970458438483,100.0
1,12,80788,3104,48,0.6256654775066015,0.356292000442845,0,0.7576192151632289,100.0
1,11,90265,2987,28,0.47656714299516706,0.7117338304814996,0,0.9458797014814713,100.0
5,17,56599,972,52,0.859527889470268,0.3119871778763432,5,0.6921991709746981,100.0
4,18,51896,5735,24,0.9567469540578494,0.6904472979490525,4,0.5407691367312546,100.0
5,14,107855,5499,27,0.9700405738719188,0.5451411641693564,1,0.9974470609478259,100.0
4,7,79444,1278,47,0.8024269037336467,0.7503070843031359,1,0.5901401027316081,100.0
5,18,107662,5289,37,0.6462084559100003,0.6791019443723895,0,0.5243909087993597,100.0
5,9,117954,382,30,0.6870159773658979,0.4829452263901418,1,0.7053267987083328,100.0
3,6,119966,4390,24,0.7941794181935894,0.41364542637407675,3,0.5607317606467159,100.0
5,17,49474,7627,43,0.8938435099050087,0.5832980404392247,1,0.9893666922128981,100.0
2,15,72554,9806,34,0.6247402825258244,0.9907854203947231,0,0.6903969280311313,100.0
3,19,103439,6289,25,0.9500687348686667,0.6049890483844902,3,0.912905566454554,100.0
5,5,103825,105,22,0.5945632929583677,0.824150996475604,4,0.5883026947522254,100.0
1,8,146235,4379,44,0.7185158651963226,0.3398814679237595,2,0.5694073783750925,100.0
2,20,67309,3951,38,0.9768170800213682,0.5652060350921825,5,0.8246465650239431,100.0
2,12,119204,7031,47,0.9629193492553662,0.7062261260393026,1,0.9546550679049175,100.0
2,20,99306,9402,44,0.8174470537166496,0.8258375593299374,3,0.5572682274799925,100.0
3,7,48994,3954,49,0.5947361166850053,0.6698685601219421,2,0.794626982832461,100.0
5,15,76304,5878,31,0.5314210199104021,0.6607068820605468,4,0.5424697457089924,100.0
5,12,96563,5406,38,0.44808601320012653,0.8347348388180182,2,0.9060814720059431,100.0
1,12,47390,8051,24,0.8251926428436311,0.5193014021232302,4,0.9546529567858513,100.0
1,16,38152,141,53,0.7020704164012215,0.36342736460997477,0,0.8143971516122167,98.05619848030351
2,19,45968,7300,34,0.7433726163665544,0.543005329712184,0,0.8441715512706398,100.0
1,4,96478,9592,52,0.6834353043554426,0.4112973648146042,5,0.5277182323060112,100.0
3,20,77883,6526,24,0.6897678601440658,0.9761609428934033,5,0.5364885934430415,100.0
5,16,74501,9351,40,0.7427641715229791,0.7042580832336841,4,0.58983527799636,100.0
2,8,75359,5916,41,0.9485572037056226,0.612620301929333,2,0.6369142336659386,100.0
1,1,54396,817,23,0.41761977968082864,0.9384363147095971,5,0.8799280584199269,94.38759523375089
3,17,78589,60,45,0.8809820677438974,0.9302529711569723,1,0.7177146235064495,100.0
3,8,44490,5287,24,0.6343097563349595,0.5909880953519466,2,0.5391248433733482,100.0
1,5,119691,65,31,0.8469545603697999,0.9123091535748671,5,0.9263225311423422,100.0
5,10,132308,3674,36,0.9691157975466138,0.3448181532001086,2,0.9969133512884806,100.0
1,5,31848,753,26,0.5837721961158011,0.9200034017327827,1,0.72751314635253,83.921488992842
2,5,78271,6040,51,0.45373278204627937,0.5174084699888022,2,0.7558820027877857,100.0
1,12,79899,8141,33,0.5393790617889553,0.6955855990384349,2,0.5392547196004825,100.0
3,10,85637,89,43,0.5332556986675376,0.48878200829067364,3,0.6915087154436488,100.0
1,13,115038,2976,24,0.8451096504761524,0.9893596900185375,4,0.6859021799450582,100.0
5,1,78344,3738,53,0.43711490903507044,0.3502459883353961,0,0.9828957564907788,100.0
4,7,87793,4546,49,0.43056014791344027,0.6128687007464557,5,0.8302157545801316,100.0
1,2,164476,135,39,0.8161651566903017,0.7346917083834928,5,0.8910915801234607,100.0
5,20,87217,5823,40,0.7340318109256143,0.7309285766361033,5,0.5641660252990446,100.0
5,2,134155,8420,52,0.650660526905922,0.8171308728353908,4,0.7084634408713393,100.0
3,0,102549,957,36,0.745221044186227,0.8070907284254301,2,0.5957764011536153,100.0
5,18,76157,604,25,0.8411487435811834,0.8551998936402123,1,0.930094489142069,100.0
5,17,71981,5040,32,0.4620828236240676,0.4640011866427841,1,0.5761861876289003,100.0
5,16,89818,150,41,0.7319718495885655,0.5593545453813262,0,0.7194356095014296,100.0
5,19,61838,3065,34,0.8946500997485832,0.5674231811861908,0,0.526825140876877,100.0
2,12,68403,9832,42,0.6174575023469875,0.9690877626370993,0,0.8171471471002192,100.0
2,2,79423,9078,50,0.8578107925735834,0.5865182999596457,1,0.7409623749738805,100.0
3,0,97333,4215,43,0.9072525034879054,0.4553084474932738,2,0.7489833862200557,100.0
1,3,135649,5181,25,0.8925575150920804,0.7426410984742254,0,0.5508094552958882,100.0
5,12,77876,7792,49,0.7902138411915167,0.5990868403776597,0,0.7569905926085344,100.0
1,16,101537,2670,50,0.8304067110378752,0.47505604418102376,1,0.7818917453912778,100.0
1,10,49302,6866,38,0.8726051084288686,0.8005948321207408,5,0.9814200433386662,100.0
3,1,116507,6099,21,0.8402255856985792,0.4343477006534099,2,0.5166113416427532,100.0
5,15,46957,5328,37,0.6710080973719472,0.7433478284615438,0,0.9613568047457816,100.0
5,1,109959,2562,23,0.49547256572317333,0.6013714968159539,2,0.7397822289657923,100.0
4,18,87976,3621,27,0.5858383599313164,0.5234170150314705,3,0.6050572627454871,100.0
1,18,86983,8072,47,0.5243479373452349,0.9621875872411108,5,0.8327730414756126,100.0
1,15,82493,1050,48,0.6168664925950014,0.5270852554703459,5,0.7585261086264798,100.0
2,18,57468,8516,51,0.6935986481094569,0.5432551619049777,0,0.613377508214864,100.0
4,8,58793,7613,35,0.9754280030405476,0.9094468548932195,0,0.8134134229177836,100.0
2,0,110913,4182,28,0.9756776769935576,0.3903303540128452,1,0.736631137592439,100.0
2,9,90298,2956,26,0.8617531125501139,0.37564812475224274,5,0.8445073091809768,100.0
2,18,82311,3246,48,0.9880841730180042,0.4978954488591517,3,0.8445384640646962,100.0
3,0,101084,3690,24,0.9988094894946754,0.7141451462921218,3,0.7364076595054521,100.0
3,1,92532,4817,50,0.931154048679186,0.5690101120770965,3,0.6953981054608208,100.0
2,15,70176,1547,37,0.44770214992368285,0.7259881365849725,4,0.5316221207135088,100.0
4,11,151524,3882,54,0.6556264620785572,0.41182544173110425,1,0.7469232989804214,100.0
1,7,108518,1877,26,0.7204719886152053,0.4830155941371429,1,0.621557514544214,100.0
4,17,93176,1171,36,0.4744495513693885,0.6956136336687301,0,0.5266237323128258,100.0
5,1,77159,3930,22,0.885178376345875,0.45200444158111264,1,0.6651901152187176,100.0
3,12,113818,5703,28,0.48921004896926856,0.5959632413433114,0,0.5437345093639026,100.0
1,5,70310,3892,35,0.6299972652357904,0.7008535138941827,0,0.7898709114642845,100.0
1,20,68205,7748,47,0.44134730795672883,0.98155563159664,4,0.7518345323565383,100.0
5,5,132333,8466,36,0.7147558527751858,0.3559206605143152,1,0.8962144986980438,100.0
5,8,90766,6341,21,0.7582248681008104,0.6222897849996334,1,0.6338167718196248,100.0
2,15,70916,5192,30,0.8411061100964077,0.5773896725194916,4,0.6857645327350014,100.0
3,10,90142,9504,27,0.6036768932097718,0.8769688746158244,4,0.8444751943192031,100.0
3,6,111254,9396,30,0.7543188997619086,0.930207983319904,1,0.9964722601157557,100.0
4,9,105531,1536,32,0.8404884037962832,0.9349092179719554,1,0.9520848787232272,100.0
2,9,114356,8141,37,0.8572210893460144,0.5625975191291156,0,0.760412449221739,100.0
2,19,58761,4404,32,0.5809851078700223,0.5132586028268373,2,0.838973647933307,100.0
2,17,113728,1168,35,0.44062235810687506,0.6143960753185592,5,0.7659611632879896,100.0
2,19,85523,4377,52,0.4225716865309326,0.5407904141802621,0,0.7174027659522311,100.0
3,8,92227,4640,52,0.8608361708155502,0.8031956863977354,3,0.8011488447691482,100.0
3,14,120237,3523,46,0.6312633503087475,0.44949973404070775,3,0.6932496126627854,100.0
2,3,107568,1154,34,0.4803655976820109,0.7610788588517168,2,0.6400941778705304,100.0
4,7,98776,78,46,0.5106933613127633,0.9488912731731505,5,0.8528369514008424,100.0
1,8,40400,3727,25,0.8596902848818742,0.49593949878727694,4,0.9359867064403482,100.0
1,12,88862,9028,24,0.759341200414459,0.773823431612177,3,0.6440121530253242,100.0
4,8,70383,9371,48,0.7008418996981425,0.40049278509016484,4,0.8534458088694437,100.0
2,3,107776,9185,21,0.7738045513747196,0.38496875946808135,4,0.7170095018456253,100.0
3,16,114773,9654,33,0.4824997324944545,0.3809511346454062,0,0.6510425185922903,100.0
1,15,82449,9241,23,0.5914253457460943,0.3969697188917442,4,0.8105554892715936,100.0
5,14,73323,4733,45,0.6244381104310432,0.4513154092166094,2,0.9697072311220768,100.0
5,2,128907,4223,36,0.5886986616278733,0.693981346921256,0,0.675845740663377,100.0
4,19,74921,6423,41,0.9186497872809617,0.8368899540308761,2,0.8797396510898604,100.0
2,4,60136,3476,33,0.7488526867915704,0.388799916597641,4,0.6573490412386318,100.0
1,4,69183,3036,28,0.8375928444903362,0.9090104584135072,3,0.901934190590804,100.0
2,19,76125,7008,39,0.542023653925418,0.8899013991011582,5,0.879992362197118,100.0
1,14,68465,2757,36,0.5584444223774503,0.8091716185520239,4,0.8828163858125463,100.0
4,17,111134,7281,32,0.5352015898468878,0.5981760596230311,2,0.9988540340009534,100.0
4,14,35052,6181,40,0.8127877465873345,0.30109006437786806,1,0.5702587859032072,100.0
5,1,67935,3865,38,0.6094245974143111,0.8143354589102076,1,0.6944196165613474,100.0
2,12,88812,8763,32,0.6430504794424978,0.9152903012735076,3,0.8154060833292078,100.0
5,3,95256,2213,45,0.8254729647033165,0.5347004633203034,5,0.7952377362217717,100.0
2,9,132295,3429,31,0.9830792211299233,0.8025912928547831,2,0.8903165423031069,100.0
5,12,128630,1154,42,0.4971251882399908,0.34343333005289717,3,0.5234547908729383,100.0
3,9,49981,2709,54,0.4376057609408821,0.7966464100301498,0,0.8525255843871407,100.0
3,8,42298,9753,33,0.5169075591804766,0.34781596459422515,4,0.8688619783111698,100.0
3,7,90624,570,32,0.8409764109779669,0.7110304351220774,0,0.5305505579756741,100.0
3,2,73170,1197,48,0.5167763746294098,0.7182873001267056,1,0.7693411786159319,95.60319587497678
1,15,60199,3143,47,0.7506114415749319,0.5115095880966736,4,0.6224963522445397,100.0
3,13,90403,3421,33,0.7541899218993893,0.355385908953712,0,0.9008136306856649,100.0
4,8,95767,1699,47,0.5766538601782487,0.964534342298706,1,0.5248068030968772,100.0
4,20,69025,4417,51,0.44123576792597724,0.6749041828116291,5,0.5730820736479827,100.0
1,10,74397,2433,22,0.6395203104709628,0.7058306875867038,0,0.5522268856449364,100.0
3,2,70948,1379,38,0.5120712533539213,0.7305146223213316,4,0.5326088527257922,100.0
3,4,79712,6017,46,0.5106839261599144,0.9237335488483085,0,0.8000368315086854,100.0
3,9,103536,6738,51,0.7135533226172446,0.3421789511827303,4,0.9342734612807677,100.0
5,12,63052,8782,42,0.8038726828586522,0.925301437496773,0,0.7554865623322689,100.0
2,3,73982,986,39,0.44524903135991684,0.46777355602789183,3,0.6052907609570917,92.23833745160321
5,12,80017,4282,34,0.7469928391855005,0.3545651747174432,5,0.6718981342459858,100.0
2,11,89831,6507,34,0.5477209860690765,0.7600860964919319,0,0.680183111035027,100.0
3,4,96899,128,49,0.8039788366118097,0.9838829509796785,0,0.725817698832148,100.0
3,9,141056,1552,37,0.88612950172142,0.3400694464146171,3,0.7102691829749612,100.0
5,8,104303,4872,29,0.8842081813995303,0.598285272626156,1,0.8355756261954381,100.0
5,19,104898,3053,21,0.6219168149444406,0.67084916774065,4,0.669956085518255,100.0
2,6,83334,982,24,0.7403618043265265,0.476483274872443,2,0.831482696405943,100.0
4,1,65503,925,27,0.8762171103024281,0.9880105044070775,1,0.7733867254975324,100.0
2,6,76794,6631,31,0.43648615688828635,0.7486742502226791,4,0.5242544235254968,100.0
5,7,72241,9639,34,0.7633746017034173,0.8910454709926978,0,0.9598360421082304,100.0
5,6,99805,596,39,0.9019131902946674,0.5910443773801994,1,0.588978696787377,100.0
1,20,48717,8552,23,0.6234141987409159,0.5477691210013724,0,0.725764427969593,100.0
5,13,104813,5635,28,0.6732448683887721,0.6872105264167645,1,0.9737986006141834,100.0
1,18,87069,7364,49,0.8192368411356099,0.6046949098386478,1,0.6236666007176039,100.0
4,4,108333,4601,29,0.4407308271194193,0.8004636385957562,2,0.5110822742699304,100.0
2,17,71902,2572,39,0.6313815762523753,0.48607266314825626,3,0.7450249124637061,100.0
2,19,67465,6849,32,0.5774264621343094,0.6147137217646796,1,0.6119655980201066,100.0
1,11,79833,8474,47,0.4101965497522785,0.9265929231058418,0,0.7910137616023152,100.0
2,16,79233,2937,45,0.517583596739956,0.8292755302403305,2,0.9085540563383855,100.0
5,12,110158,6205,37,0.6375301393533096,0.41764911551252604,1,0.7556099578223049,100.0
3,1,109920,6286,53,0.5184572250403425,0.9208053805741181,3,0.8225146724417038,100.0
1,12,137625,9966,34,0.7614389909167338,0.7123116133116316,0,0.8330761979137039,100.0
2,6,77612,4300,48,0.6691915644017854,0.7755010282907382,2,0.9102672483025344,100.0
1,9,30000,5892,38,0.4236887768640309,0.5059795960944862,4,0.8439634044892065,100.0
1,5,79764,6456,53,0.5650241585875102,0.6090809845449602,5,0.9880860758957908,100.0
3,2,95766,5177,35,0.41168606222752846,0.8647687352343756,3,0.7281056265446836,100.0
5,2,107863,9972,31,0.6148811079366856,0.5314733531342275,4,0.5251291867635077,100.0
1,17,97590,1532,35,0.5554660106475001,0.4155431308571353,4,0.6970134517411244,100.0
2,10,77593,9033,50,0.812912069301077,0.5648134390884363,2,0.9199390213266145,100.0
4,19,132854,571,35,0.5844441553579194,0.34845306718657165,2,0.5665338266856679,100.0
1,4,64156,3550,43,0.6250951987506184,0.8024995209394525,2,0.8679699262901985,100.0
1,18,83133,1489,35,0.8352003591179251,0.40342213614193845,4,0.7678307291460644,100.0
3,18,63002,6687,49,0.6885506055451918,0.4995881349425913,5,0.9503330485381936,100.0
5,14,90489,1215,31,0.733872627157504,0.9167567038877245,0,0.8655948333591006,100.0
4,15,129725,6670,38,0.9048079982484691,0.6783483605697398,2,0.8302620552830264,100.0
2,8,86476,8858,51,0.524132983274421,0.5249369084175329,3,0.9434389646491668,100.0
4,3,86630,599,29,0.9935113171165542,0.68336682301042,2,0.9541099636465422,100.0
2,14,47600,4336,42,0.9400630551042364,0.45279436174232257,5,0.6924583522176528,100.0
5,11,82825,4914,31,0.5719316971606366,0.3176211907939271,2,0.9639236559220266,100.0
2,2,118762,9573,37,0.935763050572336,0.7226127352746621,5,0.5273490009314088,100.0
3,13,83744,6431,53,0.8523736949780881,0.7998881529493105,2,0.8812833139434231,100.0
3,16,82055,3769,31,0.9584538831772911,0.9158472358121856,4,0.6682654710578416,100.0
3,18,117642,8949,28,0.8146811128754474,0.8403183527453064,5,0.7436984727828553,100.0
3,5,82160,8665,24,0.8046864297904952,0.9486743903468604,0,0.9178749430070615,100.0
4,3,122301,8955,39,0.4020786454585188,0.9901674328800092,2,0.8185193619329072,100.0
5,6,57884,5946,44,0.6847669172050339,0.8214548134220587,4,0.7287455122667146,100.0
2,18,106946,8784,38,0.5201611637070538,0.9075463105812338,3,0.5819666213916155,100.0
2,16,131158,2215,53,0.5944488755014044,0.7716120522597293,0,0.9696323977552226,100.0
3,15,115196,4124,30,0.9872893803978049,0.41965645384578837,4,0.6662387382706549,100.0
3,14,43318,4037,34,0.451301174695706,0.42719169842559945,5,0.5505807618134042,100.0
1,7,74042,4826,27,0.8334918822722756,0.3771816194206842,1,0.7820733735815587,100.0
5,18,83951,7198,32,0.503766905122524,0.9600823039954665,3,0.7031398956057285,100.0
4,7,115248,2818,42,0.404440803697689,0.770926188487566,3,0.7952555802186527,100.0
2,17,56709,3613,47,0.7008512253087402,0.8529368253258671,1,0.6167649811838161,100.0
1,15,64526,3923,31,0.4967291792558159,0.5318101357770549,4,0.6893644325468602,100.0
1,19,49871,1429,33,0.9792797535889463,0.6222951970537305,4,0.986254186858189,100.0
2,18,69354,2177,52,0.5222180422655777,0.32784567228568495,5,0.9682681045186653,100.0
4,9,58709,2154,28,0.5152211644209207,0.9223051803045681,3,0.93219087190753,100.0
1,16,129947,2177,27,0.4193001547965029,0.8971024005881256,4,0.8895604312045287,100.0
1,12,73815,9762,37,0.5978917832073468,0.8493679344050058,1,0.5782798874340018,100.0
5,12,107273,9378,42,0.4144670049573995,0.34081144737683405,4,0.733465294971552,100.0
4,6,90449,9470,54,0.6993319811458762,0.4219748149042036,3,0.8639513929388325,100.0
1,9,90099,5901,40,0.7033663856964453,0.533919460428123,4,0.6308837829239899,100.0
4,1,75213,6546,28,0.4319459722383916,0.48414387273917014,0,0.5165371065785695,99.10207943885733
2,3,109250,1176,42,0.5440373661924498,0.8869218869717479,1,0.7090494496621051,100.0
3,5,93858,3585,47,0.8992638910866111,0.43638503074043394,1,0.7125706982040101,100.0
1,17,92418,2851,54,0.6775268637552199,0.6724871257372822,2,0.5325501287111467,100.0
5,5,75164,1880,41,0.6607660249514631,0.6999667684735185,4,0.6603077895697471,100.0
2,16,79255,2896,35,0.819266168417079,0.5975082930137761,5,0.9586500298937287,100.0
4,13,104722,169,25,0.8289291660935634,0.46848155221132143,1,0.6251484035188076,100.0
2,10,95751,7253,37,0.8571775604774119,0.9722060036167921,4,0.7845799086256506,100.0
1,18,93086,3773,28,0.8982893950517166,0.5893794695883157,0,0.7439409901483574,100.0
4,1,71148,1065,39,0.5393503878414216,0.8091169968756653,3,0.9310628905621567,100.0
3,2,138602,343,25,0.43982836436761064,0.4288325413593602,3,0.8267751218739332,100.0
2,10,78007,3606,43,0.6281589271679926,0.8759678179753598,2,0.5792147474026034,100.0
1,5,89243,7617,39,0.9130587463738914,0.45112427626356666,2,0.5714343634217786,100.0
5,13,85324,9093,34,0.44681719857134083,0.7727146365011183,5,0.7787436137631611,100.0
4,18,138867,1372,30,0.7455722792817701,0.6545472010307652,1,0.523233181177898,100.0
2,15,82729,935,51,0.820649769484836,0.4025899986869985,5,0.6967654729947171,100.0
2,20,80441,5529,33,0.6888443279693783,0.31746443730925406,1,0.6995055395757496,100.0
3,6,92957,2453,42,0.5531052661639648,0.951523785767264,1,0.5981665606048353,100.0
3,7,72661,3990,30,0.5957856890940177,0.38798335949517787,0,0.6505061046684782,100.0
5,18,92789,7270,51,0.44299125879015167,0.7934660000808403,2,0.6649741207004819,100.0
5,19,149290,1429,33,0.5755501284032081,0.7568794712628888,2,0.5058792995763983,100.0
1,15,97492,69,50,0.4266268045367646,0.5392040297139685,3,0.9029457017804776,100.0
1,6,96581,2534,54,0.8357949988803812,0.42976802968830996,2,0.9787231246073418,100.0
5,8,72052,3807,24,0.9387971671070118,0.42482977461879035,2,0.6446332620844992,100.0
5,12,132730,1588,24,0.7801078770721558,0.7097294971351673,0,0.5559927788262662,100.0
4,0,138475,7211,26,0.794021933759912,0.6828449062368318,5,0.9767760715925016,100.0
3,7,111317,717,48,0.6832854022842317,0.9131545142451625,1,0.8702755105794764,100.0
1,3,106345,8175,50,0.49362186952306486,0.7480021548883553,5,0.9455712141237148,100.0
3,2,84130,5287,47,0.4046350847520218,0.8734924832563673,0,0.6804380756874643,100.0
3,2,99783,1790,25,0.6063855985663427,0.3226891437168261,4,0.7420311378812526,100.0
5,12,69121,2423,35,0.8508931344225736,0.7696952029200166,3,0.9651198530426128,100.0
4,7,61847,7760,39,0.976258947589349,0.46359604690073464,3,0.7297762235543732,100.0
2,6,52816,2171,50,0.6586509554451394,0.4769872719759971,3,0.8360476469546232,98.73515875699789
4,0,100266,8810,52,0.6192346074001198,0.8044035703625387,5,0.852399397404922,100.0
4,15,55540,318,49,0.6675751037988287,0.8554030711774585,1,0.9185569212803286,100.0
3,5,77509,5449,26,0.656664937482516,0.5602148325969869,1,0.9875894955556672,100.0
4,6,88469,4317,46,0.775527899799187,0.8530537718078144,1,0.6674496665499754,100.0
1,11,114882,2374,47,0.840488438258856,0.6106212727466489,3,0.6237254246618117,100.0
3,8,75544,194,48,0.8709748139527481,0.9003517438592665,3,0.53885297459271,100.0
1,10,117831,5334,25,0.7897628856608487,0.31743264052501485,5,0.9282687617682948,100.0
2,9,113478,5493,36,0.6626343752724148,0.35844654957039546,5,0.6463399359503146,100.0
3,20,63217,255,38,0.9700622533309231,0.8434462650873771,3,0.5248063976738545,100.0
2,0,118070,8440,33,0.8266118178227597,0.7368627394812326,4,0.9326352364095734,100.0
3,17,82910,8193,45,0.6559948245077065,0.6913141775448628,4,0.7549547139212204,100.0
5,3,77526,5934,30,0.6679490662573027,0.7297851651370013,5,0.9191566022748239,100.0
4,4,83016,529,49,0.8907885099574093,0.9511334391955055,3,0.77724097988279,100.0
5,8,89912,3917,30,0.6643245326334626,0.7588759220066463,1,0.6568648743823335,100.0
2,16,79623,286,26,0.7097641736674547,0.7532332816618852,1,0.5648907958609124,100.0
4,2,69007,5111,36,0.5749313751517744,0.8316296157943595,4,0.7185807563852239,100.0
3,15,71218,8807,45,0.9033489003311791,0.9066344939478788,4,0.5132745212967404,100.0
4,4,93473,4583,24,0.713371288181992,0.4833387347668484,3,0.8012297214213482,100.0
1,15,85988,4613,54,0.7315215630336567,0.7317242014633127,3,0.7138323183564902,100.0
4,2,103182,4063,39,0.9284052416280393,0.7087824744867326,1,0.5707618170707685,100.0
1,19,91309,6822,53,0.9523103607083258,0.39439463704883976,5,0.7651172454064268,100.0
4,14,91925,6083,24,0.8945162779999121,0.6642218817374983,2,0.900455348580411,100.0
1,2,104820,151,54,0.4392222477863851,0.34868536031832575,5,0.9874001430901158,100.0
2,19,125472,1727,32,0.6661054610680688,0.42947171118163774,1,0.7636792490420741,100.0
5,13,126475,7323,51,0.6059985634914553,0.9390741573427261,5,0.5647754805216201,100.0
3,15,123510,5724,36,0.5281088687974712,0.3834702270796404,1,0.9053530928722512,100.0
4,16,111761,409,22,0.9453723255074715,0.7052414098927562,3,0.8478942944909853,100.0
5,19,142135,4773,22,0.9340413749887023,0.5264364871951515,2,0.9769856237771708,100.0
3,17,100945,9724,26,0.6791787299699503,0.6887193035086288,2,0.7676064988919983,100.0
3,17,98138,9536,43,0.4807365104037181,0.46448147971668213,3,0.678551957559174,100.0
1,13,146098,6265,36,0.40801937219907247,0.6110656182743621,0,0.9814200602316292,100.0
2,17,30000,248,39,0.6630802483388913,0.9071334032037823,3,0.7692222907181034,100.0
2,14,84652,3225,44,0.4239730891441259,0.5633518844735494,4,0.5079528381541167,100.0
5,14,121312,7551,47,0.7657335651518561,0.5471216566006549,5,0.7368345063418504,100.0
2,5,114506,3657,27,0.7650453225280414,0.6122826554887657,2,0.5011890154661933,100.0
4,14,154141,5418,50,0.939363668750469,0.3703449909710207,3,0.8688539066614791,100.0
2,17,92687,9818,34,0.514029476973614,0.5711429172116385,1,0.7829725567793366,100.0
5,3,79229,6350,35,0.6228365454481264,0.3048301754397159,1,0.5549005559951985,100.0
2,7,81697,2439,32,0.9157272332705673,0.6523780016042662,5,0.9065056536234828,100.0
4,14,97951,3662,49,0.6845779014940689,0.8935587554060005,1,0.7682186186071231,100.0
1,2,130541,9923,43,0.43583397338316654,0.6864511727633422,3,0.5570301888414154,100.0
5,14,130853,6317,33,0.46647034695731715,0.7254076247442136,0,0.5800054376294144,100.0
1,12,88599,9474,29,0.8880727429470707,0.32139435988183646,4,0.9110519259354224,100.0
1,8,96325,5150,44,0.8462184580171077,0.9016604860812525,1,0.6777434377325919,100.0
1,1,74709,2888,50,0.9255289103000751,0.569502486960181,3,0.9105480379244115,98.07621511964298
3,7,77319,1545,21,0.4713166995454863,0.9823968764246946,0,0.5347516789688962,100.0
3,19,116156,8737,30,0.8562500462779165,0.38432575867118196,2,0.6219295311470521,100.0
1,16,130055,6264,35,0.7930626189749135,0.9612703193496663,2,0.882291297862632,100.0
5,12,72567,958,29,0.5393759446846257,0.744003634435426,5,0.8208510604600165,100.0
4,0,96073,3951,33,0.9843426313333666,0.3366382102034159,4,0.653412259496627,100.0
4,1,83923,9223,43,0.7422128914907387,0.9801893544857119,3,0.9680132184498216,100.0
2,14,111596,6613,53,0.9441267852382812,0.3097111477016849,3,0.6055331177249419,100.0
5,11,80287,8635,29,0.9154558805241918,0.8114901180836938,1,0.924889784713815,100.0
3,13,41838,1413,23,0.599875276313567,0.9226709638716661,0,0.8478719357808537,100.0
1,1,115092,7829,50,0.721574117192088,0.4230680879611102,4,0.560558537730801,100.0
2,17,82412,3521,29,0.6588209796428031,0.5403500334884659,0,0.7775578137952504,100.0
4,6,85013,2945,45,0.8254465421560454,0.6928605383772022,4,0.9649537903659782,100.0
3,5,100889,4888,44,0.7528252027260567,0.7758665000914741,3,0.8094480244459754,100.0
3,13,98820,7516,52,0.8709121198223447,0.9103131074562159,3,0.7644036991872125,100.0
1,7,101403,7601,27,0.40705135575879076,0.8327493296148141,4,0.6831615953430707,100.0
4,1,49256,5070,45,0.8126759568487351,0.5543318006732564,0,0.8943940703451077,99.24422879424509
5,16,103907,3343,40,0.591439093131793,0.8752038682506678,5,0.9565296069418209,100.0
3,4,42273,1612,37,0.5345332839336507,0.9762537047609092,2,0.8766583940715776,100.0
1,13,109239,8430,46,0.8807448198152034,0.4588903268691452,2,0.8626246797719656,100.0
5,19,117959,2206,39,0.4535327267129112,0.35186691541810056,1,0.5962451845491419,100.0
4,20,55786,120,23,0.5370760270594848,0.5986338123593271,1,0.9169931709655278,100.0
3,20,98210,9446,48,0.5222406046598669,0.9169779727702856,5,0.5203479275505327,100.0
5,2,116429,6033,42,0.6518952670358211,0.4052040534154363,0,0.8786807382679848,100.0
5,4,78774,4169,39,0.5934020707343566,0.9200587315174069,5,0.6054350172241106,100.0
5,15,106840,3877,36,0.8322809902658022,0.9945491166153166,3,0.7436306349922446,100.0
3,17,30000,9579,26,0.8196219283608859,0.33780156161820946,0,0.847616973515714,100.0
3,16,117454,7651,51,0.5952825346636235,0.6466794616988387,4,0.8795392065360088,100.0
2,10,90749,5014,54,0.6621884656874771,0.5302198462992751,2,0.9440419705970713,100.0
4,16,83554,9973,51,0.5247449105078638,0.5755758984519177,1,0.6412960721474292,100.0
1,15,114601,8214,31,0.8025009402977623,0.616144326642416,0,0.6121601215142866,100.0
5,1,133232,7087,26,0.6377336440795454,0.8177927695158329,0,0.9981231036874072,100.0
2,3,102142,3271,47,0.4796956626653292,0.7139097922198234,4,0.6037790843912443,100.0
1,20,130217,672,27,0.4763592951469068,0.972840761751746,3,0.8327403733631767,100.0
2,6,51167,8895,52,0.5933924070527054,0.5329352194676737,3,0.9763723457077701,100.0
3,1,106648,3400,28,0.8483950171817174,0.6790528577379199,2,0.9482779934898928,100.0
5,5,86699,9383,53,0.41530260167890026,0.8693299716535878,5,0.7216317187136259,100.0
1,16,70294,3028,35,0.5546648159097293,0.5611198918955761,5,0.8187908355569022,100.0
1,6,41782,9706,47,0.4974916953332544,0.6257094404276367,1,0.7645481415218147,98.24201776938318
1,4,105294,1912,50,0.9738866927833689,0.7794821868796586,3,0.6733277915585237,100.0
1,4,111882,4181,42,0.8231689623826158,0.9025209530230145,3,0.5722110505290265,100.0
1,19,123550,338,49,0.5399396104713677,0.5909770292966801,3,0.9016971153381388,100.0
2,15,119412,9641,50,0.5244763512617168,0.672365330502718,5,0.5452208438645348,100.0
5,18,70707,6305,22,0.914818327232366,0.9825855997035873,0,0.8048136906782208,100.0
3,8,122267,3856,35,0.5141360178498479,0.3297284133629028,3,0.7971845862553281,100.0
3,4,124908,234,47,0.9982355201183362,0.6137601016616812,5,0.6674121692827415,100.0
3,7,83500,2530,27,0.5693818720068398,0.7451872957904403,4,0.5677042787491124,100.0
3,8,90710,8074,47,0.450599628921721,0.3058992202934876,5,0.8998185636652949,100.0
2,4,66646,3724,41,0.814565136410115,0.7177505510964901,2,0.7309622060586609,100.0
4,9,127022,2417,33,0.7657856755505043,0.3393399682641063,3,0.8626364457389764,100.0
5,1,52205,6693,37,0.9998932992168741,0.9002908776537284,1,0.5082429010266678,100.0
1,8,103374,820,31,0.8812514466231851,0.8649602668559961,0,0.5372515821385115,100.0
4,10,75079,6762,30,0.6573019198799435,0.3225785957590174,4,0.58792384226381,100.0
3,3,62303,3127,53,0.8059668688978502,0.3341628171901633,5,0.5569190419441563,100.0
4,1,43131,4783,34,0.8907096721620112,0.8275297520931215,2,0.5958533854808689,100.0
5,5,84614,3300,28,0.7082359152659771,0.5586814248048173,0,0.8432440341280754,100.0
1,13,58385,2261,53,0.563722870441127,0.7025180515568273,4,0.523498536256094,100.0
1,0,91410,4671,27,0.5260633853718217,0.48922978883576873,0,0.5189328060535252,88.72961542620656
5,17,134233,4616,54,0.5771688619681686,0.42107821327286976,2,0.5158260512417774,100.0
5,6,94987,9125,27,0.9088412690018831,0.507253982283293,2,0.8488245623037656,100.0
3,0,139932,6431,27,0.6282594234932412,0.47269959015679164,3,0.7680677361975947,100.0
1,0,65443,3062,27,0.5719984951397905,0.613815206767534,1,0.685121205834444,89.15414889603737
4,0,57976,8217,40,0.8835323366770487,0.8226733157013804,3,0.8378039540547656,100.0
2,3,64324,4461,38,0.4191522050647261,0.6878905855488696,5,0.7768021361240751,100.0
2,3,88372,4935,34,0.7563749625582052,0.7264248155578029,0,0.5036674202880315,100.0
5,17,158073,2656,34,0.924179081911763,0.629055017520659,3,0.9192748724810242,100.0
3,10,48447,9303,41,0.6460502494333644,0.5273135481419713,2,0.6750921915957027,100.0
2,0,105491,9292,47,0.5615908968155707,0.40045617775234155,2,0.6997806316144926,100.0
1,9,72500,2916,46,0.6950254416615738,0.5481958213798006,2,0.8911449774800606,100.0
5,8,84404,1756,47,0.8304863006152476,0.7656390313497055,3,0.5935454078648014,100.0
4,3,58549,4319,44,0.7099633378211196,0.8136441960466743,5,0.5050359277222787,100.0
5,5,111978,9922,25,0.4045833967754639,0.6284270807357495,5,0.9544191723649527,100.0
4,15,88901,458,48,0.4469947336648096,0.7514980922081319,4,0.7527391277709363,100.0
5,1,117186,3022,52,0.8327970538538207,0.4473787573189766,3,0.6747635650498569,100.0
5,17,94381,1578,44,0.6399708009252991,0.9020464245067694,3,0.9095227898097703,100.0
5,9,41709,3501,26,0.870865498762141,0.9061555154734973,3,0.5131474565976153,100.0
4,16,117413,7320,30,0.7896939484635455,0.5242295490907677,3,0.6011454105693411,100.0
4,12,39674,6893,23,0.7489095005931272,0.683398567506449,2,0.5776440312374431,100.0
5,17,43252,5994,27,0.9408251010270468,0.7246634198906534,1,0.868915342128035,100.0
2,12,67069,9249,49,0.41279324408842766,0.6307010271492479,3,0.6560433753414832,100.0
3,16,67403,7098,54,0.49302061683868104,0.937799507490451,3,0.8864533727697608,100.0
3,4,124900,4778,27,0.7746255732951854,0.8178018627552275,1,0.5207382219687975,100.0
3,10,85721,1074,37,0.4394968279300573,0.7707573448261128,3,0.8040577889000793,100.0
4,6,121184,3831,33,0.7869822910364148,0.664065255074995,1,0.6591103621867791,100.0
4,9,75802,8769,41,0.9904726462151606,0.3593931309571196,2,0.593459967629153,100.0
2,16,97941,1446,51,0.9272848593967203,0.3754749643340676,4,0.9083824962088793,100.0
3,14,101851,6107,29,0.7545501544152571,0.5093062035708135,3,0.7061250617982835,100.0
3,17,107401,2493,33,0.9363860045835773,0.44806558785823936,4,0.7858147986050548,100.0
5,18,78376,7729,37,0.46976089075975913,0.9667716803355959,3,0.5165419218897711,100.0
4,1,80553,4810,28,0.6728164989553385,0.5868687630562124,0,0.8958122586392151,100.0
3,3,82546,6392,29,0.6572056694872455,0.9136238070611262,5,0.6434412727693632,100.0
2,2,48689,4839,29,0.6018685521957946,0.872655778566362,0,0.8467030688857675,87.09893185560061
2,6,87902,6163,50,0.40012083888058625,0.8687991909159665,2,0.8802372923930473,100.0
3,17,80407,2804,27,0.9346174111667513,0.45099526760279607,4,0.5585581287364216,100.0
4,9,104501,7622,37,0.866623966091677,0.6131252691005707,4,0.647950281987282,100.0
2,6,92282,1107,25,0.7917145093598732,0.5225663941529977,1,0.8617200409948229,100.0
5,7,123409,1648,37,0.47738010631098043,0.9792877026872437,1,0.6160887737222371,100.0
2,5,91752,9860,21,0.6269230802149025,0.9137210109069689,3,0.9240869760272736,100.0
1,0,75944,9327,36,0.9545961984206988,0.4749465626811651,1,0.655986765441575,93.2255094381692
1,3,91442,8465,37,0.770157763041728,0.519464252567113,1,0.7011651037832896,97.6046054047487
4,13,108104,170,50,0.762046321915615,0.6702364663044771,4,0.5498716736144045,100.0
3,16,45669,9458,51,0.9478759448542208,0.4950240495919679,0,0.5738375593046887,100.0
4,19,72118,5916,28,0.7359002349397826,0.8771709766108378,4,0.6377108141207823,100.0
4,17,72645,8512,50,0.7585739491341876,0.8734618945333679,1,0.5244544141247254,100.0
4,10,100274,8428,41,0.6074294166857304,0.8070383064804858,3,0.5965161398730823,100.0
4,20,103182,8474,35,0.6228645575394229,0.7825171433292302,0,0.7044715133330672,100.0
5,13,92530,7091,54,0.8113641174484916,0.683111055246459,1,0.6899811234336245,100.0
5,8,30000,4422,47,0.5922611299787872,0.5429785799758221,1,0.5993471899134957,100.0
2,14,48702,3167,22,0.73546475235271,0.8858569169412696,5,0.5402253419267256,100.0
1,11,84026,2348,30,0.5675180146939478,0.9011825198762407,3,0.6590739174170288,100.0
4,9,77463,5598,25,0.4996751427726672,0.33465662820491715,3,0.8726733037996586,100.0
2,18,90134,1611,47,0.6726414753632208,0.5790335897468555,1,0.7550497860881102,100.0
1,18,78265,5898,24,0.5304676074484643,0.31863930631515713,1,0.973401987109964,100.0
3,5,128291,3728,33,0.9390965830489245,0.8876341762897442,4,0.5699431638718546,100.0
5,19,32651,5556,37,0.5821677794962198,0.42396527256542926,2,0.6036589723268584,100.0
1,5,97565,1935,41,0.7584412573235927,0.7717067353715729,3,0.6401497668194984,100.0
3,7,110700,8768,43,0.5580651043271223,0.550163072386059,3,0.5065009499065206,100.0
1,0,107538,2925,53,0.5548115576348599,0.8712458172625155,5,0.9716902392284406,100.0
5,16,109681,6908,35,0.6103816488870447,0.6567808301776351,4,0.722681915721484,100.0
5,16,113277,8453,34,0.9495247403925694,0.5270813471160898,0,0.7408247386155781,100.0
2,14,74900,5662,29,0.6348986429711599,0.5267094670755182,5,0.5789287132492942,100.0
4,6,62462,3511,50,0.8927598816544866,0.5288490696951045,5,0.9363488450537831,100.0
1,18,39132,7284,49,0.5183788447230597,0.8520054518435121,0,0.8463161183215344,100.0
1,2,80934,1612,43,0.42890172588185865,0.7977809191786714,0,0.7156804937619551,92.7985244763689
3,10,70561,7369,54,0.8690067527808649,0.5234498751425731,3,0.9389857483230472,100.0
5,19,119040,523,27,0.7251249384742608,0.643145662260522,2,0.9527288691321578,100.0
1,18,82811,8643,29,0.7022354878161529,0.35330736987052774,2,0.5247402705190294,100.0
5,8,64239,8202,24,0.5633235095496482,0.8792501878515961,4,0.5596622948564389,100.0
1,9,60286,6511,22,0.4433902089156111,0.4861683666106221,0,0.5138141496781508,99.56842056513548
2,1,139720,912,47,0.6897160217997076,0.9224575992870878,0,0.790865123549132,100.0
4,0,89447,5729,53,0.920335815279623,0.7177576851090481,1,0.608971930088118,100.0
1,15,70462,9422,52,0.47201320822209153,0.6974741135512297,4,0.9224640417664962,100.0
5,17,93101,8158,47,0.9575025276083033,0.4139031196199551,5,0.7329569302587942,100.0
2,16,137422,2331,48,0.5648374481449688,0.3486747517130115,5,0.9188548731970636,100.0
1,5,80257,865,23,0.7193117756971974,0.6868316066872787,4,0.7778026117310981,100.0
3,13,107175,1027,28,0.4399050372799491,0.6275923862786568,3,0.8980838985908399,100.0
4,14,119661,5289,42,0.6550279562815875,0.3837781235040838,3,0.6859275040986188,100.0
1,13,42714,7722,34,0.4755387318442981,0.8849114057627305,4,0.9726969202732196,100.0
2,2,74039,4690,35,0.4287842716463245,0.5920680834230005,2,0.8335793612312556,96.20908781685553
3,18,116527,7082,24,0.9799346160565898,0.48232046027362085,4,0.7977452721989696,100.0
2,11,72517,6634,38,0.8380567212784795,0.8517904652024717,2,0.6761783419120957,100.0
2,1,100365,205,21,0.8314346326081965,0.9391449097438558,3,0.9685919894522383,100.0
3,2,71037,4704,32,0.45432981369025127,0.5141738922323281,4,0.6688672001138386,100.0
2,17,78861,9534,37,0.9576103146926451,0.843164919781153,2,0.917929717613053,100.0
3,0,75815,4661,39,0.6816811090059314,0.7567637599059593,1,0.7021541079641695,100.0
1,19,105916,7001,27,0.9113704408344586,0.9928094486278642,1,0.8835920007507975,100.0
3,20,95039,9719,29,0.40756066066826246,0.44279489518785925,4,0.9559389577903665,100.0
3,5,92471,2707,28,0.5789238888025041,0.972475296154518,0,0.7328035584803742,100.0
4,4,152687,1067,45,0.9976282732758793,0.5206904396969227,4,0.7630676061200492,100.0
3,0,133492,5217,27,0.6567028256172396,0.5883680086496805,3,0.6651714529663928,100.0
3,18,40468,2802,28,0.9330961233186128,0.5511780699018743,3,0.5273478363875876,100.0
1,0,78914,430,44,0.5967990090226238,0.4879154879618631,1,0.8262405989908601,90.1927966385359
4,20,150661,2824,37,0.7151974793609238,0.7852558070012055,2,0.5598212622695278,100.0
5,20,75635,2850,32,0.9125314395555764,0.7124017245080911,1,0.6770294643478219,100.0
1,15,142193,1041,51,0.7634923361223612,0.5139843619844675,2,0.6747469549282048,100.0
1,11,79341,7649,32,0.8351154055868271,0.39254871956279336,4,0.5755019097372873,100.0
5,7,84150,1501,22,0.5372999225317385,0.5221629464132447,0,0.8333551579571024,100.0
3,15,111589,4985,32,0.4935342624730837,0.5668619181786949,3,0.5872996654093461,100.0
2,0,87744,4957,47,0.5381838660457936,0.566457410184749,4,0.8891681745898723,99.08730780333545
4,3,102365,519,27,0.695829187772234,0.5500816736338132,1,0.6246395357502759,100.0
2,9,129373,1869,33,0.880578858860691,0.3341057543561958,5,0.6436437430145573,100.0
5,10,108970,5071,21,0.6123963102857598,0.6248231755310618,5,0.6718641510266654,100.0
1,16,93538,1868,50,0.7388894691951826,0.8853456680717149,4,0.5763762804426278,100.0
1,6,131838,9115,51,0.8828874765869428,0.4262564043009629,0,0.7171322433118589,100.0
4,11,111917,5617,37,0.5432658796555851,0.4019601403992169,2,0.5401625621116148,100.0
1,20,71661,2075,28,0.9297854409518856,0.6302957386713678,0,0.7135580423490898,100.0
1,6,139501,2976,23,0.97184938733343,0.559422108505008,1,0.6699560662170297,100.0
4,11,106059,6783,30,0.423382081479593,0.6928964484994855,0,0.6691327236050487,100.0
4,14,84658,7902,54,0.43546666605087236,0.9629520167640924,3,0.8303371259226617,100.0
5,1,39479,9798,42,0.45457583124773016,0.8326203752329633,5,0.8845114372391256,100.0
1,13,55560,4452,24,0.8660610451057869,0.7809407072269084,0,0.6779992611276302,100.0
1,12,132503,9257,52,0.5136021671073866,0.591155861075575,4,0.6310073460299916,100.0
5,3,133491,9225,49,0.8354175918795442,0.5011518854671444,2,0.7471747173615052,100.0
3,13,92132,3214,31,0.6647656419231318,0.6781848723071165,3,0.8938595377373333,100.0
3,13,45743,585,33,0.9017530056228416,0.9198104693628977,3,0.8222864756600293,100.0
3,15,62825,208,24,0.8851332476825567,0.9137197573579601,3,0.5190006738878122,100.0
5,6,49405,7433,22,0.9757975368294682,0.611860464124452,1,0.7399647618726051,100.0
1,18,48497,1375,54,0.5506227102858466,0.47235424726557557,1,0.9954825318212714,100.0
5,1,140670,7844,42,0.5375434976632193,0.45774111517561294,4,0.6765637638404411,100.0
5,9,141497,2008,25,0.4189047851731596,0.3237918917315628,2,0.7203584006972639,100.0
3,17,61978,5360,29,0.6462496572559173,0.8898649724071626,0,0.6437033657093689,100.0
2,16,89781,6454,40,0.6754379012532503,0.48538662368330154,4,0.7488473447959136,100.0
1,4,57880,1026,41,0.9787083000576628,0.5512993987043167,1,0.5804606612845218,95.84955974676575
3,11,89619,3628,37,0.8984711765031839,0.8664512986538451,4,0.6235068199778804,100.0
2,5,130982,35,32,0.5000750308299542,0.3840168362410373,2,0.8558681541993873,100.0
2,8,116967,9760,48,0.8790936175649204,0.6228638551700096,4,0.5691433968432017,100.0
4,19,110216,3734,38,0.5069795685014535,0.38563896594493297,5,0.9630718818204804,100.0
1,0,85145,3468,23,0.44665904191466627,0.6092939986579271,5,0.6539802042489768,96.18374828640611
2,14,121549,6603,25,0.9022496508740419,0.33299770154011293,3,0.78751254845932,100.0
3,20,106166,8672,34,0.9855757491141569,0.6623359782094185,0,0.660915338783254,100.0
4,5,100097,7290,46,0.4528711267166825,0.8569968033499722,1,0.7390153878874042,100.0
1,18,87114,8079,39,0.8883549257310892,0.7734076723538053,1,0.9519006640240013,100.0
5,17,97959,4756,37,0.9155275891859005,0.6564183067041803,5,0.5342886409235621,100.0
3,5,97206,7599,24,0.47125335055986534,0.8801310985044086,2,0.928171313353704,100.0
2,12,76464,9087,44,0.5699520830631677,0.4594515824714351,2,0.778786843377544,100.0
2,0,70627,6988,33,0.840196383407839,0.8815573994889951,2,0.8325356293436859,100.0
3,12,65077,9077,53,0.884638167749517,0.4934544357117232,1,0.5279435333968325,100.0
2,6,66678,9143,35,0.6123844732297992,0.5537404388405333,3,0.8806995586592199,100.0
4,14,85297,3051,35,0.49595763980771257,0.3899011411623447,0,0.5638892073552433,100.0
1,11,81182,7775,51,0.7890066856055428,0.3712283294535532,2,0.9824105898950305,100.0
4,0,74481,5414,48,0.8211811619460869,0.9524780631499059,1,0.8996436381233228,100.0
2,14,72630,581,30,0.7021647123370167,0.4329847730294841,3,0.7464339894192076,100.0
5,3,97297,8806,27,0.48696464058400935,0.5333073085433633,2,0.9620834786150432,100.0
1,12,124440,4990,53,0.9066920465935673,0.6704061892649532,2,0.5845366410823607,100.0
1,4,89727,8583,27,0.78715957543991,0.54350699282219,0,0.9958319819391884,100.0
3,1,88091,1246,25,0.9214985492985012,0.9090932983651452,5,0.8584095225053732,100.0
3,0,66627,2390,46,0.9597814446940496,0.9305003344127407,0,0.5491889568096213,100.0
5,15,84423,7187,36,0.8834187132628413,0.5281933201754644,4,0.7682957520690843,100.0
1,5,119758,1527,28,0.9751944487098009,0.36441938731669943,5,0.8554381842311992,100.0
5,15,115936,1543,42,0.9725546474475183,0.4471107638050239,5,0.8065111308391265,100.0
3,13,114199,5897,54,0.7716067332342016,0.6320750445145447,5,0.7119746994712401,100.0
3,2,113396,7869,48,0.8369044611373033,0.5019367295636095,2,0.6240714279812773,100.0
1,14,100918,3499,27,0.8196451211841211,0.6174305662720814,4,0.6191147466887958,100.0
4,2,100030,4652,48,0.772681717013294,0.8310924498046108,1,0.9634751857311252,100.0
2,1,96118,9072,22,0.4116131054985114,0.594446903642982,0,0.6173703753415027,98.36054235101253
3,0,79577,2160,29,0.6135440092513818,0.437898219345557,5,0.9812025170266134,100.0
3,8,92092,5329,26,0.4600469882268882,0.5505773484094526,5,0.6051129423212699,100.0
4,8,95389,3776,21,0.5801554660793066,0.8200868527039731,3,0.692141889361481,100.0
4,6,105829,4970,23,0.4411388841556585,0.5968434841496445,2,0.506161713208346,100.0
5,2,92506,6071,30,0.9520188979907991,0.474676497079727,2,0.9515719696984221,100.0
5,17,142629,5867,43,0.6707979493935716,0.5991881474451323,4,0.552175837666007,100.0
2,10,59754,4497,53,0.5136186686052313,0.6183646813778618,0,0.6786646297110354,100.0
2,6,108861,7760,29,0.7508675386383712,0.5074640433439337,5,0.9212591071626315,100.0
1,8,88968,9814,33,0.517870560023572,0.9969795624351272,5,0.895948969373976,100.0
5,0,90053,1087,48,0.8826641930742558,0.8373382132220601,4,0.9207505100356295,100.0
3,13,69685,1310,27,0.5835514658441506,0.7847184908678652,2,0.9570537953874765,100.0
5,19,115483,6659,46,0.5889403797189585,0.8984068891991008,0,0.9555353943248497,100.0
3,5,106321,7191,36,0.9219705663498515,0.7664934370358122,2,0.8852495822269546,100.0
4,6,110840,8148,46,0.7355217307901409,0.8536862401385785,0,0.7912118322150601,100.0
5,9,94231,2539,52,0.932381263453306,0.5887679511631061,2,0.7807746333190557,100.0
4,6,81877,3270,21,0.6477328179192149,0.6502602389365294,3,0.5064597673166464,100.0
2,1,88335,373,41,0.6063566179312467,0.33289746831199457,5,0.8612851340298481,100.0
2,3,100836,855,33,0.7037217983596649,0.496452473986171,4,0.6133383576196676,100.0
1,20,39860,3042,46,0.43689500272174575,0.5576086864633212,0,0.914348709446698,100.0
5,16,111823,1337,29,0.49252046272559274,0.7378291577935308,4,0.7769020425796107,100.0
4,0,150654,8593,43,0.5317129814357904,0.6249478993557324,0,0.9936239399493911,100.0
3,9,102008,3265,21,0.8900063696118772,0.7254867836963095,0,0.6051367420521763,100.0
2,18,82976,5146,22,0.8402792541464565,0.7993291341597172,5,0.8617326806134344,100.0
2,14,85969,7118,48,0.5159843672703661,0.32990306736736935,0,0.7737668842546603,100.0
3,9,107688,3247,51,0.5660485386241155,0.48079442290253016,2,0.9659034222966935,100.0
4,18,83542,9507,25,0.9665571180802766,0.41963271078131265,1,0.6329968541059556,100.0
4,11,111716,5678,45,0.4514817773356145,0.4312185834196799,2,0.5297187987902267,100.0
5,15,85646,6322,28,0.7284730588888362,0.652187776942394,1,0.7719328166513548,100.0
5,8,132854,8966,54,0.7132041952086994,0.8179851435499477,5,0.7608065105204458,100.0
1,14,132164,5475,52,0.8354246902946135,0.4909439237477641,5,0.6558536099969798,100.0
2,16,81745,508,31,0.5568612258121015,0.8771144666949986,2,0.9932688988418541,100.0
5,13,87974,6072,45,0.9608635904787429,0.9247195620460016,1,0.5348557120770627,100.0
4,17,89440,2954,23,0.646349728977217,0.5453737104142466,5,0.7847600489750255,100.0
3,1,89775,7962,52,0.5714317643405229,0.7769495772679575,0,0.6301084559353716,100.0
4,3,66314,5866,52,0.6021216501075188,0.38193450585957567,0,0.5009560058284783,100.0
2,17,62818,7848,54,0.6092334092801713,0.8208197998400752,1,0.9939245687424855,100.0
4,6,121243,6087,25,0.519357048199168,0.4155167128336331,1,0.7408064183545173,100.0
1,12,117244,145,48,0.9568323518846564,0.7811910626397145,4,0.9285952467480905,100.0
2,14,116813,9302,48,0.5049251107656005,0.5953300024221291,0,0.9200336198255676,100.0
3,0,88265,4043,28,0.9296995806036216,0.9499194251329786,2,0.9061391833320847,100.0
1,10,137300,6710,47,0.6429575319642564,0.625122407282678,4,0.7295086263740638,100.0
2,9,89438,4123,36,0.561565890106451,0.32163197222731627,1,0.9479631589275113,100.0
3,4,111571,6556,38,0.5191053717031968,0.6364683253721278,5,0.6836361145257552,100.0
1,15,55284,8406,45,0.702605397944962,0.856849120701995,2,0.7041934591338518,100.0
1,10,84256,4604,21,0.8015551257937399,0.7529590316207949,3,0.6278525979253837,100.0
2,20,86104,571,28,0.9389326182762888,0.9764206376302718,3,0.7240425379512905,100.0
5,5,88362,5410,41,0.7914679502260806,0.890290743045322,5,0.993250101405705,100.0
1,8,56862,7343,54,0.690197494163662,0.668586164028294,3,0.7866203311267969,100.0
1,12,107597,3324,44,0.4200856387469357,0.44456439592377867,5,0.9155488747597826,100.0
3,7,115715,3970,46,0.9492561434053718,0.30264224087548613,2,0.6316714587726228,100.0
4,13,71403,2221,34,0.9414215457894638,0.9863516779009578,5,0.9779603459297614,100.0
2,0,61316,2381,49,0.627230180392495,0.9568237888118691,1,0.5065866093585979,89.41691724363884
2,16,70776,6984,50,0.41742079760536754,0.49190079585263496,2,0.9651226094574958,100.0
5,4,102387,2691,23,0.8400217309045623,0.7467510503566089,4,0.9490019451527754,100.0
5,1,75084,2816,27,0.8750085261142793,0.8104676940203075,4,0.5336781082201124,100.0
2,8,86648,2265,31,0.7254794977332082,0.7046094227228165,3,0.8024233636548328,100.0
5,3,63163,9102,52,0.6417249911576924,0.8900731723866684,1,0.8926220262328096,100.0
3,16,139482,6392,32,0.9106797026817994,0.3544772539024096,4,0.7019039404715867,100.0
2,16,91829,9952,35,0.5155098500120541,0.9275458239051493,0,0.5459286570010267,100.0
5,20,118742,4909,44,0.6637349135294925,0.5744133078165444,0,0.9146999637625157,100.0
2,17,102329,3169,21,0.4146916664312144,0.6364830151023539,3,0.7332491587713466,100.0
4,15,88952,5666,38,0.4984063167864917,0.6113135552951705,3,0.6316250507084512,100.0
1,7,87658,1462,27,0.9644987408068064,0.6719003560785484,3,0.5354277202145779,100.0
2,10,71868,9445,22,0.7468499502188546,0.7187179303200274,4,0.8200859223101433,100.0
1,20,78738,2332,51,0.883355397716691,0.7972404030854343,1,0.5211509305362862,100.0
5,20,64804,9872,53,0.6919002484616281,0.6674582373526428,5,0.8955469320920151,100.0
1,17,62078,7107,50,0.9008962588051241,0.7793412792062231,5,0.8853760021556809,100.0
2,9,142159,1778,51,0.7233703065047914,0.5368082105134904,3,0.6614713504677484,100.0
4,12,96972,6106,54,0.4027226280465914,0.9556766091805908,2,0.7361436709374297,100.0
5,16,126642,5195,27,0.9398194042184969,0.3451717138598384,3,0.8346098029076736,100.0
2,17,70148,1179,45,0.4891396719015476,0.6818784259927655,5,0.9795619280319598,100.0
5,9,58709,4720,36,0.6703328567846625,0.36117732321520024,5,0.7600755124984795,100.0
3,15,65555,6600,42,0.6860045973092348,0.6099369252258512,5,0.9983398695768881,100.0
1,19,79448,396,47,0.4283417642138283,0.48030765035698086,4,0.6625528944108845,100.0
3,4,90912,2440,37,0.431842231263547,0.9558324147078532,1,0.7632459733068802,100.0
2,12,86226,1415,24,0.8575310856668241,0.3091527704701604,3,0.5578077790083523,100.0
4,17,70670,133,42,0.580270474030417,0.5738425417990198,0,0.778219787036186,100.0
5,16,92192,4007,35,0.6457768997439305,0.8474299247948682,3,0.7681566547807173,100.0
1,8,94384,5919,41,0.738467509279144,0.431922988856026,3,0.9244069572290201,100.0
5,13,107556,3906,33,0.624031662728405,0.8709117432663771,1,0.9982757921260699,100.0
2,16,126760,9826,31,0.8650224559259163,0.9018075614773766,2,0.9930890562101233,100.0
5,3,80902,8076,47,0.9306787921715005,0.795602099752039,3,0.6181505978425645,100.0
1,17,120387,9383,51,0.43583073047191495,0.4463484276983195,3,0.6692227768312262,100.0
2,19,91648,737,52,0.7812420303427652,0.49042705960709365,5,0.6373285001639757,100.0
5,14,51817,7049,50,0.5905960044742891,0.41685431008675333,4,0.5998397756686873,100.0
4,10,134581,7725,38,0.7499651670500754,0.4288446160409798,1,0.5750680066082083,100.0
2,11,146813,3680,36,0.6903443908793792,0.3255446075327627,4,0.7558720062839323,100.0
2,8,105477,1151,29,0.6002071126073694,0.9001205568387864,5,0.9362493911984515,100.0
4,12,92244,4041,30,0.4568893877983855,0.669951601199485,3,0.794933784130398,100.0
3,14,83214,8560,32,0.7356639469017385,0.5294314567209361,3,0.9363318251434323,100.0
1,14,78401,3752,28,0.46767553985606825,0.5027038972443856,0,0.9797473139584952,100.0
3,4,120267,2854,23,0.49367205290601707,0.6812874075133104,4,0.6915707104775508,100.0
5,18,89568,2221,39,0.989305152958546,0.5286793752529644,5,0.9178339033585614,100.0
4,19,131848,982,31,0.5900231142082473,0.9046025825072435,1,0.5261676094698722,100.0
3,13,90871,370,28,0.7506617137728826,0.4476702045258375,3,0.7405365763441083,100.0
2,16,79691,2642,46,0.5633391652114383,0.9176112539889969,0,0.6841482603669355,100.0
5,17,74967,3200,43,0.9193056631636881,0.7648647171024003,0,0.6024259430821164,100.0
5,20,71407,4958,30,0.5700041145240103,0.9696404543184791,2,0.719196404821671,100.0
3,2,102853,1634,38,0.6201310909824933,0.3105750691449854,1,0.7218512677061719,100.0
3,1,57637,1766,32,0.7650325466860198,0.3413668959978095,0,0.9042697964633912,92.75688656471948
4,0,69541,7828,46,0.9219920245867519,0.6506262157556012,1,0.9344593058353557,100.0
1,9,123112,5129,31,0.889728492718608,0.9386651810224338,3,0.8284752121615109,100.0
3,18,66136,6036,30,0.558315931334178,0.8115564660711014,2,0.8166940787232803,100.0
3,16,111567,8442,23,0.8977329744973206,0.7354951527635333,5,0.5550911919063684,100.0
2,11,38424,6985,27,0.8207171892345779,0.3221215089621286,1,0.787630906050335,100.0
5,0,126252,985,24,0.9938970942466097,0.5479146518888265,5,0.6372223840329798,100.0
1,11,58244,4328,28,0.9612686007917508,0.5420970250320001,2,0.6473813640547076,100.0
2,16,68090,5933,33,0.7198820332272264,0.679459977581934,5,0.5473873261320457,100.0
4,2,107008,2323,32,0.8499571715155247,0.48047944554273325,1,0.8179340764435397,100.0
4,10,96760,9507,22,0.7421078211923371,0.487009000624432,5,0.7919042047587339,100.0
3,16,112374,797,35,0.7569972652689834,0.7346025600537316,1,0.6101362835824304,100.0
3,2,58043,2438,54,0.46090049798666727,0.9611972803199096,4,0.6315184617769842,100.0
4,7,82829,8757,46,0.40134742508659316,0.7621253725456867,2,0.8865005930307281,100.0
3,19,74573,6674,25,0.4289118246849324,0.7676910867867246,1,0.8964666818154441,100.0
1,3,62245,9761,45,0.9799784007366545,0.9903503693716809,4,0.7465423240269069,100.0
3,20,104897,7493,54,0.47576093675379355,0.4074347169488531,4,0.5745013478128822,100.0
5,6,113576,1373,24,0.42663382250511167,0.32368434194025225,2,0.5277961905408723,100.0
3,13,81578,3969,54,0.585786525824299,0.8218597655224087,3,0.6357344315492213,100.0
2,13,128067,8791,47,0.752907963972717,0.6071512032329105,2,0.8655928914469548,100.0
1,3,70357,1759,49,0.9690763865817597,0.6001763483264044,1,0.800408316169392,100.0
2,15,127461,6681,25,0.8199325471308923,0.4577123634541226,3,0.8590533843777084,100.0
2,0,104055,550,38,0.5658117813401001,0.6548041283633269,2,0.7358739903991349,100.0
5,16,59410,7644,24,0.963434810942289,0.6095206406074112,2,0.8773529410135472,100.0
1,9,139538,8492,21,0.4216246451591205,0.54181500549243,2,0.7404028971343168,100.0
1,15,78888,3945,40,0.9874324043600756,0.6099216115368932,2,0.5420073763412885,100.0
1,15,120127,3968,26,0.4351844204958694,0.5686843395060228,3,0.5399291476966321,100.0
1,7,93641,3869,40,0.8523099838342996,0.9579274506626756,1,0.9157513596213482,100.0
1,6,99361,8060,40,0.42717852350407176,0.9861761602330847,4,0.8148121671029214,100.0
5,5,112530,9457,47,0.9589368654211042,0.8879306527582278,2,0.6395635295552053,100.0
3,15,111146,5341,46,0.4651995380386835,0.9932898637084875,4,0.8785877190209235,100.0
2,19,81446,8209,52,0.43028740781628105,0.486003600320426,4,0.5678676537916341,100.0
1,15,103291,1667,30,0.9335590928949685,0.8900475769432576,4,0.8226217296045291,100.0
3,6,101414,6195,38,0.457476330350575,0.5846403083318347,2,0.994742974880584,100.0
3,8,95339,4438,32,0.8787587744680501,0.8222954784444274,2,0.5750097731746986,100.0
2,13,84917,9458,30,0.8482207842736047,0.4409748484413313,5,0.5709724376261276,100.0
5,10,95289,7247,44,0.7593268230930198,0.868369262818915,2,0.7339172055876768,100.0
4,13,139188,1049,44,0.6267776321315839,0.35842509830984365,2,0.8213307042001885,100.0
4,6,82624,2126,45,0.9493483297797934,0.48939039470148255,0,0.5132731681499715,100.0
3,0,120164,8886,28,0.9226487535208747,0.8753668317930088,1,0.7498354559807421,100.0
2,12,74509,4028,34,0.6557482665738958,0.8230114552752961,0,0.5415851758776438,100.0
4,19,67967,9999,51,0.539034973788789,0.6508727284939024,5,0.6206618884014055,100.0
3,2,171909,7556,44,0.5635430016510488,0.7709549420031462,3,0.8561988098955684,100.0
5,19,103500,1834,36,0.5321941464175324,0.4299018171471507,0,0.8694324737883801,100.0
4,3,104187,3544,40,0.7247511776563265,0.7674345356423959,0,0.8648662252849456,100.0
3,10,104880,6680,35,0.9211232971421786,0.30558331713904474,0,0.5325731670243863,100.0
3,1,125182,8264,34,0.8641671803189022,0.8832511071670541,1,0.8933815543701878,100.0
1,13,100195,8462,32,0.8773062759672634,0.6614013255992605,4,0.7161035024385847,100.0
5,11,110405,3581,54,0.6689730950197872,0.9607149161267072,3,0.7376547900255725,100.0
1,16,63535,3202,28,0.593466899079028,0.6347149871259472,3,0.7098452364527481,100.0
2,11,114598,4963,39,0.8544134624230315,0.6031610976284387,1,0.9285111875046071,100.0
1,11,84080,9690,25,0.8759789655126925,0.6150369686784698,5,0.8399851815396664,100.0
1,0,106793,9332,47,0.8172122238884234,0.5518100341927072,0,0.750012920845226,98.64950693041575
4,12,47122,4285,33,0.4192642735253611,0.41667255868985775,4,0.9171435109631063,100.0
3,13,105754,364,52,0.7538108128410903,0.889443908861854,2,0.9026817482014362,100.0
5,1,33952,5039,51,0.6082274975487307,0.5723597854308063,1,0.5025220819197982,89.42764424746613
1,11,83102,2784,22,0.5177156494159405,0.6703758997322009,5,0.739439982312547,100.0
5,20,47361,598,27,0.8166371580053792,0.31392084152440547,4,0.5211230547939066,100.0
1,15,105825,614,31,0.5611156814116467,0.3421777108997993,5,0.6535932408086911,100.0
2,3,91731,8375,31,0.9477046953735134,0.7180282606344912,1,0.9019186717312555,100.0
1,7,70730,363,43,0.5788474442579169,0.9154596577595262,1,0.9720261760539652,100.0
4,1,125860,5444,51,0.733108359786186,0.6453770796182521,2,0.6210333303422617,100.0
3,9,67583,443,28,0.8966572981909802,0.4154822064235443,5,0.5107125744174303,100.0
2,8,30000,8460,52,0.64127100281643,0.3812891200561782,4,0.7011681718871074,95.2762650746883
1,14,102840,877,41,0.8971947755446161,0.9298516009750466,5,0.6675594193399192,100.0
5,12,45835,8797,51,0.8342178384811975,0.7911464978106799,5,0.8384830913644206,100.0
2,16,68374,5774,21,0.9525195718498928,0.9763368881580201,0,0.7475288362242013,100.0
2,15,77066,403,33,0.5955007375538592,0.3576440349407297,5,0.699423631735769,100.0
1,1,54400,3764,31,0.4630168388680794,0.9318289985163892,4,0.6147777988534164,90.78074916151502
2,19,77656,4380,49,0.6582096987582564,0.8919426187687711,4,0.9142401992918481,100.0
5,19,54867,4531,24,0.8714880815134829,0.9252296280469074,0,0.6241946434031149,100.0
2,13,94059,7709,35,0.6702610680340331,0.3040340696249977,2,0.5273674895217693,100.0
5,2,59281,4588,23,0.5571927581158425,0.8193324363690362,4,0.7823052542320055,100.0
1,11,90753,8415,49,0.41656190654380887,0.6842566799131473,5,0.6586743731049156,100.0
3,7,119050,2136,41,0.5878142817734964,0.7012256036308937,5,0.8562175687199056,100.0
2,1,109559,8340,22,0.8280286666978828,0.6284413911469289,0,0.5404358342129176,100.0
3,3,87957,4203,26,0.48856825373604196,0.8198738424237535,1,0.9831537822126152,100.0
5,13,65281,3970,51,0.6045276281843428,0.9998875033334831,1,0.5934290078017079,100.0
2,15,93979,673,44,0.4121388770230674,0.7973768514919144,0,0.6785284486532447,100.0
4,18,72607,2842,37,0.8330530019355947,0.7746352912275261,1,0.7404774800258864,100.0
3,1,95028,9275,25,0.9284098282307052,0.7581064009760565,4,0.9450587544122204,100.0
2,11,47117,4584,22,0.7411169906128205,0.7866481688931503,0,0.8612704433328862,100.0
3,13,110181,6381,32,0.4155232635355786,0.5394787272015826,5,0.5724142323471653,100.0
2,5,90830,7634,25,0.5305751875297199,0.5241538205664931,4,0.7193068124734059,100.0
1,12,145212,6302,40,0.663081481176957,0.8490365847893544,3,0.7714559324962411,100.0
3,3,122651,5187,28,0.7525487323368913,0.33716161214707585,2,0.8510628621400168,100.0
4,17,104154,8363,21,0.6977658054822826,0.8314734167423687,5,0.78590716579867,100.0
4,11,86900,7016,26,0.9495196278467629,0.8696891096186978,5,0.7286674433393385,100.0
5,19,71759,9702,31,0.9631817898409032,0.6651185717103874,2,0.8827738248139849,100.0
2,20,113560,3188,23,0.46429147752349936,0.9371036667891106,2,0.689028814238327,100.0
3,18,84263,5556,51,0.4830345269244032,0.6311612060030292,0,0.9935863539707182,100.0
5,7,119209,4500,48,0.6148329473394388,0.42466066766709104,3,0.9738912541104311,100.0
3,6,100020,4906,25,0.6527409291403568,0.552979054094671,2,0.85369020229914,100.0
2,15,100199,195,46,0.7516400155966754,0.9341072541517603,4,0.9413059621008933,100.0
4,18,104863,4663,36,0.8638958498725939,0.9956168018270708,5,0.6965877580351829,100.0
1,5,67009,1990,51,0.48146062333704553,0.5952977768926384,2,0.790735110598989,97.65314337156671
4,19,64446,4551,48,0.8815838176465243,0.41679258191556046,3,0.636327582015463,100.0
5,20,63582,7818,27,0.7660169880851884,0.5004304961638965,4,0.9428196516907839,100.0
1,10,116187,839,29,0.988530676477001,0.6873074397597747,4,0.7355125190974855,100.0
5,4,66356,3529,47,0.7907006068495194,0.7004671427940026,0,0.7680718059398348,100.0
2,15,69471,8018,32,0.8296549028444307,0.7410415846855058,0,0.9322837323034678,100.0
1,6,103437,5919,45,0.5171253198413017,0.8847473608007828,1,0.8986392539596666,100.0
5,4,83698,1235,49,0.8613171732154217,0.7978499061816193,3,0.6608715991759357,100.0
2,10,80505,5784,51,0.44755970660990424,0.48258815855175485,4,0.5437138017789918,100.0
4,14,78336,2854,54,0.7939182617129117,0.5765308424872002,3,0.5810466010065307,100.0
2,2,31859,7357,53,0.4333437453092208,0.8878716086628093,2,0.6695479266198282,88.45834563170037
3,4,65827,2743,47,0.4691354927857581,0.7433678694239977,5,0.6526454149157819,100.0
2,20,119539,4430,22,0.4647197645899545,0.4164926337713064,2,0.5191552746289652,100.0
2,4,76515,4006,34,0.4314904388935338,0.527877162856223,5,0.7160325699524315,100.0
3,8,42487,9700,33,0.5926833501675378,0.853763638701631,1,0.5529251684349892,100.0
5,14,64800,1698,44,0.9966114747415217,0.4204658863263664,4,0.6104448597378493,100.0
5,2,98996,2457,25,0.6089352210769218,0.7837354569045456,5,0.8937415887109414,100.0
2,5,98500,877,54,0.8564655480031298,0.6944755753621011,4,0.7474397735861922,100.0
3,16,82642,6962,43,0.47939020951426037,0.4032324344808016,5,0.6864765279133822,100.0
3,20,72769,6094,39,0.6726946481592728,0.7822152468216554,1,0.5927176671319339,100.0
4,7,54945,8441,50,0.5110695013389354,0.3996442794586188,2,0.9331400532037182,100.0
5,20,99204,5315,36,0.5152583020559225,0.5789049053767767,4,0.9518448911799431,100.0
1,10,110946,8249,54,0.4598140219444228,0.5159919471671641,5,0.7593390085974314,100.0
5,5,122222,4059,31,0.6592264918167592,0.7830069668808702,3,0.9606373586245188,100.0
5,7,62235,3467,34,0.44532095244920167,0.8476536496246565,4,0.7323944812641354,100.0
4,9,124138,3238,35,0.9458868138133966,0.4178216073691394,5,0.5536212368002593,100.0
1,2,88584,1258,27,0.6687401929431727,0.8683977198192592,5,0.508519788026486,100.0
4,13,90664,1177,49,0.9031396848627288,0.30504983919619044,2,0.5641889030667498,100.0
1,13,112339,3500,42,0.9876786698233073,0.671040983139773,4,0.8113281665099028,100.0
2,9,76476,1907,43,0.8066675072921439,0.6617522229122716,4,0.660452598485129,100.0
1,11,35904,2189,44,0.940906454280504,0.7366750015262737,0,0.8241545016349368,100.0
4,5,107621,5965,30,0.48122051230180146,0.4677903712342725,5,0.7539880616220684,100.0
5,11,98714,2730,28,0.8979961875174616,0.306899780951141,4,0.6665062873855031,100.0
1,13,80993,1953,32,0.5627303999259855,0.6183340412989795,5,0.6093398997491799,100.0
1,1,105563,5922,49,0.6835588233052965,0.34998434788077815,1,0.5405218719047259,95.3594610481762
3,8,110673,7696,49,0.7879495894565993,0.9245357207648077,1,0.8911955306899336,100.0
5,9,52199,3706,43,0.9421261555211282,0.4215664279824214,3,0.9095020905827285,100.0
2,16,90562,2835,46,0.9465962805578452,0.5976630772490623,4,0.7707254065880056,100.0
4,16,33060,8424,52,0.455261426285107,0.6038002731682686,3,0.5785473364073945,100.0
2,2,86907,1756,26,0.618733293292635,0.6870052534867432,2,0.6317645230531277,95.42290401167199
5,18,80681,539,28,0.87590512401053,0.8477726441392781,5,0.9775726217457996,100.0
1,0,102297,6394,37,0.8218941335393353,0.6305037053561456,2,0.6129703968962743,100.0
1,11,63173,8335,32,0.4158114670124968,0.31802728705433114,0,0.5284024002539374,100.0
5,6,79462,4496,42,0.6699336430341698,0.8397772878225627,0,0.7750247359562548,100.0
1,3,30000,111,34,0.8975518570741706,0.357521320234624,4,0.6309569787762863,81.75185529900352
1,9,103937,3733,54,0.8426106624002636,0.7490873045812049,4,0.9787174514027293,100.0
1,12,87790,2738,39,0.6471098753993936,0.8624006560563267,3,0.7873839472110268,100.0
4,1,92181,2555,26,0.8410966734080533,0.49788312073673063,3,0.9829073673521505,100.0
4,9,52664,2568,38,0.7307264254819639,0.6143745371788218,4,0.8927883148894808,100.0
3,20,99951,6856,35,0.9475773988409719,0.31003508953007164,4,0.8615424028081131,100.0
2,3,131318,958,29,0.7522763046403262,0.8627126397129197,0,0.9151822916933654,100.0
5,17,85377,9770,26,0.6404405072766208,0.7922827629445734,0,0.8024427670392753,100.0
5,4,106252,4946,22,0.9177523747409406,0.46197117607149013,0,0.5055606465938316,100.0
5,18,68234,2063,36,0.42992130538398454,0.5731583385060525,4,0.6962323914564101,100.0
3,1,88078,203,21,0.940306386182486,0.7867215512607779,3,0.6095090438941638,100.0
4,11,51716,8943,50,0.8178080886986712,0.5507141852958446,1,0.7171563366976028,100.0
3,16,109703,7314,53,0.9643635162544467,0.41369034289038986,1,0.7352747620829772,100.0
5,9,93996,2969,21,0.550302921476175,0.6629538702145357,3,0.5639155334243073,100.0
2,1,59517,8184,36,0.8169528187839168,0.8064972992005077,3,0.5117157744445147,100.0
1,5,69953,2933,37,0.8856779601435967,0.5245666549020621,3,0.5691001466740049,98.29750044670165
4,7,91527,3249,38,0.821261547871526,0.38524059015112044,0,0.9287135659915974,100.0
4,18,113096,3875,42,0.526200221373559,0.8806809132683837,2,0.8779270974261297,100.0
3,10,126988,8239,42,0.5653537408437062,0.4769613065129862,4,0.8994464524289667,100.0
4,11,86646,9900,51,0.7400454090716042,0.6589704678746244,0,0.6381533096670259,100.0
5,8,55883,4576,47,0.6680503616144617,0.78394020464247,1,0.6180495950044659,100.0
5,1,95961,6605,24,0.841070313049917,0.5219526402759544,4,0.5186862046786562,100.0
3,7,134622,5619,25,0.6272060148797922,0.7540455761606928,3,0.7361342305716847,100.0
5,10,49431,3223,45,0.9156883131158335,0.6217966545090698,5,0.6912044292433892,100.0
2,20,66135,5118,51,0.6591522430220502,0.6993056585866922,1,0.9179430501575363,100.0
3,3,105274,1793,34,0.4240247684288755,0.7134032725318599,3,0.8409337792632181,100.0
2,9,93839,8304,50,0.41041844553096746,0.8769054808278203,5,0.5721429674280408,100.0
1,20,76374,5840,32,0.7880455516507286,0.7594283914047355,3,0.9935775702136344,100.0
2,19,95502,5841,47,0.7243318709690956,0.48501468452908736,3,0.8853203665008778,100.0
1,15,114438,51,44,0.7256467860137732,0.34172303879691235,4,0.8601187578418432,100.0
1,7,87541,6219,50,0.8740054096170673,0.3013898808525929,1,0.6083077913035704,100.0
2,3,85349,1071,38,0.6254321407838318,0.9330921693368968,1,0.9525783003081161,100.0
3,9,104725,9878,34,0.9972681985569908,0.9594770362615443,3,0.7369603887438827,100.0
5,11,83237,3699,39,0.9673180603659113,0.3658780413652675,0,0.6488279764332432,100.0
5,13,118563,7605,42,0.40777706029469485,0.6409375327975736,2,0.8274167940525341,100.0
1,15,140668,6817,46,0.9374456609192537,0.4061166424223741,5,0.605875980493203,100.0
1,17,67676,4007,27,0.8083297902220643,0.9641243606928591,0,0.9537828153690574,100.0
3,20,58749,335,48,0.7012542020896209,0.4727827617757666,4,0.927171825533484,100.0
4,20,99292,7215,25,0.7496484844564255,0.6511529669178993,5,0.7324556847145784,100.0
2,11,57862,1130,38,0.9051144179585928,0.4159341342130417,2,0.595328710816325,100.0
1,17,57435,117,34,0.9706224352438142,0.5329327591521436,0,0.7482520617823305,100.0
5,6,38769,6304,43,0.7362001748418654,0.4867644526490266,5,0.5745691087787357,100.0
3,19,80443,5203,34,0.508774868313154,0.6327982300805299,1,0.6349244423441882,100.0
2,6,89175,7234,52,0.783852390293359,0.5938473734155039,0,0.7413661952954551,100.0
3,8,77065,8536,25,0.4457313810331484,0.5315584562202627,3,0.5105698705244031,100.0
2,0,124758,2049,42,0.7810832421009206,0.37411433235388847,4,0.882861301773434,100.0
2,5,122897,813,48,0.8851670815161241,0.6391409154048637,0,0.5984574385928322,100.0
1,5,138221,776,32,0.6119988618915322,0.8951456126640867,5,0.9333056286427852,100.0
3,11,91163,3537,38,0.4427106545531042,0.8111563356098961,0,0.5111299137099306,100.0
3,11,119595,2316,51,0.8153356770477438,0.8044024189138685,5,0.7660658453508904,100.0
5,9,97721,1498,33,0.6035972501011475,0.5562642157217161,2,0.8883254774719722,100.0
5,5,95209,4139,40,0.549457991128331,0.795893356477436,3,0.6189742166563372,100.0
1,16,78315,2383,27,0.8135090553659452,0.625872036979943,2,0.853776530105665,100.0
1,18,33421,9038,43,0.9817518813452769,0.4051932635867185,4,0.8604339123267061,100.0
4,17,105932,3319,54,0.8471934264554425,0.5933348249846357,4,0.8189218329570729,100.0
5,5,118853,6844,52,0.6948100243356252,0.39291704172211817,5,0.6821263656985023,100.0
2,18,51859,5745,41,0.7603064334544889,0.3801379732345751,3,0.8925323990746117,100.0
3,9,89757,4844,26,0.48536734521147334,0.3161415159203275,2,0.8142168588376855,100.0
1,7,114791,7000,36,0.8879279714096848,0.49799801067859156,3,0.7951941045712712,100.0
3,20,81012,3993,40,0.7625770063668513,0.5316123489693614,2,0.9095806345834316,100.0
3,5,119827,3778,31,0.9794982387988104,0.7896105990569449,5,0.6223190215472552,100.0
4,20,86492,1514,52,0.9876900209739687,0.6766033494193485,5,0.6162439767780364,100.0
5,6,76871,6803,34,0.6127520154642419,0.9009147984373183,5,0.6932234435744673,100.0
1,0,121257,2460,44,0.9931275613076025,0.42352943869395954,1,0.5365665343342736,100.0
3,17,66656,2043,51,0.9741001168615542,0.4861696521018698,3,0.6686967346759317,100.0
1,19,71877,8012,37,0.7838991782830816,0.9587532778003909,4,0.7031360392669339,100.0
2,11,67611,9901,45,0.6000786570754938,0.6108316734458701,2,0.7475290914302597,100.0
4,15,61435,6029,29,0.8520041324486615,0.852335660134059,1,0.6270067320504611,100.0
2,9,93825,1317,42,0.5627423388136815,0.6445173540546424,4,0.95342122385242,100.0
1,9,77176,985,37,0.7779063380047484,0.6297599599180232,2,0.6425391838883858,100.0
1,13,102215,4949,48,0.41474896827973845,0.40368140162074967,1,0.9257753887563979,100.0
5,19,46633,3743,21,0.7771496779265041,0.8958397276640102,4,0.7224762181220772,100.0
3,9,61936,8561,29,0.970964970840137,0.3548486963833442,4,0.8590783479618652,100.0
3,9,91289,2233,33,0.5410858256237319,0.5171827662571291,1,0.5554511939919502,100.0
2,10,126742,494,52,0.8669076920294665,0.7714276502041255,4,0.7723186101208047,100.0
4,1,99462,1438,48,0.576054129949361,0.6550802855656208,2,0.9804129474714005,100.0
3,19,75265,2090,51,0.8247098492371849,0.9169648288800754,2,0.8331256046823876,100.0
5,7,52761,705,28,0.8199834219241153,0.3275085669515411,4,0.9101446302184887,100.0
2,6,73803,6310,28,0.5108426450142871,0.7545852636498112,0,0.6305352310887614,100.0
2,7,88937,4670,54,0.7582767462526119,0.6342258294389873,5,0.90008446044424,100.0
5,0,31057,211,43,0.9155013718678922,0.40801827642735566,1,0.6756266906014208,92.54826625530556
4,20,59665,9400,30,0.6295198416637368,0.8202763349788154,0,0.742539050023157,100.0
5,1,71561,9469,45,0.8261661708093475,0.5879147987842168,2,0.5939788588532942,100.0
4,17,83564,8275,53,0.8046580211407279,0.6721073329656784,4,0.7428491940024353,100.0
5,14,88641,8297,24,0.5545084010803623,0.9770862464541759,3,0.7578509216528302,100.0
5,0,74728,3487,27,0.951186135871422,0.640361056717632,3,0.8111635891459215,100.0
1,4,102646,2212,53,0.7381072504697638,0.8763610058910498,5,0.9343168971385185,100.0
2,1,93117,7500,22,0.6131755940833145,0.8387042663388709,0,0.6524255773661153,100.0
5,19,80748,8459,52,0.4986150254214621,0.7639282140596593,0,0.9920683878792438,100.0
5,2,106094,6327,25,0.6840750114518614,0.9277685003452336,0,0.9238449768777668,100.0
3,18,104048,4435,37,0.83806806274102,0.47612115285602663,2,0.701461309762488,100.0
2,17,53655,5360,32,0.7741841618625929,0.8745398620273641,5,0.6133318209661013,100.0
3,17,89199,2816,32,0.836231535731658,0.5644512418781398,5,0.5357472887345106,100.0
2,13,112256,7173,41,0.8750564513802305,0.8687436230568548,2,0.6171820939678121,100.0
3,7,116437,195,41,0.664602859893664,0.6456520791818576,5,0.9422614608225212,100.0
5,11,99272,8080,22,0.7120997104145754,0.900396477060265,4,0.646015705711149,100.0
5,20,84167,8344,41,0.9918532669485344,0.9263904763850903,2,0.5689899081460388,100.0
1,9,100532,7060,35,0.9808308374925193,0.7183507129788809,4,0.5113372947131736,100.0
3,19,110194,8841,31,0.6488902748553155,0.6553388697818714,4,0.6488401718389124,100.0
4,16,92895,2084,30,0.8111077145238971,0.8482961003326339,0,0.6080763550678012,100.0
1,10,95715,7664,38,0.5605541069967117,0.48689034222542127,3,0.5511011727726542,100.0
3,1,83754,211,43,0.49161852738138906,0.3107440768742401,0,0.97554290060759,96.29119205876586
3,3,56580,5720,51,0.8610407335742402,0.5849662079283386,2,0.6338109377283228,96.42140557642816
1,0,85640,3175,46,0.6617079816508146,0.6554418930277437,1,0.5030884147488159,84.59883512288397
5,14,73072,2112,22,0.5062316821900114,0.5080839036071295,2,0.972137791768602,100.0
3,12,73151,9112,27,0.8553087541123283,0.5683533172164372,3,0.7892565931424558,100.0
5,7,125845,1581,44,0.9491022158764141,0.3931407630412662,2,0.5414064817975397,100.0
1,3,113788,5135,52,0.9599641002746422,0.4941029323574558,3,0.5157109886944728,100.0
5,9,47662,6707,46,0.7578002250775717,0.46806674354020145,1,0.5539245317919548,100.0
2,18,62878,5179,43,0.6877846773849241,0.5106907976787392,1,0.7957454266477244,100.0
4,17,80910,2169,34,0.4851199516970834,0.5093378773784567,5,0.5309358024522307,100.0
3,4,73984,1339,49,0.875673882553662,0.6912778597333293,4,0.7840702984160207,100.0
4,18,97935,3623,45,0.9671938912601739,0.4754178581372509,2,0.8262705099323504,100.0
5,15,58910,8662,51,0.933676248170438,0.958672884337922,4,0.5737883907525034,100.0
3,0,113963,9008,22,0.8510700726626025,0.6578923812543344,0,0.744216371374862,100.0
5,11,88899,3709,22,0.4027413175544656,0.3902762044868372,0,0.9819399648167315,100.0
2,1,81487,6037,43,0.6446505247644044,0.4957243893669987,0,0.9182442232501624,100.0
1,20,89642,2283,31,0.6464285030210848,0.8108302472949578,5,0.8616821737386926,100.0
3,7,79562,8260,49,0.9366209397758392,0.3095613268665092,0,0.7588675622296688,100.0
2,17,39233,4833,29,0.43939043015142903,0.9564725903378657,0,0.6971373779664954,100.0
2,15,90298,9357,52,0.7187335503291559,0.6116238452080642,2,0.7257173680606116,100.0
3,4,81981,7085,50,0.48168064235627034,0.6647553160656976,4,0.8823050039262545,100.0
5,12,66138,507,35,0.7973763485595834,0.9918885650876694,4,0.7771489808792023,100.0
2,18,117435,6969,34,0.8753532929069086,0.6523821601995321,3,0.8823269926463146,100.0
4,2,106735,6220,37,0.7851755271829788,0.9634207961233807,0,0.9849364852165013,100.0
2,7,150971,7136,42,0.8767510846123755,0.9406617810552078,1,0.8202570753856553,100.0
5,11,110870,3986,50,0.7644977786391283,0.9589208700663487,3,0.8015517787051032,100.0
5,1,73914,6430,37,0.5139034662849259,0.8686611402446547,3,0.703080974254917,100.0
4,10,67355,1617,36,0.6295981111014248,0.5074786591904118,2,0.5983769765943692,100.0
2,11,77642,8922,28,0.974121289718353,0.542467738650187,3,0.6871003711235724,100.0
5,17,73334,1284,51,0.572904947666804,0.5554888477264486,1,0.7600485952576823,100.0
3,12,92719,700,32,0.43771743055801005,0.9854265877285366,4,0.5174278286609726,100.0
1,4,51530,4033,53,0.6308979849373315,0.552528852780504,3,0.7379025124111461,97.6757090270503
1,11,106182,7257,32,0.6197842713064687,0.37608251645286633,2,0.9310746637074894,100.0
1,1,92279,3447,45,0.6821852894394507,0.8448302262446061,0,0.9883121812668122,100.0
2,4,103311,2365,38,0.7361820532487275,0.5562443041074367,1,0.927774336155425,100.0
4,6,61396,5591,39,0.9954539599042537,0.7346551382080904,0,0.5859908730082688,100.0
5,11,96167,759,23,0.8537403653116102,0.947052288584777,5,0.5775065958826517,100.0
3,15,122479,3061,25,0.42153445855462623,0.702853903744631,3,0.6966561006197755,100.0
3,7,68487,7773,47,0.8276273969239076,0.7463901248505216,4,0.6127152352958254,100.0
2,8,67803,3574,41,0.8945390490470551,0.7500037951255951,2,0.8379972520603063,100.0
1,14,107798,5768,36,0.9373784433306318,0.7286794300309607,1,0.54227905223782,100.0
2,4,65773,1714,48,0.6544036617414408,0.41183856423666787,4,0.7218596247683395,100.0
4,12,84167,6084,45,0.5881753408635098,0.6194907903241288,1,0.6401781231097049,100.0
4,4,126893,2387,53,0.9035948756339429,0.3053648139839409,2,0.7977014434999103,100.0
5,10,68158,8029,37,0.8665692456151233,0.7383853628527332,2,0.898532509896983,100.0
5,9,128611,5284,50,0.7216254699794955,0.7027508065183672,3,0.961781570840735,100.0
4,19,81605,3241,24,0.4707296706490913,0.5226960534685747,1,0.9819263671110429,100.0
4,12,61969,6419,22,0.7910568034408607,0.6667268522191425,5,0.6755972669869972,100.0
4,8,105092,2225,29,0.43940053985972455,0.6451404473356537,5,0.9279238909152348,100.0
2,20,92693,6298,51,0.4602200828141004,0.4756406511595758,3,0.7959815343561051,100.0
4,13,90329,6339,45,0.5986841433551389,0.505301283664815,1,0.8461277072720614,100.0
3,17,70782,895,25,0.6227052981208374,0.8337786976401254,1,0.9255652833301748,100.0
1,14,92511,874,44,0.6771844233341681,0.8290126234272102,0,0.5650566049475412,100.0
4,9,38309,6927,44,0.6034857755312493,0.6288475051678897,3,0.973703634016122,100.0
1,6,95469,3064,49,0.4202728932607116,0.8022562666911857,1,0.7736985452091129,100.0
2,7,122431,8987,51,0.4944494106554402,0.6155608961616552,1,0.6680016587707989,100.0
1,2,45864,8658,39,0.4690671794992206,0.8959618244272924,2,0.6693656302047449,87.5939173297999
2,14,79830,8546,43,0.6587101591395756,0.5329646775460293,0,0.875500168339134,100.0
3,15,68134,563,26,0.5272773563089987,0.9491047498917806,5,0.8393299315649914,100.0
2,3,52223,5126,26,0.5761271757369801,0.6795985553952696,5,0.8647400456342504,100.0
2,20,38678,7693,50,0.6829404780188357,0.6749815027558255,2,0.6264977522121176,100.0
5,5,60479,797,21,0.5413371158863168,0.7695672690282305,3,0.58509810807164,100.0
4,0,83940,8906,28,0.5475574626316356,0.538599207570279,5,0.8609298265131051,100.0
4,3,118728,4917,48,0.8998865064319412,0.8070306996349941,3,0.6492403645807467,100.0
3,10,51932,7200,45,0.7288521208363897,0.5242975718438839,1,0.6112180767933627,100.0
3,11,97359,9154,53,0.9140556709479981,0.57827718097115,4,0.6073042517398916,100.0
4,4,95491,824,34,0.7087155491315262,0.7722924057551397,2,0.5742004662804039,100.0
5,20,131799,9750,31,0.9455585394539929,0.564914370910967,3,0.7134078278375889,100.0
4,15,104275,8345,22,0.552845242895801,0.43998188588164244,1,0.6304742875124738,100.0
5,12,105714,2787,50,0.7700020200683206,0.9103310211428546,1,0.9469327376085419,100.0
3,12,107482,3776,50,0.7019390643123273,0.9455087665557202,2,0.844569818425549,100.0
1,16,66894,4968,24,0.9512145560099158,0.7387117348652139,5,0.8719310223590055,100.0
3,6,75679,3835,33,0.6510877467143987,0.8678055398384974,1,0.7018052460509174,100.0
3,7,117921,1226,27,0.9128942879599405,0.9906566483423271,0,0.8001047590653854,100.0
2,12,38730,4480,23,0.7383424303635184,0.730342326273878,5,0.7503989203520237,100.0
2,15,72942,6782,29,0.8251257711162985,0.9361548502750094,4,0.5837257302612577,100.0
2,3,56729,9491,34,0.9321358558717338,0.5514783248042434,2,0.5239268475253922,100.0
2,7,95856,7727,31,0.9981438488228771,0.7903307051210302,2,0.8417592273704199,100.0
5,15,79459,8757,34,0.8386837351886317,0.3390638264077924,2,0.5605862296137969,100.0
4,20,105649,872,39,0.5887131717506696,0.8522800889271014,1,0.5286745766036173,100.0
1,9,87275,6227,28,0.5794071959752658,0.880862201310697,1,0.7209336663358059,100.0
3,11,51347,5948,27,0.5854622949351785,0.5808228055317943,2,0.8690131850042841,100.0
5,11,52503,2365,27,0.458744992179699,0.7472685111141306,2,0.8844342196161866,100.0
1,4,89848,9167,23,0.43215933515732163,0.900852771674651,0,0.9367348033580267,100.0
5,15,70721,2405,23,0.7485057257942185,0.9185257151563351,3,0.5996070112493821,100.0
5,0,76684,8677,38,0.8863531163330154,0.37457206702162066,5,0.9928121969073262,100.0
3,8,113460,9540,53,0.4216807238892161,0.8792414225730281,5,0.8816045359820469,100.0
4,11,108975,534,48,0.7399805778531043,0.4919703463482702,0,0.5786066729750865,100.0
2,4,134943,571,36,0.6230566727336976,0.8091148274364204,2,0.9203606429977054,100.0
4,19,82091,8177,35,0.9354911215345711,0.5276149074447887,1,0.7494796362424279,100.0
3,2,73971,8123,49,0.48723215732853176,0.339430769441404,1,0.5332731840199114,100.0
3,4,100454,7426,38,0.7380592030057274,0.4469094968957753,2,0.5660208859146304,100.0
3,1,75980,4674,39,0.9825524241968755,0.5860702430789588,3,0.7169466409546403,100.0
1,13,76798,1215,49,0.6070197798790375,0.8188600340427297,4,0.7652534058020404,100.0
4,1,84947,2248,26,0.8450661467761034,0.3704925391186503,4,0.9737462085066309,100.0
4,12,131318,1170,47,0.9294706930240513,0.8690538874301119,0,0.6078562362490811,100.0
5,6,107599,5249,27,0.5117263374830373,0.9978657643736875,5,0.7370522551214045,100.0
5,9,110220,6984,47,0.9955163081572024,0.8517803502253878,3,0.6129447346386938,100.0
5,12,130196,81,39,0.8856319990234182,0.631615564020217,4,0.7792003444632338,100.0
3,15,112563,764,37,0.4825385548675238,0.6977121475921624,3,0.9546590364858908,100.0
4,13,61714,7308,31,0.5865308203089026,0.30431235581187216,1,0.783875285581437,100.0
3,10,112184,6610,25,0.7749820230144062,0.4464916864987782,1,0.7550352694824765,100.0
1,9,115356,9106,22,0.9309506575626355,0.9292916920220318,3,0.8750647034590922,100.0
5,5,106296,8162,32,0.5169013135553665,0.3152105819146301,2,0.573806772515495,100.0
3,3,85113,8253,31,0.838723349527297,0.9333564670278873,4,0.952807495217491,100.0
3,20,103658,2631,30,0.5623888079308125,0.37927682568971716,4,0.7888169864829173,100.0
1,0,89494,3200,48,0.8832498703765987,0.39315189097118397,1,0.8431547075739558,95.9137421692764
2,6,65547,3958,27,0.8100652163650199,0.42274493759984566,5,0.9094803803421996,100.0
4,8,71759,1297,34,0.7137454208011644,0.8595697274686374,0,0.8175189249465761,100.0
2,7,107593,5368,33,0.7899195774454,0.6347306027396655,4,0.8206025926302907,100.0
5,4,67354,7528,25,0.9258671473202903,0.4016376411610296,1,0.8648107204829514,100.0
3,18,69711,7046,28,0.6318555159078902,0.7807612737657275,1,0.5261182782220553,100.0
1,9,108834,4790,21,0.8615501080936172,0.9584818564280442,3,0.6911052540866245,100.0
1,10,93344,1782,25,0.4953432609252979,0.7007160319732303,3,0.9814683724398436,100.0
4,14,104429,3912,31,0.820711339265141,0.3690900040043769,5,0.6289679275650712,100.0
2,5,59274,5736,30,0.8503944174830264,0.3383254243242778,3,0.7711277241368826,100.0
4,14,103735,6210,35,0.6657986180526732,0.8571106519130325,0,0.5877137311020825,100.0
3,4,73499,9151,49,0.8761732631797464,0.7382585566621045,4,0.6616371576392925,100.0
4,18,64577,3148,45,0.7342620195267262,0.9458601373872209,0,0.8585400213707497,100.0
1,18,77366,7223,26,0.9617646386016795,0.6830751057335915,0,0.8215470120335292,100.0
1,9,124051,2426,31,0.46747986157681876,0.3436767822701373,3,0.7071581809189496,100.0
5,11,80888,9627,37,0.4784928557591091,0.5825807949990551,5,0.9690380957136038,100.0
5,3,145034,7061,35,0.9054564652267333,0.7605934820139925,1,0.8875234077416003,100.0
3,17,38445,1594,36,0.9054167647398113,0.5694197456560841,2,0.6339619145144199,100.0
2,15,51343,1056,22,0.6827348507249552,0.999713977718163,1,0.7327231567850809,100.0
4,7,123104,6994,39,0.9783773259233384,0.5837650295716215,1,0.9390172529013787,100.0
3,3,129390,2175,41,0.807633591176022,0.6823652885132852,1,0.5112320567294464,100.0
5,11,68413,5729,31,0.9897119480572372,0.4577744228365756,1,0.7907331424343556,100.0
4,1,91722,7232,23,0.719437237120791,0.40649674301153416,0,0.6159802055781984,100.0
5,3,107804,1186,54,0.5209680065488094,0.7517138769942756,3,0.5319100589266155,100.0
4,4,84265,6421,38,0.6666358762174784,0.7120289228409775,3,0.9564305410110541,100.0
2,2,93746,8084,35,0.9882921051682086,0.30303720018439895,1,0.9081415115418652,100.0
3,8,90273,9233,45,0.6222483718176445,0.4993470743584195,2,0.59264677940232,100.0
4,20,52963,3298,35,0.9742098598809,0.75050570110904,4,0.9184732448304603,100.0
1,17,81383,1325,50,0.87821280860459,0.8685745420127147,1,0.5732137033040396,100.0
1,10,90309,902,37,0.6652637966757984,0.5186580571278909,1,0.7380806799294194,100.0
4,2,92578,5179,38,0.7251226191745501,0.7532054585021977,2,0.862886650239119,100.0
4,1,46737,8308,51,0.7644634463693774,0.48568055110559233,0,0.7669027983199359,100.0
4,8,108842,3090,38,0.7994596508381834,0.7832659262404653,1,0.9253903575714638,100.0
1,13,93237,8946,33,0.44601952996907185,0.7885635990637236,2,0.8084389308764579,100.0
1,3,63615,6476,34,0.960152831449728,0.391156425863713,0,0.7159758235935985,94.73331662402438
4,8,134976,8823,38,0.7581998278603993,0.7655628487839035,0,0.9625810451145753,100.0
5,12,81335,5100,25,0.9586895317622918,0.5334970271762588,5,0.5181473284864497,100.0
5,17,82958,4250,34,0.7791390827730189,0.42081645211483915,5,0.744199429357856,100.0
2,14,106042,9022,45,0.6586092934058507,0.650252862941642,5,0.8303907700956552,100.0
3,9,137100,421,32,0.7401568069217994,0.6166076787361048,1,0.9180291952090174,100.0
5,15,107025,8315,48,0.897701964424171,0.8417123677433977,0,0.7705782624669126,100.0
1,11,110652,2456,21,0.5956754988710042,0.35916085641285295,1,0.9427588599320114,100.0
5,19,64959,3356,23,0.9738760342455512,0.8528272881822465,1,0.713138417848779,100.0
2,4,92173,95,27,0.6795731186834418,0.37425765347650697,3,0.6585642925459325,98.12910736135467
2,1,76693,7759,29,0.9737422012584318,0.4452213196553433,4,0.9869060237272407,100.0
3,9,107603,4152,43,0.9284539688459579,0.6611174828307697,4,0.8335904794171212,100.0
5,0,109924,7097,44,0.8605971738494873,0.624222220015697,3,0.712889092505528,100.0
1,6,130830,7378,30,0.6804626796623237,0.9922012823138338,1,0.939094868495632,100.0
1,16,36041,9774,32,0.7521670865885921,0.7126315992837076,2,0.8415402070233191,100.0
4,15,74235,5844,39,0.9028176474161954,0.5292049166728396,0,0.8189673528609613,100.0
1,2,122506,813,52,0.7264334811188204,0.9301042079807897,3,0.8642689649097333,100.0
3,13,54961,6729,44,0.8429137459230946,0.5185504697477525,5,0.869146554813558,100.0
3,9,110141,6095,42,0.874395430604058,0.491642944631803,3,0.7464916934195527,100.0
1,6,118350,9271,23,0.7078571474012108,0.6460602566392015,3,0.7096537806989238,100.0
1,16,89291,4192,47,0.7217485110122013,0.9392223491311553,3,0.9546413405818176,100.0
4,5,54463,9610,39,0.5187008303331294,0.795959978681187,4,0.7486238697812011,100.0
1,3,86962,274,29,0.5468435066242505,0.7742382508271313,1,0.6079108189497688,100.0
4,16,126467,3103,33,0.9429659099165271,0.8082540855271341,3,0.7608013929125292,100.0
4,8,128475,4808,22,0.9041977675979909,0.7617484275431217,3,0.5172110499568207,100.0
1,3,95197,9675,49,0.4060735351240684,0.8318574517675621,3,0.861659175980386,100.0
2,6,65569,8153,31,0.9216325515928374,0.4349334152103934,2,0.5634920295294046,100.0
2,1,133459,335,54,0.4151409313520813,0.42408080073312104,2,0.5558621326712857,100.0
4,16,110523,1216,24,0.674968241765397,0.5535143406539826,0,0.9731780715893241,100.0
1,7,67212,9706,24,0.4404596356665416,0.8956718451570826,1,0.8862783407293644,100.0
2,14,98562,1450,21,0.9812938830743013,0.8001179508476968,3,0.7071143881706534,100.0
1,14,97418,5194,45,0.9833915534825297,0.6965313399899384,0,0.6197880712028059,100.0
1,7,74080,9157,46,0.7665225651799703,0.31361320623468386,5,0.9217452402634762,100.0
1,15,98702,8756,31,0.6353229464941201,0.46506159875510655,0,0.9842919218053762,100.0
5,18,117654,5146,43,0.7071956501167476,0.8624597597849293,5,0.7541770523035425,100.0
1,10,82593,8150,22,0.8573795922891494,0.46974068515895306,5,0.7900380361233271,100.0
5,1,120206,5829,39,0.5339157758321103,0.8112031380336631,1,0.6215267457461615,100.0
4,16,46116,8079,49,0.6650334947301577,0.4292439854509188,2,0.7946251320309483,100.0
2,15,145456,2046,24,0.8423612141518508,0.724457290739551,1,0.7002988175182066,100.0
2,14,91433,9488,36,0.6372354867022764,0.7397479566903511,0,0.9227892497254334,100.0
2,12,116825,9399,47,0.4191979132556179,0.826376357980537,5,0.6885565099117213,100.0
2,14,95465,5570,25,0.7044366514330718,0.6068396806269479,1,0.8243895742333827,100.0
2,3,69411,3639,35,0.8424466975237279,0.7428722893598307,2,0.6017330067198177,100.0
2,15,89090,8973,43,0.9860898455107361,0.6408788521041995,0,0.5453364179306517,100.0
2,11,42263,5324,23,0.4222276919184105,0.963136631778819,1,0.5201776099628257,100.0
4,3,107209,2466,38,0.7239523612905863,0.6653165089129551,3,0.7078227186652869,100.0
1,2,94844,8672,46,0.6699631972833745,0.44671851818973146,3,0.5817643606957017,100.0
3,16,85211,1380,26,0.545469273574564,0.7675247843970454,1,0.9967400951332466,100.0
5,17,108817,7639,37,0.7826576320283426,0.6839271297458894,1,0.8991916942131406,100.0
3,17,90938,8873,47,0.4981734957134693,0.8626806480541025,5,0.8466865758546044,100.0
3,16,105170,1184,40,0.5703188603889117,0.4238381183152705,5,0.9016592336890699,100.0
1,11,114057,120,26,0.8690544341050745,0.48265772187173334,2,0.6313736293025265,100.0
1,20,76269,3569,32,0.676247044015333,0.9451403751784053,0,0.9396319914426203,100.0
1,3,69114,6702,23,0.9962023881519309,0.9510182792724071,1,0.997818197501738,100.0
2,11,46935,9228,24,0.6318764464892764,0.6095797365324236,0,0.6449272345357445,100.0
4,20,93064,3243,24,0.6779566396601298,0.3334258274829009,3,0.9923243436167769,100.0
2,19,101302,1482,24,0.5801546572531204,0.5145885480381718,0,0.6601982731704575,100.0
4,14,56909,4882,41,0.5417761637146272,0.4729858580948947,4,0.5058615588483464,100.0
4,15,125509,4763,22,0.9533688467168903,0.5902737963964453,2,0.6836070288636547,100.0
3,4,69441,1843,36,0.8492959840772386,0.5224604332150112,2,0.9987575004584845,100.0
3,20,37412,5938,27,0.600041519320848,0.8802946406967178,0,0.8175756273687346,100.0
4,14,127370,8655,39,0.8200935937874347,0.30212521338781784,2,0.8477362674580373,100.0
4,16,40674,6826,53,0.9794702502619363,0.7512422974580487,0,0.6191735760435251,100.0
2,17,114104,750,29,0.44442877936834835,0.7649891576092303,0,0.5729600476480579,100.0
2,4,108027,7266,37,0.5587026426225156,0.76243860270233,3,0.9427552187882808,100.0
3,12,97988,2390,47,0.5203471295170008,0.6644162763601987,0,0.7066961023390661,100.0
1,18,76930,9645,53,0.9218698981866461,0.727772851176862,2,0.5020537924580118,100.0
4,12,102569,3690,32,0.5075141977309097,0.8673460180759631,4,0.6471229770405071,100.0
2,17,116212,9950,31,0.5848455975937985,0.8489377450818669,1,0.597866054157117,100.0
3,13,65354,2411,33,0.7263164639957109,0.3242377640248873,2,0.8018861287541419,100.0
2,3,114409,7187,51,0.7726566133521698,0.3213055750161162,4,0.8780615849736814,100.0
4,3,113271,2016,33,0.8849102575195935,0.8872613689393438,2,0.7487492497418888,100.0
4,19,97326,9988,46,0.6443939479323423,0.702310781271394,4,0.5929495131179292,100.0
5,19,76550,1419,51,0.7205468335923357,0.9701991346884344,2,0.5289822317914016,100.0
1,18,113386,1772,42,0.9792772450265232,0.602114117841533,1,0.6567670022889185,100.0
5,12,102707,919,26,0.5784170419860437,0.42371927497702067,3,0.9029816832473916,100.0
3,11,64601,770,40,0.5488565266991949,0.6312644386714663,3,0.7097567675679817,100.0
2,6,80816,6648,41,0.8263595148050509,0.6055810155730661,1,0.62612555124678,100.0
3,11,110476,5622,30,0.8626817627202831,0.6620241670069613,2,0.5103623887214696,100.0
4,20,92864,3250,39,0.648867341908185,0.8655630637138649,4,0.74803102612197,100.0
5,3,117149,540,46,0.5277873509331343,0.7589087915557432,0,0.8424110540937579,100.0
5,1,81458,9561,27,0.8673535934868354,0.42969272917956236,2,0.5951647316874509,100.0
5,1,65002,2570,28,0.8022957371674229,0.814134079448543,1,0.7685944197829933,100.0
3,4,144840,2187,25,0.9257366807681436,0.714327349294902,5,0.7103693633431503,100.0
4,9,47977,5113,48,0.9065958785962728,0.7048175113763768,3,0.8519738383113815,100.0
2,9,77504,7716,23,0.5231171107025401,0.7747798177049445,3,0.9303024513553771,100.0
2,8,96993,1547,28,0.8994035080532082,0.6947758210595721,2,0.6535244421784162,100.0
3,12,114652,9475,35,0.5051042446713423,0.6202596154366653,4,0.9523855386223967,100.0
5,6,106161,2791,47,0.9182223422667433,0.7482661979698673,1,0.8534758991361231,100.0
1,4,147781,956,36,0.862192560419607,0.8066089486854024,1,0.5185830564221426,100.0
3,9,87060,5267,46,0.7419166445694392,0.4580368599818334,4,0.8956214487788159,100.0
3,9,68175,9500,24,0.7853330054862677,0.6479349259666787,4,0.747313531761916,100.0
4,5,84507,5107,32,0.46244756252485497,0.6207207242855866,2,0.9727304459060637,100.0
2,18,82000,2521,37,0.42393110889179925,0.3279322894279018,2,0.6618157486204481,100.0
3,20,88292,2198,46,0.5983880450403452,0.8841070594968041,5,0.7956068295681864,100.0
3,7,65437,6073,51,0.892843486850314,0.5641674167568971,3,0.9780730915655459,100.0
5,0,109601,891,35,0.6794713439079836,0.35088246324084615,3,0.6355798665138007,100.0
5,16,99270,1857,54,0.5340364180319241,0.6205293679535369,4,0.7359767721998556,100.0
1,6,58402,6609,49,0.9007293399488895,0.4130365642641181,0,0.876247742265843,98.08579988535699
4,13,114200,1985,29,0.5371763551893838,0.7930900902442652,0,0.8455493425567921,100.0
1,20,69712,6587,34,0.8892962339445651,0.700240102617356,0,0.9193516332937582,100.0
5,20,60429,5736,24,0.6717877185508889,0.4890796648845546,1,0.7598983397142416,100.0
2,16,92183,4578,44,0.6780969323603692,0.9653317014056817,2,0.6594605959412383,100.0
5,8,46053,7173,37,0.5636317659149453,0.5042217437789065,4,0.7675423049399022,100.0
4,16,104737,6592,33,0.9401044125396114,0.6884978348838444,3,0.6749800158200336,100.0
5,4,30000,8699,40,0.4532711654164805,0.8610974770037345,0,0.5882152684695581,100.0
4,19,64265,2226,37,0.48664378078211473,0.6597246085681416,3,0.7774848513121757,100.0
4,7,129378,9190,47,0.7815308609477247,0.9725989730426996,2,0.524190276893298,100.0
4,5,72833,5711,53,0.910069159453809,0.89069819688566,5,0.5182876514968582,100.0
4,10,77210,8027,41,0.4572707501111366,0.9447133098006271,5,0.5322867697203142,100.0
4,18,121841,2618,37,0.840251349649965,0.5608918086281073,4,0.8363055864219657,100.0
2,3,70178,9572,42,0.8455069198836918,0.683848792187881,0,0.7034934252705716,100.0
1,17,109085,4819,45,0.748913638098957,0.8881164068453804,0,0.7470575911768793,100.0
3,0,119354,6355,23,0.6920368289017979,0.932450024011922,5,0.6716994313795812,100.0
1,12,101963,188,47,0.5926526555845207,0.961054504577965,4,0.6268181122755723,100.0
4,13,53877,7781,47,0.6108770754595999,0.9154063952958289,3,0.6791525812037927,100.0
2,0,74900,7981,32,0.8046600834492825,0.811528432852664,2,0.5966890847683047,100.0
5,10,157840,1939,35,0.4391723747283462,0.316950363872351,5,0.8393789540794783,100.0
2,16,77736,2558,40,0.7509609925267753,0.5204674146328241,5,0.550867747264731,100.0
4,3,164658,4844,42,0.5672393154717082,0.39025539942540133,2,0.7584503577052146,100.0
2,11,132724,121,22,0.6799635471663655,0.4083310209381038,2,0.7384134970480283,100.0
2,9,102976,7958,24,0.7353877710701191,0.5036350311680244,5,0.6509618088725317,100.0
4,5,97430,724,33,0.9313956061805987,0.3523183200319868,3,0.5511446947243794,100.0
2,0,78379,9603,52,0.7474449329994128,0.47012226862695083,3,0.85167885523643,100.0
3,6,87777,6044,42,0.5362957429834114,0.9698851855773987,0,0.7847701807999361,100.0
3,20,72781,1391,45,0.4476756719034262,0.518360505011737,3,0.9047381755953698,100.0
2,15,88409,3137,47,0.776193039754583,0.41179914894681646,1,0.6177618528070853,100.0
5,13,55945,7493,37,0.7270290378106834,0.8028101262938654,4,0.8957820577629594,100.0
4,19,54605,1218,26,0.8030787379456372,0.8799536050365748,3,0.6459728620011502,100.0
3,19,122525,46,36,0.6756379474824021,0.5198264947175384,2,0.5562953655143335,100.0
5,5,49692,1838,28,0.8950755083998168,0.4949481174048596,3,0.5674581443068165,100.0
2,4,112153,3351,53,0.9521078093431798,0.4692316835335234,0,0.6105292401871396,100.0
5,20,42640,7016,30,0.4240026533341763,0.5752828673464613,4,0.8412144480570458,100.0
1,17,105740,7685,54,0.8464519216978725,0.36106223048722424,4,0.6219808675357764,100.0
3,14,84810,5357,39,0.42109632684810533,0.7683904585893444,2,0.8019354773108565,100.0
2,5,123032,7900,34,0.6670580121235268,0.8755584276795212,4,0.6282613898620925,100.0
4,18,81700,819,23,0.676961930062792,0.7645775958174525,1,0.6826117326621278,100.0
2,0,39761,4128,43,0.8177310385150182,0.594839782925134,4,0.9448606297686752,98.77767267134205
4,0,85299,1536,31,0.6114419789205682,0.5022735731409674,5,0.7501810196875267,100.0
2,12,93991,505,26,0.8925408029909312,0.5866123151581015,2,0.8001259103307841,100.0
5,2,86700,434,54,0.6057184347675174,0.5966862394210741,4,0.5946384147053008,100.0
5,9,104377,2757,21,0.6055107330048924,0.7662145799307549,3,0.5657530349079729,100.0
5,20,75890,1992,45,0.5336564005951883,0.9496422489553953,0,0.706590129024024,100.0
1,2,58414,1478,49,0.8103213987028508,0.3494105426135572,5,0.9276927495664622,99.17694366926796
4,8,65008,7738,43,0.4459523364502359,0.9673475150185353,5,0.6204618304737701,100.0
5,7,77105,6780,38,0.6178330515308605,0.937140898493424,3,0.8108462275966123,100.0
1,2,76891,1243,34,0.5601344476897376,0.38241261024002215,5,0.93604810881314,100.0
4,12,150153,9999,37,0.5376013810608491,0.42850952175973367,1,0.967205211953204,100.0
2,5,121377,8766,22,0.43658999030436474,0.518116921012846,1,0.996895133621844,100.0
1,12,107167,3029,51,0.5142298694348844,0.6917662286756343,0,0.881478580006313,100.0
3,19,101150,1314,39,0.6677466461192209,0.3941333372550293,0,0.5375050588902188,100.0
1,19,97494,8044,52,0.702244873160414,0.4402344672903209,0,0.9357309966513966,100.0
1,11,97625,142,48,0.5617028042738761,0.9318727057577754,0,0.9428184376017923,100.0
4,12,94082,458,28,0.7901461050799403,0.376510441539648,4,0.7786414196008629,100.0
2,1,91002,6417,42,0.6014760025941848,0.5792147855975376,5,0.533715830442878,100.0
3,20,37703,859,44,0.620347502949772,0.834101244361096,3,0.7383326556329144,100.0
5,15,80771,5367,22,0.8695746004726644,0.9220081818235166,1,0.6053500179390588,100.0
5,5,83992,3972,39,0.7311800328549413,0.5352297938176814,4,0.7210535337644497,100.0
1,18,71275,9682,22,0.9719049107164146,0.4151062537502963,0,0.8620632388252759,100.0
4,20,76097,9102,48,0.6155807207590829,0.815908161366893,2,0.8337753232785694,100.0
4,12,97518,4864,52,0.896704297596642,0.8407904310712235,2,0.8899959198016816,100.0
5,16,109189,1549,39,0.843002521484659,0.9860234108423809,3,0.7382613703172545,100.0
3,8,97480,1909,36,0.934113356465137,0.397679296010383,1,0.7553960416611154,100.0
2,16,108561,2954,50,0.9740748237538486,0.7965946178685457,1,0.9678446189551673,100.0
3,1,109002,4967,42,0.40460591084609265,0.5921047764142586,3,0.815591841882422,100.0
2,18,82507,5953,34,0.4529786487205097,0.940240606297218,0,0.8737703153155467,100.0
5,18,103132,3254,21,0.8046032927365052,0.58548161903337,0,0.8322586182659348,100.0
2,6,46340,6346,22,0.6341199158179638,0.6121722628938662,5,0.8202427067849043,100.0
4,9,80391,8716,42,0.8914750610456479,0.3887576187307139,1,0.9567710747174083,100.0
1,9,77453,1601,53,0.40718789779964276,0.5246557495636159,1,0.6782428971895955,100.0
1,19,128283,7963,35,0.8841864417978582,0.5805883292745989,1,0.7138451658610543,100.0
5,8,98427,7865,42,0.4811451989821914,0.31225612806449565,0,0.6898752015439349,100.0
4,16,56638,7805,31,0.5741494263775768,0.6063021279099803,2,0.8825984528627434,100.0
3,14,104864,8285,24,0.9814469201564527,0.5354229858871143,3,0.9342098076772412,100.0
4,1,112744,3752,27,0.4309588681289009,0.8626878150603443,3,0.678751200082229,100.0
1,3,87758,2137,41,0.6094243674716043,0.374978829412055,4,0.5711735344811619,100.0
1,18,107256,1611,27,0.4507172653861039,0.8321477888460238,4,0.7470533099796735,100.0
4,16,30000,1232,24,0.9121626436080209,0.7998080802937138,2,0.9921642733372081,100.0
4,4,30000,5700,32,0.8218096735224538,0.4692476294481741,1,0.6018408825086872,97.49867219158645
1,6,60533,1852,47,0.8802024326894375,0.35829016783925793,2,0.7260004690268828,90.66811797751248
3,17,93725,8068,37,0.7163677070571837,0.8892834120289872,4,0.6356934016472506,100.0
5,20,128304,9791,40,0.6146320118028827,0.4746010299214394,5,0.9613394418175892,100.0
5,6,61839,5575,51,0.40136417176307565,0.40189208379496877,4,0.7754586537832673,100.0
4,16,68658,4498,46,0.5667563872257485,0.5513256213392345,3,0.7893722295331871,100.0
5,6,92215,8210,51,0.7087321280596688,0.5806179765613364,2,0.5041306233150502,100.0
1,3,77692,6960,29,0.7986172218856501,0.5282615858460616,0,0.8263898777260964,90.410223034077
1,7,76270,8916,25,0.5373624528752541,0.9835367787548659,4,0.6531762107040247,100.0
4,12,79463,1937,28,0.48334050777288057,0.9165744685074451,3,0.7567081719095986,100.0
4,3,122869,8311,41,0.5209689172179228,0.9110828475213619,1,0.7655336914332989,100.0
4,5,117903,4939,36,0.612445631014672,0.579137313364539,2,0.7961122633856763,100.0
3,4,90586,8467,36,0.4890269747208858,0.9740087478169452,4,0.911769695277721,100.0
5,11,131362,5502,38,0.494090400652667,0.7788107074041883,0,0.6494673192896665,100.0
4,3,102725,3233,48,0.42625102000405324,0.8823962680935538,4,0.6280806921019046,100.0
2,8,118847,6137,38,0.9140351166126717,0.6506125875380534,0,0.8979044239213105,100.0
2,3,68486,5081,34,0.5318551744364455,0.41243210523954665,2,0.8593592853305476,99.31791238420747
1,18,73658,964,36,0.8931414634367723,0.9208198534892735,5,0.6128074689211419,100.0
5,13,73390,7060,41,0.6629856316823431,0.6404987175605221,0,0.5004181781877826,100.0
4,4,87831,9551,21,0.7794626888281655,0.9779884363596378,0,0.8329681588783411,100.0
2,17,91497,1584,31,0.44542128169491724,0.4784027079817671,3,0.5785890134528686,100.0
5,9,98104,6678,31,0.7501482992681108,0.994665294001857,5,0.9784981409046973,100.0
1,18,139327,7105,22,0.573997241903981,0.4556972773805043,2,0.8022036416976979,100.0
3,11,108031,7730,52,0.45712597189071746,0.5577167306164286,4,0.9248259107619188,100.0
5,17,77130,3265,39,0.9449394977007013,0.7158115660474482,5,0.9028107591260457,100.0
5,16,89918,1068,25,0.7621768254096946,0.7853261414291466,1,0.7788988623384979,100.0
3,10,127623,1967,23,0.5450245763464114,0.8041975183044849,2,0.71917535680879,100.0
5,2,109546,6658,48,0.6517888064334443,0.6333766862494408,5,0.7483992040479295,100.0
1,16,127294,4954,46,0.6141400804478232,0.35377886980487133,2,0.9014943702284394,100.0
1,0,77932,5068,43,0.8203477995146928,0.6472337062012709,1,0.820225352772501,100.0
3,14,72208,2529,50,0.7644599056164965,0.5342815667754773,4,0.6028585905041273,100.0
4,8,72573,7923,28,0.4118693056371321,0.7603589263131062,3,0.8046775598327942,100.0
2,14,79950,2580,49,0.5186961937628041,0.4275929089159981,5,0.702333289468058,100.0
4,2,63417,7460,33,0.686876783344517,0.5757386273259469,4,0.5306487536421229,100.0
5,18,97379,3897,45,0.6672914753522743,0.9762834078003733,1,0.6906345968847885,100.0
2,12,97809,7713,42,0.7100049291661183,0.36220717946121167,4,0.6138007656143628,100.0
3,11,123469,6427,53,0.8288864999837888,0.7216339105588121,2,0.9192922668920841,100.0
3,19,45993,9089,27,0.8092053990989363,0.36345376033397503,3,0.5524997309613213,100.0
2,0,66396,754,43,0.6236880532851948,0.40989695915797186,0,0.6803117246517127,76.57801072495153
1,20,110139,6430,26,0.9265489767631571,0.72345407202914,5,0.8477459906538727,100.0
2,16,94586,3524,35,0.4377595422691113,0.6107968658044505,4,0.9486959588701511,100.0
5,12,91120,2940,35,0.7507059370670359,0.6839492978651193,0,0.6676583550291583,100.0
1,0,121596,5547,54,0.9698112955417179,0.9159105194165649,3,0.8032192628996575,100.0
3,9,64751,6723,34,0.7294488626951927,0.8720681697576806,0,0.6868247950349109,100.0
2,14,71781,185,49,0.6730637804877135,0.921587014599959,4,0.6014405676909454,100.0
4,6,68837,575,36,0.4803505532178547,0.7313784445867486,1,0.6628589004906777,100.0
4,17,39677,3227,49,0.8861134571629667,0.64275021879981,5,0.8179510816156532,100.0
5,15,93320,4367,43,0.6242769340245472,0.6214383072460152,2,0.8581696693061418,100.0
4,13,76928,5983,30,0.8207475456908129,0.8178659893557108,2,0.6853028027343593,100.0
2,17,71677,9596,24,0.5185281282442342,0.664909914827474,5,0.5762660245924931,100.0
2,6,67164,5812,32,0.4251179217592895,0.37403815738355317,0,0.569778756177936,99.70270863661695
4,16,89556,7044,54,0.5832804715168003,0.3993573168407829,2,0.9063070497816319,100.0
2,17,70036,9422,24,0.5688483168741345,0.5499579373997318,5,0.8266367604794608,100.0
5,11,95539,957,40,0.9240851521163645,0.3474763603798321,5,0.8640154033152252,100.0
1,7,101479,8786,48,0.9188042671508524,0.46746185362195114,2,0.7441271088161097,100.0
5,1,82635,9822,48,0.7203365335608284,0.7594805972494825,1,0.7286598904767653,100.0
5,6,80938,3365,26,0.41139936734331617,0.3087012186080726,0,0.6055750656285805,100.0
2,3,94637,5261,34,0.5369947977522856,0.7228650059070485,1,0.5841698516078471,100.0
1,17,89278,3201,21,0.7834075565280598,0.840649846241281,1,0.5769566722770632,100.0
2,5,123253,5857,39,0.46084504085822053,0.4191076260717681,3,0.9958943237206657,100.0
3,8,97956,6726,21,0.8203733588316683,0.426677994241686,0,0.9104458675206648,100.0
2,8,117389,541,33,0.4071773577752461,0.32019945655943644,1,0.8130648035347412,100.0
2,13,105262,1241,28,0.8095220652215622,0.658715027183423,4,0.607201958315313,100.0
2,7,57039,1707,38,0.9067235457156276,0.7582112898109019,2,0.6688294037884079,100.0
1,18,76043,3380,43,0.6815306317876697,0.6198367074592331,0,0.6753928581232952,100.0
2,2,88797,1555,46,0.8974485940660226,0.5726141667383482,3,0.7388367030072202,100.0
1,17,111711,1447,40,0.8689166399463217,0.618088972105567,1,0.7109983971452505,100.0
4,4,138195,8572,22,0.8028514901006063,0.8470697531072586,4,0.9670765920782913,100.0
3,13,77896,4514,46,0.6670895688387002,0.32346001514175127,2,0.8604048312871417,100.0
1,3,91381,5512,45,0.5631424266408963,0.8486729925828258,2,0.5407026219948832,100.0
4,6,109997,7618,50,0.9165183773013211,0.7664394809667538,4,0.6799784000337226,100.0
1,19,88554,6007,38,0.789154227797769,0.4689985879101939,0,0.5664813147476075,100.0
1,11,131102,5576,27,0.8788101011503457,0.6673178083681275,2,0.639677277466987,100.0
3,1,56305,7796,47,0.7311801566373352,0.33450346945671117,2,0.9794465016770388,100.0
5,10,106950,8818,31,0.5031198606963548,0.5657120692375108,2,0.8526317725874955,100.0
5,13,106705,4176,28,0.9876627637081218,0.4218297353539944,5,0.5039260980246912,100.0
1,15,118800,4024,31,0.5096432508745825,0.31561027021445776,1,0.6644306462212624,100.0
2,19,91551,2266,44,0.946744900614942,0.5499626484361761,1,0.7193508685172082,100.0
4,5,112288,4364,50,0.5248831876269844,0.8082786921761049,2,0.8012507145163836,100.0
2,3,83771,3320,50,0.6242496650478615,0.9447153071508829,3,0.7498635089923251,100.0
2,14,69965,7409,35,0.664050066722456,0.7635844591634549,5,0.5348863753014665,100.0
1,0,66319,941,44,0.9528255937168871,0.5813790896912733,2,0.7577737343417408,84.82026383007405
1,6,53964,2339,28,0.932919142547838,0.9996472786813142,0,0.5651296380265375,100.0
1,11,78966,403,40,0.8939325867714616,0.4980604556701472,5,0.7595998843658202,100.0
1,9,97787,2475,46,0.6260050884974406,0.43099200289572637,3,0.6230343049860527,100.0
5,4,84796,3287,44,0.4026959480973521,0.6245775884581426,0,0.57209614953785,100.0
1,11,94949,5440,42,0.8089499920645116,0.6534379908092653,4,0.6439614695527475,100.0
5,17,120871,7012,25,0.6465723006791223,0.5483763660303284,4,0.5498110392656642,100.0
5,9,77062,8827,35,0.8542349157024614,0.786849355331724,1,0.641991861659907,100.0
1,5,148507,5998,49,0.8769112276501301,0.42870508834975196,5,0.933466352284761,100.0
3,11,108881,7519,35,0.6638340417504545,0.6572378318255642,1,0.6535853485817513,100.0
4,6,85076,5942,47,0.848861539190169,0.6500888709505517,1,0.7351110170727444,100.0
2,17,84509,9367,28,0.9039623683118064,0.8766504958771475,5,0.759904179109804,100.0
5,1,64796,2791,49,0.9570856789609,0.9488777391325633,4,0.589145379667229,100.0
4,9,89357,1649,39,0.7494731994936366,0.7642861115974617,5,0.7208922294961514,100.0
3,14,35960,8983,51,0.8670872614359295,0.5137601132342487,0,0.926490560791308,100.0
2,11,121394,2284,29,0.6967389221257883,0.7827277139078037,3,0.5402635368860156,100.0
2,16,30000,2490,30,0.4249978002579773,0.4759597904683507,1,0.9614098108877902,100.0
5,3,91043,6809,30,0.49313285667951,0.9765810733356763,4,0.935556784458353,100.0
1,6,61400,8557,53,0.4769347055438021,0.8756534833578988,1,0.927914759345775,100.0
3,8,72470,4684,45,0.5030593540692874,0.6018331788262266,2,0.5992713878352328,100.0
5,18,75696,3532,24,0.406127649767706,0.8490404619991172,3,0.7421567992582426,100.0
3,6,138140,6114,25,0.9152240939590915,0.5860589517533357,0,0.8080777352529507,100.0
1,1,62418,5829,43,0.7360895919694075,0.3522271111458235,1,0.5499749620058734,83.61944444455267
1,5,112856,173,25,0.6298900018067606,0.7947382111004238,2,0.7784227562677988,100.0
5,17,119010,6932,28,0.6458673229461851,0.5832296831199084,2,0.9200216067639119,100.0
1,5,31539,3391,37,0.6780106562313217,0.9512238717487032,3,0.9682769695594886,98.24054794960801
4,12,74616,2074,21,0.44433010025175557,0.5145928500305006,4,0.6391642632723019,100.0
2,18,127111,6599,32,0.5647992469479521,0.8903329750182152,4,0.6443696612328274,100.0
5,1,57130,7457,34,0.910975862255251,0.7763064916447349,1,0.6353653086849556,100.0
3,11,119956,3994,38,0.8462051417283907,0.8973272312895237,1,0.5767250365569552,100.0
4,14,89553,3897,30,0.7380433229523446,0.5043173139654888,4,0.7153568769077858,100.0
5,13,88472,349,35,0.6884223908019778,0.6229417823230509,0,0.8922344241230032,100.0
1,5,91737,4831,53,0.5553839109945397,0.876190307864801,0,0.8560443203090995,100.0
1,17,98564,3791,39,0.6827529817882633,0.7506731734291734,2,0.9501596756589801,100.0
1,4,66109,3600,54,0.758713165640089,0.5519453296467343,3,0.6778707413549682,100.0
1,17,83489,5140,45,0.8275827708589484,0.65839693799651,0,0.7861096258776041,100.0
3,2,99264,7701,36,0.4999841126513943,0.9972686660542929,1,0.8832677472911235,100.0
4,2,94422,9847,28,0.8878661610824664,0.8192935967897172,0,0.9490866520431454,100.0
2,9,98730,7325,41,0.6074867662202935,0.7301658569460203,3,0.9358771559949809,100.0
3,18,72032,7743,39,0.7019548499742132,0.879537966303461,1,0.7327587972147868,100.0
3,2,105807,5059,31,0.7647425899577995,0.609421237140519,3,0.9534289168423891,100.0
2,11,93161,4714,31,0.6928570937326199,0.9650448032526797,4,0.7220278796464563,100.0
2,15,50482,648,31,0.7431741424924714,0.6864148600869845,3,0.9514161089944039,100.0
1,16,76715,7719,42,0.46691407880972274,0.528810504738402,3,0.888485403447353,100.0
3,6,67612,5153,41,0.659293273065181,0.36021398430014256,3,0.6108239610963151,100.0
5,12,67290,1234,47,0.5682804825617358,0.5629866534730564,1,0.9648338370765549,100.0
2,1,78087,4255,38,0.4516156923321221,0.6980468639255992,3,0.6212322954669078,98.95369327462879
2,3,105336,9751,50,0.5149895353791966,0.7922736971132709,3,0.9542099810904244,100.0
4,9,74330,5433,53,0.761466739856475,0.9125816850377513,5,0.807554534724523,100.0
5,6,95626,6617,41,0.5180118415908702,0.9607725847266704,5,0.8336880536003285,100.0
5,16,91529,7417,22,0.508638406071456,0.3717176923267894,2,0.5546667415088692,100.0
2,19,70523,9707,33,0.7316982594319819,0.7206334901984703,1,0.5328705142196102,100.0
1,5,81379,8083,22,0.9428215040241911,0.7666127544141181,5,0.9841705121701531,100.0
4,18,111621,8162,51,0.8732157103838978,0.4204446718953512,3,0.6684638628628659,100.0
5,4,93745,9577,30,0.9430534663119102,0.6819204761843904,0,0.922185560098548,100.0
2,9,103720,8869,43,0.7497881213779092,0.5343835449061926,3,0.8522377250950481,100.0
5,8,121812,5778,42,0.6459577362751643,0.35419213239013936,0,0.8020691905767156,100.0
4,12,100873,2384,49,0.837784819325166,0.34610619381699953,4,0.842604976056506,100.0
4,18,41982,4100,53,0.5568184169095906,0.831449086310275,4,0.5446935851057282,100.0
3,20,96764,1025,51,0.4468323748032422,0.730818816310415,1,0.7061976231568855,100.0
2,5,74547,345,34,0.6067688756386813,0.800585174761258,1,0.8035381953005076,100.0
4,3,135257,90,30,0.5795420184922104,0.7796947081754753,4,0.9337814774526563,100.0
3,2,99981,2144,38,0.8053233566902853,0.3940186098454307,1,0.8573436748006172,100.0
3,2,75064,267,31,0.7308176072870887,0.40609567956660925,0,0.6264036333298573,97.91915419753406
5,3,104162,194,23,0.4829577904334713,0.47673860694498155,0,0.9924631449454532,100.0
5,4,92269,6851,22,0.9451025078622818,0.5793704108752828,2,0.8215182954100773,100.0
3,7,47051,132,28,0.7560033643028825,0.9574233574563424,1,0.7506583090467842,100.0
5,15,111576,8066,51,0.6746105352542662,0.771724652968061,1,0.8906894068049478,100.0
4,2,79861,7273,28,0.9623169562711922,0.47862035411502424,2,0.8013502022374751,100.0
1,11,125515,4710,22,0.45838110927874054,0.33918887127913794,3,0.8549942730842841,100.0
4,7,86889,6668,42,0.8737557628838306,0.7789567515644611,0,0.8085666196241995,100.0
3,12,125982,3524,25,0.6187993034320056,0.7377229295712364,3,0.5894190121158931,100.0
3,3,100622,5643,27,0.817233850554383,0.7730343928534957,5,0.7716780304188147,100.0
4,13,114353,6087,40,0.9584352565886072,0.48282575784100584,2,0.6415505767450269,100.0
5,13,77704,1404,48,0.7106278482912505,0.6618742520577543,5,0.785144222604793,100.0
5,12,98825,2362,33,0.4135832940572484,0.5531919609740423,5,0.5627517718816006,100.0
3,5,46844,9510,22,0.4173089381034028,0.8723892572620215,1,0.6159828793203461,97.8821522843007
2,16,86824,5971,52,0.5983364914512259,0.3485776634830675,3,0.9043612967246129,100.0
5,3,52886,3954,46,0.8689949316370371,0.4928092526091451,1,0.7026352718200823,100.0
4,7,61425,6415,23,0.5729568058441497,0.7220676209192582,2,0.8368924428224713,100.0
5,16,67729,500,33,0.6006811605317306,0.44365664395181503,4,0.7489242455331727,100.0
4,2,106510,1064,41,0.8706764279185413,0.7708994051810121,1,0.6703486202884985,100.0
3,16,86315,711,43,0.46971350435156856,0.3957407522401071,5,0.7475876252080349,100.0
5,8,90785,2944,27,0.9080877771777314,0.3159686043122922,5,0.9068500732779174,100.0
4,1,85635,5397,37,0.5594755093324639,0.904446172991584,3,0.6408003318820583,100.0
3,12,117018,6047,48,0.43073384261734493,0.5334110809850962,3,0.7107218059591158,100.0
2,19,90101,4705,50,0.47040562384221357,0.4097942881427226,2,0.6012916422244321,100.0
4,1,96220,9336,25,0.9715329320432942,0.42089631802205985,3,0.6755944829265546,100.0
2,19,75743,8281,44,0.6707943730263211,0.9201267758241953,0,0.9425548545219171,100.0
2,10,118735,9037,27,0.5538628635990749,0.7581019843027685,1,0.8928612560657936,100.0
1,14,120609,8853,54,0.7127625701075171,0.969442386613063,5,0.6868076463716137,100.0
5,10,89077,426,53,0.8094079920362802,0.8600282263645345,0,0.5661972920311553,100.0
4,2,75392,5576,47,0.5912790448264416,0.8372798795197185,2,0.7099850119498619,100.0
2,2,49600,5183,34,0.8351627218966144,0.6498744617025576,5,0.8858612028090554,100.0
1,11,68285,6009,39,0.5513512305443212,0.8745634290943018,0,0.5219004984789406,100.0
3,4,35822,3876,32,0.4674023392264244,0.5888567769092962,0,0.8726703405183545,84.80931413678535
4,19,67233,8947,23,0.729824932221457,0.878900347922648,5,0.839954965404484,100.0
2,6,98924,2012,27,0.4906712055364782,0.830418904180986,1,0.5323244712439243,100.0
5,6,88740,249,45,0.964290927219484,0.7749070379172357,1,0.8178201446538897,100.0
1,12,148081,1954,35,0.4002694168791105,0.5308013301744197,4,0.6493279234845275,100.0
2,8,80723,6571,39,0.8534176599799279,0.7414981461159921,0,0.5886426601671728,100.0
5,20,78771,9057,39,0.5676839223741466,0.6547513373425554,1,0.6924409756464969,100.0
2,12,116569,5877,43,0.9076521170634202,0.6230800068481368,0,0.6026938803392372,100.0
4,11,41826,3204,31,0.43609053024422517,0.9931724333684329,0,0.9122779391863547,100.0
4,12,52955,7743,41,0.9718003589797429,0.653078480881329,2,0.8710002529100549,100.0
4,9,106596,6369,54,0.4608369302998081,0.3223903437825669,2,0.9903764752021589,100.0
1,0,85114,7597,27,0.8727296530212671,0.7385275083573258,5,0.7670374232116994,100.0
4,7,85687,4814,47,0.7104053281813627,0.8096075915193466,0,0.5446029108877233,100.0
5,15,66571,1363,43,0.658236875126551,0.9196287085217207,2,0.6838843108226544,100.0
2,12,95994,2890,40,0.568093471546163,0.7428793087059788,5,0.9193185244608646,100.0
3,2,69799,689,47,0.9048217211494392,0.3136199820389562,1,0.6984316054153661,96.54957571037303
5,2,91818,8688,28,0.5198508385197701,0.3838210350678344,0,0.7278375635324448,100.0
5,4,61037,3630,23,0.8327447649957156,0.4128680344106096,2,0.7059854313787575,100.0
4,10,85440,9640,22,0.6674749906168038,0.44788294711879056,1,0.6176893450341923,100.0
1,6,140621,4324,42,0.9990970042883619,0.8598438280085021,0,0.536597605659185,100.0
2,20,79376,6874,26,0.7668394121018636,0.51683203500642,5,0.5902801619504707,100.0
1,9,86706,1494,44,0.46251376229426105,0.5186536259396024,0,0.6819715388606107,100.0
2,9,84936,700,32,0.6517127134911997,0.8289112086844097,2,0.6227188445960676,100.0
2,19,94363,8093,37,0.4397793882311175,0.5887056021649493,1,0.7863675999952575,100.0
1,1,101703,6135,42,0.5713933806334688,0.3452476723676621,0,0.806952830455965,100.0
5,2,96430,9214,39,0.6059900769286628,0.7095885120324444,0,0.785033037418554,100.0
2,7,96982,6678,29,0.9119059650037618,0.39104738055325505,5,0.5424595179518257,100.0
1,10,85479,2357,32,0.9027924859645214,0.7001649959784253,4,0.833430159983231,100.0
2,12,92507,3718,52,0.40693433199004075,0.8457466753353302,0,0.6922897423408232,100.0
3,6,84651,6386,51,0.7193671690030554,0.9506427461290912,4,0.9390793886290538,100.0
5,12,44691,7940,37,0.5341262533619695,0.34693682486446703,4,0.7628071844927466,100.0
4,1,155765,647,43,0.5920558588273335,0.5127766086337434,1,0.5422573344289154,100.0
2,5,108204,5876,30,0.41299077131532114,0.7567247881055766,3,0.5046090447502787,100.0
3,8,65517,6803,50,0.8498475192671877,0.5208171019913523,5,0.8512561461988466,100.0
4,19,95751,3018,39,0.9703538654514408,0.615717927835127,4,0.7002553681388497,100.0
4,1,56346,7226,46,0.5315602241883111,0.31406360378100723,1,0.6439979368390121,88.00906354605839
2,17,77644,7382,46,0.6050637202286995,0.785448604313288,5,0.7235895204632221,100.0
1,15,52950,5610,31,0.5238603968379185,0.9182960920584089,2,0.5361964471115688,100.0
2,11,88720,1409,40,0.9580291981849172,0.9838017534690684,4,0.6959921673713215,100.0
3,6,50466,8013,24,0.4056135807444561,0.8813733442690341,3,0.6573498791511527,100.0
4,6,99710,1515,32,0.7503173687746211,0.32224338369671474,2,0.900094569716174,100.0
2,16,107055,5852,45,0.92245837667329,0.7562977777237666,5,0.5874270038427076,100.0
1,12,69325,8451,30,0.5117843044692081,0.6469614724197088,4,0.8781584517640681,100.0
2,10,94022,5330,42,0.7539971748172494,0.9565268452497406,4,0.7502012662788352,100.0
5,5,68000,8737,27,0.43038886291893097,0.9314972052857895,3,0.5409439745427136,100.0
1,13,102793,6453,44,0.8887510801406856,0.9916323220675449,0,0.9848392741798904,100.0
3,5,72784,3559,22,0.564657473663763,0.9033539569831779,3,0.8671048246841269,100.0
4,5,109724,6962,52,0.9932520503171564,0.6828244937000054,1,0.6300471336445225,100.0
2,1,44710,8659,41,0.9532057722938662,0.800430360787074,1,0.7908766443004157,100.0
1,19,64875,2748,27,0.8395095819596283,0.9752740654565779,3,0.949967764906986,100.0
5,14,62279,3379,28,0.698105584822895,0.7046817094366147,3,0.9654034839238009,100.0
1,16,95083,4145,41,0.8599534671165411,0.8879854309085844,3,0.8655790200990907,100.0
5,7,103877,7993,28,0.47836542852565733,0.959546913285442,3,0.8638350773013727,100.0
3,4,97015,3421,45,0.5861197837685027,0.6993763838741558,3,0.6386806235120498,100.0
4,16,77275,5645,48,0.41613783314611424,0.4114079722561238,4,0.994880975596034,100.0
3,19,30000,4079,48,0.7870147849658441,0.4088943751981501,5,0.6217406024190808,100.0
2,0,90967,6261,51,0.8833225828489086,0.3807220219175719,5,0.5447032154917311,100.0
1,17,109701,3195,45,0.9677713321079006,0.6334262261924581,2,0.9886900868172301,100.0
5,14,157012,3248,32,0.8119043110301447,0.6360991047909279,1,0.5764227321009463,100.0
5,4,79390,8462,51,0.8392547441336375,0.7321598318598426,1,0.7608067391761149,100.0
1,6,73367,5747,38,0.9372734669409707,0.6380109698845225,5,0.7341217019130264,100.0
1,17,98006,9449,46,0.9618268173148757,0.9811385108388173,5,0.9241030117527574,100.0
2,5,83596,2583,26,0.6947785299218234,0.503917574419267,2,0.6983296131477744,100.0
3,20,121884,6863,29,0.46587243382496457,0.9116716378812577,3,0.7510907299650218,100.0
5,4,69795,135,31,0.6798503859232943,0.37023129933203625,5,0.5218688497189619,100.0
2,18,83778,9431,51,0.7336443177233738,0.7213423746257114,5,0.6039186545631794,100.0
3,9,111905,1316,22,0.7789268628373265,0.7538276521516734,2,0.916497829152818,100.0
2,14,97709,2111,49,0.9935707343855641,0.8405610886035155,3,0.7391806011895905,100.0
5,9,119030,145,25,0.9505379291744623,0.6521155490616404,1,0.6154658600056978,100.0
1,15,79085,7321,43,0.6378185216474371,0.43805840091771175,5,0.6844536718066712,100.0
1,11,121582,1469,27,0.4680722117624259,0.558298328794408,0,0.6425478115366428,100.0
3,17,48403,4241,33,0.5288749589336026,0.49051306154694047,1,0.7781104036624596,100.0
4,0,49404,7666,30,0.5042797737000524,0.5933738609446415,1,0.5257230091110034,89.91430446876413
3,15,121975,822,36,0.613607636289398,0.6709778153988901,0,0.6124849253730251,100.0
4,5,90183,7910,35,0.9258935703671393,0.7375492039640745,2,0.6774824979548166,100.0
2,2,113020,9053,39,0.6627811036892316,0.8915853614417337,4,0.9641070518318626,100.0
2,1,92486,9946,41,0.7403664228387143,0.937007224742249,3,0.811639104755194,100.0
5,1,89823,7578,35,0.5075001249032289,0.6238068994309575,3,0.7521268278062649,100.0
4,12,56799,880,34,0.6957089685906379,0.36207000614937773,1,0.5954117268897225,100.0
5,8,89329,8836,49,0.9241766328401751,0.8579456327212043,0,0.7789265100947222,100.0
1,15,124040,678,25,0.8640779581108461,0.634010407598273,1,0.9645047752667201,100.0
4,4,91416,1303,38,0.448714429479413,0.6825126209598827,1,0.7831546522828148,100.0
3,20,107051,8470,21,0.9172433612500691,0.7170558979810568,5,0.5823870284773907,100.0
1,6,106359,9062,47,0.5642968584519559,0.7675074311193931,2,0.9985594985989203,100.0
1,12,64682,8683,47,0.7994297496039804,0.9230706020227555,3,0.749428792461437,100.0
3,19,111428,3400,45,0.4878297430856388,0.9665023366471337,4,0.6597776316927618,100.0
1,12,82156,9463,41,0.8047866220514812,0.9581185233408007,0,0.7516880661681191,100.0
4,6,83508,8304,34,0.421420857314298,0.8666245565981241,4,0.6318453976197507,100.0
5,9,142442,5559,40,0.7603868206421307,0.922469577508662,0,0.5151865838928118,100.0
1,14,104932,4897,48,0.7875641024568065,0.33475833826385054,3,0.9447606441418572,100.0
4,20,74037,4344,41,0.5466980284354385,0.8943788665182602,2,0.7144372154177762,100.0
2,5,91613,5694,43,0.962185653826288,0.35058566579781714,4,0.8764463501227431,100.0
4,4,90915,9083,31,0.4275834323202877,0.8223357353104146,0,0.9856276899464467,100.0
5,1,132152,6760,22,0.9350255960709634,0.41855453511556534,1,0.8162937882394794,100.0
4,20,90986,2245,40,0.6291384925855186,0.552077312068361,3,0.8458081692982627,100.0
3,14,145199,4993,44,0.8283488450215035,0.4289285754079828,2,0.9716204737989294,100.0
5,15,57581,7762,45,0.7909290564087613,0.6104231456460942,5,0.7582772230082863,100.0
2,18,89191,5029,42,0.5009477296167973,0.5882232106716341,1,0.6599499389496319,100.0
3,8,70928,8051,44,0.5913995653539152,0.33364399078092066,2,0.9606921283267131,100.0
4,18,77629,2587,35,0.7178040885475203,0.8813485615719248,0,0.534497054388969,100.0
5,6,78171,685,32,0.907906162230764,0.8979305470560976,1,0.6073039768698966,100.0
2,3,72217,2449,51,0.9729160455612812,0.8512550708034969,5,0.6706323236445888,100.0
3,2,133254,9883,51,0.4123519800023451,0.8933246222618882,5,0.8910558105651953,100.0
2,19,125564,5597,50,0.6115349532826052,0.8256153247179048,2,0.9519507233592766,100.0
4,10,100066,5955,40,0.8008863547494776,0.9562391117612006,3,0.7258932748803995,100.0
2,0,78141,9478,28,0.7166376599456002,0.7034745751398636,4,0.6430638458374525,100.0
1,5,72919,4777,50,0.9658132695140554,0.7078497826103303,5,0.6766053621589276,100.0
3,10,108545,7014,41,0.4101816607215687,0.9019369358976339,5,0.8282736571178961,100.0
2,0,97503,7738,48,0.6626436391705816,0.5445908827030177,4,0.5790035583017901,100.0
4,20,86379,6619,37,0.8012823086827734,0.3350576479417997,1,0.773715392935608,100.0
4,6,103529,4944,32,0.5305502283207736,0.8248987767787139,3,0.7942216490092898,100.0
2,5,112276,3658,38,0.8355228316689691,0.47821242558725385,3,0.8539278752043966,100.0
4,13,86148,7141,48,0.44873717693278514,0.6319650684209721,2,0.8019489541419376,100.0
5,1,70316,1322,23,0.6706231176887892,0.4683078849721494,1,0.5484778107330662,100.0
5,3,56972,9275,35,0.8057409737144228,0.8789635964197389,3,0.8443994438604678,100.0
5,10,96265,4109,36,0.560054276944289,0.9708050755556339,2,0.5108737153199219,100.0
1,14,144181,1664,42,0.4443078506051577,0.33851617252041144,3,0.6951544018060297,100.0
2,17,62233,6028,51,0.9742129658796657,0.4633601420245678,1,0.7085314688568183,100.0
1,0,117486,1295,51,0.9482938172771576,0.43269348667071705,3,0.5583152409950685,100.0
4,2,73111,7862,21,0.9558219469670397,0.7712424589190265,3,0.5049285697176864,100.0
1,2,78149,8736,31,0.9871014299786368,0.6000748798427396,3,0.5355809206739507,100.0
4,6,112873,7056,26,0.5108188326468229,0.6193831644599592,4,0.7231499811923892,100.0
4,0,83618,5190,43,0.49466559867546717,0.4099553590662401,0,0.6201771209838769,100.0
3,10,96206,1389,29,0.42052875172460624,0.5903142490708568,1,0.534490198901562,100.0
5,5,95727,655,36,0.9350936725706694,0.5122597964363678,4,0.6282027054738009,100.0
4,19,73151,8225,39,0.8516577046815712,0.727833640269475,0,0.7644111772194906,100.0
3,2,112377,5422,33,0.7799574466710966,0.45206676011573294,5,0.8710694194754802,100.0
5,18,88460,4662,52,0.9566056955116824,0.7303679387882331,3,0.7060006734991057,100.0
4,1,55287,6844,29,0.7450459686954982,0.5644216343012474,3,0.8065744801882997,100.0
4,17,67687,4461,51,0.47783845163532884,0.5424061934198774,4,0.7983823370850359,100.0
1,11,30000,6113,51,0.5061186849610048,0.5138896439127095,2,0.9481572538655086,100.0
1,9,91299,7094,39,0.47931035820285794,0.7716834458180809,1,0.5896971365559313,100.0
5,4,122601,4134,22,0.5845948076338195,0.693692883803083,0,0.7382152217507765,100.0
4,8,63821,374,52,0.6276980998681683,0.8962051900014991,3,0.8159148657587589,100.0
2,1,104638,2665,54,0.8781034388108124,0.4691271243027729,1,0.7598611625273337,100.0
1,1,100764,8610,21,0.5147523468672061,0.32808370558787187,3,0.7251707929309258,100.0
5,5,71203,7443,41,0.8352190917062212,0.427416437286537,3,0.9867294913588809,100.0
4,9,128413,1324,23,0.6947371012687046,0.5403494550302135,3,0.9710069172352176,100.0
4,17,83183,5282,47,0.9997959526769638,0.42575849321596304,1,0.8057277225264432,100.0
2,11,140256,228,27,0.8659494766269215,0.35845747425445207,4,0.7197878546791344,100.0
5,3,49108,4713,53,0.9813717931919756,0.611736931218698,1,0.8776910606532834,100.0
4,20,83271,5141,29,0.605410900981197,0.7738535646267074,1,0.7564673732083897,100.0
1,16,86243,1549,50,0.47383011589975477,0.8260995368677841,5,0.9977848107221701,100.0
2,14,88984,3443,38,0.7035374830871235,0.5791091273030224,2,0.8429686476112763,100.0
5,5,107908,1612,46,0.4745436843180844,0.6346312161829337,2,0.5340800298234454,100.0
2,15,174953,2714,40,0.695471022917239,0.8288293453623603,4,0.700955327200312,100.0
1,16,101376,5074,51,0.5619646157052283,0.5468954812158415,2,0.8651323489075672,100.0
5,2,90606,3658,28,0.6946283274568521,0.8493363478875808,4,0.9211846221345126,100.0
2,9,62595,1115,43,0.9697817221731795,0.9771632459192789,3,0.9066847499864644,100.0
3,4,42747,5746,45,0.5734204385340983,0.9163364363389663,3,0.9886188621672183,100.0
1,13,119256,5822,21,0.9960604296217367,0.617516735680919,1,0.7445602474962545,100.0
1,20,76330,2498,38,0.5375976816424513,0.7056629464222474,3,0.5700335211056031,100.0
1,12,155103,8818,39,0.52486502739822,0.8014984706592465,2,0.8261215904992638,100.0
3,5,111705,2428,26,0.7268731137995135,0.5445103097053265,0,0.5353744535793141,100.0
3,11,98538,37,37,0.9052269629896513,0.8594666699834002,1,0.9867616521543847,100.0
4,7,99853,8217,28,0.8497021115090457,0.6058418966963717,4,0.8792665351214843,100.0
2,4,100099,8534,29,0.8341221611775791,0.8927890906703038,3,0.9910741732133093,100.0
4,14,72635,7987,47,0.5695797646912786,0.47831372644824577,1,0.6886264955084709,100.0
2,15,46212,4671,26,0.4135100656421943,0.3079646394329826,1,0.5078983475013699,100.0
3,0,76232,4559,26,0.49704897408655146,0.7428818771806625,1,0.7606448490521397,100.0
3,15,89541,3963,24,0.6096839806835035,0.616322382245188,3,0.5605916356669216,100.0
4,4,73804,4271,42,0.9830102503421204,0.3418761819122922,4,0.8398138483459981,100.0
5,2,57847,8133,47,0.9518664747843277,0.6413286471511529,1,0.7487757124742748,100.0
4,19,71294,4983,22,0.5203867523596596,0.4179988917950604,1,0.8767234881175925,100.0
2,14,115893,8446,29,0.8353734867908174,0.7408244138767442,1,0.6455343964619873,100.0
4,12,108704,1366,31,0.7474101141420288,0.6115319043514471,5,0.9145827821677363,100.0
1,15,94285,9144,40,0.4299055900526358,0.4197873263334663,3,0.8254102727353582,100.0
2,10,104677,3477,34,0.6230233667791538,0.5883572630484581,5,0.9938548614579916,100.0
2,20,61701,6974,46,0.6916442442195416,0.4628961657242281,2,0.589278516265795,100.0
5,1,70114,7077,50,0.8005444740100611,0.7571677463310402,4,0.525586376165978,100.0
3,5,97775,1755,26,0.5769430696086661,0.5066003618320112,1,0.9255249691656533,100.0
2,5,64887,3889,23,0.9602911774326893,0.875412145035912,5,0.6692256431083292,100.0
3,13,92709,3787,21,0.6711274340222018,0.3099142438440586,1,0.7156231820035941,100.0
4,10,58436,2125,38,0.5491177744701791,0.5823925835796063,5,0.9628341311581076,100.0
1,7,48759,6267,43,0.5898568523483486,0.7319563189115798,1,0.7203484059307605,96.09697659385205
5,7,108401,2277,52,0.8511312571713785,0.31582579911441405,3,0.6490095381639912,100.0
3,0,115676,2277,49,0.784171220544738,0.45108933176683824,2,0.5297477472891003,100.0
2,20,74229,9698,43,0.8453068128674681,0.5291939716706219,1,0.7214676694344876,100.0
3,6,51988,7096,26,0.5754050951925399,0.31529118820764096,5,0.8274757629722262,100.0
2,5,34790,4491,37,0.5961091711021267,0.6826834933954693,1,0.6345875288686098,94.20170906323945
3,20,136050,7475,38,0.638031469930471,0.7416078723591379,3,0.8588896986516144,100.0
2,7,92784,939,51,0.5131557990970024,0.459265576269123,4,0.7391319740162271,100.0
4,18,74800,7783,26,0.8146267269617489,0.6804379091298649,4,0.9290536460580546,100.0
2,20,80902,3334,54,0.5976097084467091,0.9993888224102481,2,0.5808687361379952,100.0
2,19,42166,4597,47,0.5957417344851648,0.9208435014231238,4,0.8785398316325285,100.0
1,7,105497,366,45,0.5616189819322839,0.3410625821203429,1,0.9662762883560018,100.0
2,13,140002,4320,30,0.6716966828208553,0.3895177250914276,3,0.8706989680808389,100.0
1,17,70431,4074,32,0.8631856475405264,0.646082324944529,1,0.7029686645213478,100.0
5,15,149586,5509,31,0.901365223274964,0.47164078040530044,1,0.615227883472157,100.0
1,8,87089,3851,23,0.882704726609936,0.3566784660237816,2,0.5491837083490949,100.0
4,14,131668,9028,42,0.7727161465671322,0.4781881449220032,4,0.8211848488758059,100.0
1,9,97680,5343,24,0.5682565210349669,0.34282466837166176,4,0.5714271578007715,100.0
5,15,97653,6681,28,0.8409131234850267,0.6709387094809542,4,0.9191520078143618,100.0
4,3,136098,7069,34,0.42361716504527724,0.6431750725694447,5,0.980368671347722,100.0
3,19,109567,675,40,0.878891444386269,0.3044283074893051,1,0.5678945891214562,100.0
3,12,99371,6863,44,0.8681365384399449,0.6377614769507505,3,0.6880264756039334,100.0
1,4,41466,563,34,0.8020006679058868,0.6638636030826937,3,0.9686360527346347,100.0
1,6,52319,8529,48,0.45875526999134664,0.7239926187081192,1,0.7353522910899506,98.25722838061341
5,8,101463,7055,36,0.9984048013169786,0.9790698070845532,0,0.7677080281830677,100.0
5,7,126694,9390,52,0.8538455154405972,0.9878846989364003,1,0.8737579994819142,100.0
2,15,93211,7293,32,0.8408840986047357,0.6688505174695755,5,0.6052667054543814,100.0
5,5,75217,159,36,0.4384047115175869,0.8916306883268477,4,0.9895745353743037,100.0
2,15,44020,2863,39,0.6392230759437392,0.3596160389932164,1,0.8904417655038419,100.0
4,5,70410,2746,25,0.45170379978818886,0.6718082357010527,5,0.5806866849044116,100.0
1,13,93274,966,32,0.6166222040854245,0.7752300414567732,0,0.555534788584386,100.0
4,20,68588,5190,49,0.7422913326143101,0.6953101736986838,1,0.9674771134938427,100.0
5,0,65888,8617,25,0.9273233130139692,0.4615046961179295,4,0.8425138999384412,100.0
4,8,88722,2655,37,0.5697626397966982,0.34386059041322764,2,0.519283653061559,100.0
4,12,126210,3784,28,0.7740487914893648,0.5706684992026327,3,0.5709936102617204,100.0
4,18,107117,5023,50,0.4987911534068834,0.7533497484507311,0,0.5239146226129263,100.0
5,16,97146,94,30,0.6123783141653345,0.9941991515588933,2,0.9870408532094654,100.0
4,10,94712,1945,40,0.9683424851417997,0.46557341596876234,3,0.7489254496095048,100.0
2,7,103779,9618,36,0.8485845493496389,0.9424529367979686,2,0.7310742193309521,100.0
5,4,87246,9272,36,0.7274834585123031,0.3477829796676848,1,0.977889383089428,100.0
4,9,79722,9723,23,0.551018079493697,0.9516924917467846,1,0.7523179977342396,100.0
5,6,108454,6759,43,0.6278231335863332,0.8826567375090209,3,0.7588774234798632,100.0
3,9,84365,1511,42,0.4940160003115087,0.31466174691229354,3,0.9920485816766669,100.0
2,3,60285,6579,48,0.6120803158582365,0.5087297618620652,1,0.555716108373647,96.60334853204671
4,8,126082,2483,24,0.49037969577231544,0.33566965757497347,1,0.9928773983939949,100.0
3,13,43251,745,44,0.8771842198066686,0.9968541100706916,5,0.5828389499104529,100.0
3,1,127958,2848,39,0.44845545396537295,0.5994908032086433,3,0.7364557318075259,100.0
5,8,102661,2572,31,0.5136432878842631,0.7635214637274461,3,0.6688068398106675,100.0
3,20,65771,3916,38,0.8147000378684524,0.4639334023756707,5,0.9777106242993099,100.0
2,0,90606,1282,32,0.9415100274523474,0.9536153670672862,3,0.7427516544106134,100.0
2,9,79278,4846,34,0.978754965860561,0.49192186197763016,4,0.5115072583954228,100.0
1,9,110193,1872,38,0.9016137500444661,0.48215022511160893,5,0.6108455671469943,100.0
2,19,109698,4236,32,0.526883065819735,0.520220067158947,4,0.7154060230431005,100.0
3,2,101534,9965,47,0.5714267714992298,0.6237424152554945,1,0.8381952038144938,100.0
2,5,108659,9024,26,0.9224514117991317,0.3129729083607977,4,0.7809514991774745,100.0
5,5,87129,552,44,0.9335997788464665,0.7184862500896592,0,0.9249546468683101,100.0
1,20,134041,6219,53,0.7843918994920676,0.32216605799851666,1,0.9142167940164581,100.0
3,1,120590,2775,36,0.5881846595121221,0.6774417414177152,0,0.7952546502612304,100.0
1,17,78074,7278,32,0.534433997827586,0.6205194315274783,2,0.7856574682284956,100.0
3,1,110271,894,51,0.9113696195576478,0.4697829406954871,0,0.6390823580037818,100.0
5,11,108089,3659,33,0.5231529990698535,0.5308376120195787,2,0.9789529324972541,100.0
1,4,83505,6900,28,0.7970826104094502,0.7939618678712688,0,0.5384256688693404,99.10364075117114
4,19,81543,3581,23,0.9807720056404793,0.3067182639099774,2,0.6985151292246213,100.0
3,6,120362,3943,40,0.8231748354998767,0.5216529966180318,2,0.8304179448130141,100.0
4,15,89632,5866,24,0.5546021878987586,0.776208077915407,1,0.9728315500428566,100.0
1,19,96504,3676,22,0.5695035407646669,0.40659170578178505,3,0.7507648851915045,100.0
4,0,125027,9923,43,0.45573686525254326,0.6922699579302722,3,0.947959663253311,100.0
4,0,153333,8576,39,0.8117424939764872,0.41825304993789886,1,0.552399888998043,100.0
1,16,76834,567,28,0.7110614088782796,0.4083333137998997,2,0.765792087365295,100.0
5,0,84477,9482,36,0.5238830197217003,0.8405960670066297,3,0.6580252798705195,100.0
4,20,91850,6050,38,0.5366009803296581,0.48656774731079633,3,0.8978483809536899,100.0
4,19,92418,1138,44,0.4054147328603099,0.5630383832667691,0,0.7224974059509593,100.0
5,12,99408,1370,21,0.9870516394639877,0.8110126459374789,4,0.7376262430702134,100.0
4,8,77745,5430,21,0.8968109113245588,0.4256637203800834,1,0.5323910472623438,100.0
4,14,58345,9302,31,0.6365019703169339,0.6722159149330003,4,0.7190050306193954,100.0
4,2,133845,9736,38,0.967653910476455,0.9424737646352641,2,0.5404143484662233,100.0
2,13,105302,5359,36,0.806271963492641,0.687678773564942,0,0.6497810590451697,100.0
5,10,79536,2635,37,0.8508775213766882,0.33419203663640057,3,0.5634407344417947,100.0
4,11,100927,9833,44,0.8079732999242442,0.7127880922739774,5,0.6672404622186794,100.0
5,12,135823,67,54,0.8541092991725744,0.36310737966007844,0,0.6136941724071254,100.0
3,12,70299,9329,24,0.502563356881346,0.49748717830329814,1,0.6425899769668986,100.0
3,0,95278,8513,35,0.7374387985208788,0.8947725737404579,2,0.5741929200504818,100.0
4,9,55253,5858,22,0.9096257652330745,0.3077483896480325,0,0.7198038065073313,100.0
5,2,87041,2747,51,0.41172555038203507,0.3539093160652351,0,0.7487882367360323,100.0
5,3,105414,5503,29,0.47406577203312467,0.5543548900762596,0,0.918323846581957,100.0
5,15,62131,3887,30,0.5473838857966535,0.9995771159295446,3,0.7694127013280252,100.0
2,7,85319,2292,45,0.5768360180366061,0.5043047342502902,2,0.6143787645019534,100.0
3,15,109998,6796,25,0.5096223199544411,0.4100922331152218,3,0.8679478483159968,100.0
5,16,104730,5518,34,0.7745982339586397,0.6845954929937742,0,0.6486233733724727,100.0
5,18,61059,1441,22,0.5764114427162461,0.6634785150992824,3,0.8781982732729898,100.0
2,14,99344,1785,38,0.49485990622815496,0.6147337119001862,3,0.6935820291030509,100.0
2,15,103967,9520,49,0.9434957093120802,0.9626576264300641,1,0.7568375312930924,100.0
5,14,92699,4217,40,0.8170207189283978,0.4961045596653631,4,0.7518777840450979,100.0
1,1,117233,9530,28,0.5476352479450748,0.5053269604833763,4,0.9778179197101814,100.0
5,10,75263,4395,46,0.6165721799867031,0.3981798799709589,1,0.5768326575830678,100.0
5,0,100312,6361,24,0.8444713377332191,0.7881016125413227,1,0.969277799279239,100.0
2,14,60869,3984,53,0.8745460441422874,0.5249586297563767,5,0.7809942936694312,100.0
2,18,49984,5915,42,0.5058616992521375,0.8619182051319567,3,0.9968442906848298,100.0
5,3,109526,4687,26,0.9619456504442391,0.9802305141610441,5,0.7865691380093599,100.0
5,10,90514,4475,53,0.8711631633940073,0.3305796693934144,3,0.8281880546999273,100.0
5,4,78414,8421,48,0.9140886622803123,0.9951853230406873,2,0.8747871015486253,100.0
2,2,63371,3312,44,0.48631528417797965,0.47787295844995903,4,0.9108945896364241,100.0
5,12,110677,6955,24,0.4860202913280298,0.5940772500781693,3,0.7387818048739021,100.0
5,9,52299,2312,22,0.5832213065352205,0.8444203481448844,2,0.8392969435421294,100.0
4,10,114821,6295,33,0.4387878517749838,0.765731799497527,5,0.8074414979510365,100.0
1,17,101274,4976,31,0.4546403961134626,0.8449058445844113,4,0.7035434985362448,100.0
3,1,53555,3736,30,0.48592429331196235,0.6264324110032011,2,0.9103988082070145,95.81579217057399
1,6,93149,2052,30,0.8274578396109683,0.9412469550010043,2,0.5962242766088499,100.0
4,8,156343,8724,28,0.4181381749847195,0.852958563783577,1,0.5835653556886887,100.0
3,9,119735,3008,25,0.44994686882116036,0.5164595828035732,0,0.8682191072483076,100.0
5,17,69299,7981,43,0.9665101217114088,0.9639361549441319,0,0.8187426568578166,100.0
4,6,107917,919,54,0.45019400900340645,0.972737935398448,0,0.6588302327681852,100.0
5,6,54602,4143,52,0.7224774221614011,0.5905374890297209,2,0.8175649522582652,100.0
2,2,55717,1890,36,0.7855439153576456,0.7563723415913134,3,0.8853235942068094,100.0
4,11,88317,2570,24,0.9751561082291771,0.8703379746497324,5,0.6084830891026695,100.0
2,6,103791,7537,48,0.9398816307469864,0.872110501810013,0,0.7906970659024198,100.0
4,16,110283,5706,34,0.6644096603119612,0.30988648128353014,3,0.912332950258807,100.0
4,0,110629,3082,32,0.9652984367899029,0.740309543132579,4,0.7056192692132035,100.0
2,4,102368,4486,41,0.6593595248787509,0.9815895082154242,5,0.785868353785984,100.0
3,15,49650,4499,36,0.8019512292823794,0.46194300345731976,5,0.5392678521362344,100.0
1,14,88476,4501,22,0.5557648424309161,0.856926201423857,0,0.915234363829329,100.0
5,1,114217,8746,43,0.7819867155337259,0.6739733347538877,2,0.8980631844444333,100.0
4,8,101082,6865,49,0.7229133667651992,0.455029147797238,1,0.7281272264983093,100.0
5,6,94552,7411,29,0.7640986256525472,0.3357265818587972,2,0.5596242050941188,100.0
2,3,98230,3107,27,0.8095907208001969,0.8319451977119052,5,0.8301993920445948,100.0
5,19,97812,3515,49,0.5040731800612825,0.5215292446673789,3,0.7864900599063571,100.0
2,17,40877,1094,37,0.5807576805853971,0.5629102196455733,4,0.9597399487359018,100.0
5,20,118872,562,29,0.8417448321553169,0.6396617372743076,5,0.6399042649020558,100.0
1,3,87236,5570,26,0.49829439176240947,0.6550364320799157,2,0.5161632321838876,95.28517747537954
1,12,107689,1163,40,0.6065440832313705,0.4443299038792877,5,0.6273698050238711,100.0
1,0,32358,5483,30,0.7998872146558558,0.7694493931319296,1,0.7139534896915316,76.5336246499118
1,2,131524,2255,29,0.9625905911150042,0.7847779859691115,1,0.5777222198025963,100.0
1,15,61089,1696,32,0.44518012407973845,0.3996106471494704,4,0.9898674720073606,100.0
1,3,153533,5845,53,0.7099364794544022,0.6730366779388068,0,0.6111955129947768,100.0
2,15,142981,703,52,0.44914320354265236,0.7264815437591051,2,0.8389304271638696,100.0
4,18,56877,7548,54,0.6274791705709244,0.43037608038020464,5,0.7270563431780405,100.0
5,0,110425,8101,39,0.5052319024524072,0.9261234885705203,2,0.7775739274133371,100.0
1,4,64569,5845,53,0.7896630535471081,0.6379781028227018,1,0.9663399961844039,100.0
2,18,74014,8699,36,0.8546995311728163,0.380519850366212,3,0.7657769208260724,100.0
2,10,74579,6804,43,0.5484059239353302,0.5340773243348363,2,0.6526132449407933,100.0
2,12,101198,8814,46,0.8277322894316477,0.6338723137922577,1,0.6104071537535063,100.0
4,19,98115,8577,29,0.6680913627140078,0.30710090715649274,3,0.945996435032253,100.0
5,4,59960,815,50,0.5701480182334421,0.3223369129882318,0,0.9933625328357738,100.0
4,20,100998,930,33,0.7140410012120407,0.3388644167174325,0,0.6259160794474758,100.0
3,3,84897,3614,36,0.6277900862925794,0.6766946581296033,1,0.8609668690682736,100.0
2,3,44486,1453,22,0.5379977527331481,0.5352617373662648,1,0.7528762429161495,86.55947284933977
3,3,79149,7058,51,0.8541068776779905,0.9251728336391996,0,0.8492914989795353,100.0
1,3,131510,1555,39,0.8785144893611817,0.6914637106302259,1,0.982107286385322,100.0
1,19,79992,1220,31,0.8801873444530022,0.8319274301746378,4,0.6380433642106236,100.0
4,20,44111,6222,34,0.6292856776214167,0.7809932237285506,2,0.8699729910298201,100.0
5,17,110361,4697,45,0.5017170708456238,0.6642245090664078,4,0.7189734053160914,100.0
3,17,66812,5320,27,0.9042467689044871,0.8213043078355873,3,0.8262670566835673,100.0
5,15,95360,9710,35,0.5975583258917281,0.6812939920074101,1,0.7033259579423188,100.0
4,8,85700,923,50,0.8488400813512117,0.5698194136333152,1,0.8541679900829884,100.0
1,17,134041,2790,51,0.8904703366264688,0.6050633827553538,3,0.6687507891637667,100.0
5,1,85717,8591,44,0.8608914985616547,0.886950937680717,2,0.7441775487963692,100.0
5,20,61385,7742,45,0.6338836184144846,0.6942914906864828,0,0.854396822450779,100.0
1,3,78278,4997,28,0.9628100359535622,0.5641073037136208,4,0.5213533989461303,100.0
3,11,59280,3635,50,0.7960974500818294,0.42582020611037363,2,0.6640447656369384,100.0
1,6,84768,9272,34,0.745447770592794,0.6467504895411937,0,0.7730923513133747,100.0
5,14,134244,7336,49,0.8187454612450082,0.4766828766727323,0,0.5370675890333282,100.0
3,6,121211,2580,47,0.42683627395923407,0.9689059146898591,1,0.8515783855004887,100.0
3,20,141029,3747,54,0.6343089836671828,0.6436874592557618,3,0.9066434782458485,100.0
1,16,101981,2789,41,0.9287302923077265,0.30626379172247997,5,0.5816636547809295,100.0
5,15,93577,8540,31,0.49664782089742854,0.3650140326461319,1,0.8667315005301404,100.0
4,18,65042,1986,53,0.6486403886417978,0.49902714419737976,5,0.8231000673802167,100.0
5,8,96741,804,35,0.6431487947031825,0.3645139891888177,3,0.7054392394315526,100.0
2,13,86740,1732,32,0.6136250264218147,0.925773557846781,1,0.5824940660224047,100.0
4,16,109465,908,44,0.7374107973153881,0.8980460967603716,4,0.9774391811420939,100.0
3,4,61943,112,31,0.9977188297514168,0.9796030562137297,1,0.7320054887312228,100.0
4,1,91317,7463,39,0.5535093092719778,0.7945259300406669,4,0.5918217261425791,100.0
3,19,50662,9649,21,0.822974273544995,0.751825182348411,5,0.8590821228841845,100.0
3,15,98440,2042,37,0.8547969986654025,0.9464476465270435,2,0.8039489777747733,100.0
4,13,106893,6182,36,0.7506990878077974,0.9624752013644269,2,0.908098994950357,100.0
3,13,49462,1544,46,0.45848541274070864,0.9142414900185216,5,0.9980483558512236,100.0
3,0,56506,7207,35,0.7434240984071784,0.9030309906738758,5,0.5224335831394623,100.0
2,2,57600,4580,28,0.9720786854034924,0.7701922788106095,1,0.8696578794637646,100.0
5,6,85559,6716,50,0.605236086633204,0.30112416306775136,2,0.9945654445533605,100.0
5,14,55062,444,34,0.783812875827657,0.6006619352307568,0,0.769115819481049,100.0
2,18,124462,9459,53,0.975638639455149,0.7449639398255432,4,0.8578510271212154,100.0
4,19,100903,8256,27,0.8787941687408481,0.6829891663112233,5,0.7205552574961659,100.0
1,1,104975,9132,38,0.8129846378182257,0.8747886409236105,3,0.678386857004257,100.0
1,18,50273,8513,32,0.9826893272609885,0.8732315935598909,4,0.848229045918452,100.0
1,8,122329,7266,22,0.5023497731792801,0.7190774066231239,1,0.9940447020537786,100.0
2,18,106240,9158,49,0.8636492730999032,0.31539583728134457,2,0.545833207842657,100.0
2,4,72941,6471,41,0.644101460393664,0.5585309666343024,2,0.7110607402109694,100.0
3,17,51455,4093,27,0.6162590126083025,0.4601716097404317,0,0.9703094014652243,100.0
1,15,88096,6006,47,0.7124035086411762,0.5371516761286755,2,0.5563991462739041,100.0
4,3,78339,4862,32,0.42025063526647494,0.7321048581612433,1,0.8254666557734425,100.0
4,11,79376,2522,40,0.5875177725570176,0.3465233318779093,1,0.7150824053149356,100.0
1,6,72364,5538,34,0.49972929671404714,0.3155694343342801,3,0.688446208739606,95.72112060190673
1,13,108035,1273,30,0.48321453965038286,0.605811041186213,4,0.604719887043909,100.0
1,11,30000,5961,43,0.6024043060120589,0.8555016825733515,4,0.5881671363455845,100.0
2,2,125748,2757,50,0.8813586148064256,0.3214890022189863,4,0.7581433498394954,100.0
2,4,114952,7290,51,0.5206666407130413,0.8943340095651446,3,0.6887186065793875,100.0
2,16,95267,1103,30,0.7188494706594458,0.5687157429250055,3,0.7457721919355036,100.0
5,9,86397,3773,39,0.849193716421093,0.38276480026181625,3,0.5979687293163236,100.0
4,9,117076,7361,39,0.5445829209430711,0.6972484101586714,0,0.6751008760353173,100.0
4,10,88943,242,43,0.9545219774534631,0.9666523929970865,3,0.9982088354266154,100.0
3,16,83039,2111,52,0.919898741998962,0.6797590293271705,2,0.6840354140574787,100.0
2,4,118467,2038,40,0.5507069270403055,0.7806443290501799,5,0.7063545810300995,100.0
5,12,142334,6243,24,0.9937828404194763,0.8714949008237138,0,0.5099380311234936,100.0
5,9,65724,7936,53,0.8015026564690098,0.8595380855731938,2,0.6904128984252649,100.0
4,8,100619,1939,21,0.5716600224522402,0.35118310995961777,4,0.8816956705563812,100.0
2,16,62840,9660,33,0.8086224731833409,0.8186967892616475,1,0.7577983980286553,100.0
3,0,102540,9850,23,0.7997489622419749,0.9646146961110122,4,0.8285227081771211,100.0
2,3,70545,8609,32,0.7637161748405974,0.790456563786404,3,0.7782760692211554,100.0
1,3,120288,3350,49,0.827017666647085,0.8855100255973274,1,0.5527455301871274,100.0
2,17,87497,1987,51,0.560989414225144,0.6398847907077838,4,0.666072195707405,100.0
1,8,91161,2423,22,0.9873912913537207,0.52334852846101,0,0.8471165410086816,100.0
1,17,130777,8036,42,0.9147374543650949,0.7733674561636117,3,0.7739694521499596,100.0
3,13,71674,5428,42,0.8474448115775925,0.6445399846835906,4,0.8374805344975298,100.0
4,14,107121,6035,51,0.41578299616194947,0.9267021994200835,1,0.6800902441265435,100.0
2,5,74163,4947,34,0.7542312239503743,0.9820673780157014,2,0.5968445421796257,100.0
1,9,119907,9962,49,0.8238903928854284,0.8738614472563002,4,0.9149070184331167,100.0
2,14,134668,3607,29,0.9124598962647299,0.9948757322398107,0,0.6881505796955282,100.0
4,3,83427,1388,52,0.9676942730733655,0.5438594188760122,1,0.8275054970416315,100.0
4,17,35147,630,47,0.9495118599650515,0.9270287651281384,4,0.6906231814686037,100.0
5,17,72796,939,30,0.6436269594896129,0.5309535401581656,2,0.9636267786382696,100.0
4,16,150815,6554,45,0.9379007127843717,0.38262665271416746,3,0.995969657312409,100.0
3,11,75197,7582,53,0.4004492855289227,0.734961586718014,3,0.8244644003261996,100.0
1,6,134275,5836,31,0.6108851269046719,0.6184920440183974,3,0.8010756045359443,100.0
5,15,74842,984,29,0.4683286415382362,0.9451894634014324,5,0.9204134897932851,100.0
3,10,74225,1699,27,0.9298406200301215,0.6445357213046106,1,0.7581158976256943,100.0
2,13,109479,4681,27,0.9567891432601512,0.9493428055200122,5,0.9347529502614533,100.0
1,2,106483,6930,54,0.5536050508901342,0.3550437070365718,2,0.7064691440241626,100.0
4,18,111304,6786,39,0.620386268875278,0.8813582850224342,2,0.5159485441326399,100.0
1,17,90122,8927,40,0.9903265716502554,0.8313799879250676,4,0.9632951688527802,100.0
2,9,115859,8363,45,0.7396380782376379,0.8039847914349796,3,0.8607642355442308,100.0
5,5,114037,7794,25,0.6982335060529837,0.5485950985481528,1,0.7553835604680976,100.0
5,12,118725,668,49,0.7002612550099463,0.8486317451983021,5,0.9724468689663257,100.0
5,9,74411,2907,47,0.8177129075636695,0.6383076054713439,5,0.943384022293587,100.0
4,17,115840,5678,45,0.9727258208632084,0.8006424576193376,3,0.5542129886415832,100.0
3,19,76966,6235,35,0.6199734578514237,0.6865590027496192,5,0.8121987224332103,100.0
3,15,86072,2552,24,0.5035947676894258,0.41020779317338774,3,0.7690520688680023,100.0
1,5,85559,9780,34,0.5110077352917943,0.34519101312131156,4,0.8882368858664341,100.0
4,12,65047,9276,37,0.41221542285094404,0.5563306558423826,4,0.6503839660170303,100.0
5,3,46612,3215,41,0.7332462976715766,0.9529521760620938,4,0.5040578262168453,100.0
5,13,120593,4054,36,0.9574703313222704,0.6708145145750871,0,0.592699800538231,100.0
2,0,72443,3443,46,0.8278461372273688,0.8615344473318096,0,0.6054702919836027,92.24524779183882
2,19,83256,6721,29,0.9957787159434824,0.703167149454182,5,0.6457081858731848,100.0
5,4,71732,7394,22,0.9457164444552734,0.9705337003914063,1,0.6851964241544368,100.0
5,7,83583,887,35,0.6951146040342545,0.5586188935082206,1,0.8532773969649514,100.0
4,11,77352,1101,44,0.6919296283547189,0.33993531876458105,4,0.5371224374854691,100.0
3,1,121977,3069,34,0.777014337897141,0.8464678683139093,2,0.7432736378304792,100.0
2,11,75237,7017,26,0.4665613584413867,0.793819555831764,1,0.749321840686594,100.0
3,4,132863,5272,38,0.7646105442707618,0.6692740675668423,5,0.8079348927801544,100.0
4,4,118481,7523,42,0.6784444118870909,0.5284738702332202,0,0.6552737286463027,100.0
5,12,78138,1684,38,0.7856442560035668,0.43178560338260746,5,0.6298944477530253,100.0
3,8,97995,9810,22,0.7391259809711155,0.63759323092342,5,0.7419424553485281,100.0
5,9,102983,2836,52,0.5862375161707112,0.7663409865033408,0,0.8298039944637894,100.0
5,0,111040,9419,37,0.7646571898110441,0.705220500559135,3,0.5222960356479761,100.0
1,2,113511,3062,21,0.6196086117218078,0.6062433572601256,4,0.6467909208255251,100.0
3,17,94665,323,29,0.5167726843886907,0.6777861110304364,5,0.8936551574666175,100.0
3,11,66139,8931,33,0.805042508654819,0.3755684512202189,2,0.7420947710100886,100.0
5,2,106022,393,50,0.5838082558111481,0.7870880727019449,4,0.9759129017004955,100.0
4,8,84087,5894,51,0.9334148679196217,0.8139792306571534,0,0.9337708646337013,100.0
1,1,30000,1822,43,0.5195994758285282,0.3080168228679634,2,0.6719724893509975,74.91090147463538
5,2,99756,2334,48,0.7600864230595084,0.48936368910260825,1,0.8631354977476139,100.0
2,13,71647,5258,30,0.742929264909552,0.3644818021212911,3,0.6371542430778896,100.0
2,3,78540,3439,45,0.5186450804806909,0.9987624923121476,5,0.5876482449300434,100.0
1,18,90150,3301,46,0.663932103318724,0.7153399836286143,0,0.9405101832232102,100.0
4,12,51158,7183,46,0.8053232629256766,0.6260166659585937,3,0.6751246400190833,100.0
5,6,93476,4856,33,0.5911163226939845,0.62410071328674,5,0.601709021334317,100.0
3,11,82082,6777,37,0.468298394444479,0.975341743460139,5,0.9824882498244134,100.0
1,2,68069,237,24,0.7691444289747285,0.7618989467046838,4,0.5155144031452512,92.68546794393829
4,8,91156,6083,43,0.5344731413563096,0.41806169077296285,2,0.6834496748549013,100.0
3,1,47745,5714,31,0.8088849878017526,0.6137111795971071,4,0.5192089470978927,100.0
2,8,91890,8213,32,0.9036802579505004,0.8419377886621293,3,0.7520501484625538,100.0
2,11,101764,7775,29,0.47401322286987735,0.5963450468011551,0,0.7005877105696093,100.0
3,11,97631,1532,35,0.6625654613327805,0.516673398120801,3,0.8603344360436864,100.0
1,14,109722,701,25,0.6669533616092816,0.9938512536061788,0,0.9770172443456784,100.0
2,1,119133,1749,39,0.7795215511925765,0.9549459942285603,3,0.7598444195718249,100.0
5,17,87966,1535,31,0.6006447572785408,0.9590922585267709,4,0.6426997887229338,100.0
3,12,117386,79,29,0.6511414933532681,0.39217077077091633,3,0.9360878194031317,100.0
3,13,87872,6261,47,0.4071947464169532,0.4639786797664134,1,0.8022698903761349,100.0
2,4,72513,3133,33,0.4734555467099556,0.6094468707160887,4,0.776742273107333,100.0
1,9,80181,4734,32,0.7419172597330025,0.8824904807627907,3,0.5942873307952914,100.0
5,11,96674,7659,29,0.5295374801770169,0.815779278159336,3,0.5202957567355548,100.0
1,9,117129,1297,48,0.48674613387782506,0.8947671766067005,2,0.7307024724163307,100.0
4,10,90036,8777,33,0.594647660778498,0.9445343038101595,4,0.7640234634736334,100.0
4,1,73158,4964,40,0.4981214169598741,0.846536790135364,2,0.5635468624625681,100.0
2,4,126106,754,33,0.4357734618868618,0.48323900710148476,4,0.529698314498811,100.0
2,6,54129,6285,47,0.5703149494865052,0.4998119776710185,0,0.6080401748924273,95.26053780168384
2,5,73319,4586,46,0.4986150648193307,0.5467413771361689,4,0.5315491577008482,100.0
4,2,112319,5086,49,0.8796374454009018,0.5121527567835322,4,0.5280691334234494,100.0
1,12,134161,9226,49,0.4375941801583979,0.4743692647921791,3,0.7220831147105502,100.0
1,2,102017,951,42,0.8484659420600154,0.8267402419130194,1,0.9051220926820542,100.0
2,20,96247,5060,29,0.629677808489921,0.32379373563026687,5,0.831994113831926,100.0
5,5,82728,777,44,0.805192785609637,0.8098756166665455,4,0.8397068286391114,100.0
1,10,103701,2448,39,0.4316136618000335,0.8764946400604776,2,0.6312182818841539,100.0
4,16,93234,9035,51,0.9524223968737425,0.3462308303413725,1,0.505552092469991,100.0
3,9,71136,8829,35,0.8604254183509656,0.34329297504069733,4,0.7253232956736133,100.0
3,11,82275,386,52,0.48408584312453573,0.4998246620253107,1,0.6885620759365836,100.0
3,16,68313,99,49,0.5312706226164162,0.4458147709211656,0,0.9736174996325189,100.0
5,3,90340,9267,54,0.7863977395836914,0.7067935715831353,1,0.5360097561896735,100.0
2,1,94045,6076,29,0.9529375625766102,0.7728160804511435,0,0.8882096614239434,100.0
4,10,130859,9260,26,0.6674994346037402,0.7438993972730272,1,0.6927080887884038,100.0
5,6,75065,5585,34,0.6913796770130833,0.5501431591835559,1,0.9148099137347219,100.0
4,1,85480,2665,29,0.5426801568334179,0.6488784842295453,2,0.7474539481635469,100.0
4,17,121479,1525,39,0.6298065253726793,0.7479935806528832,5,0.910250904272645,100.0
2,20,135127,3027,43,0.5716106216981834,0.3835983881644592,2,0.7334241840765225,100.0
3,3,101867,7821,48,0.6103426897826879,0.46065834011772583,3,0.7009297542612427,100.0
2,7,83660,7353,36,0.41235857485320837,0.9233473077903278,1,0.981854249314935,100.0
5,19,78174,1583,46,0.42463644680334267,0.53962846358438,0,0.6844290470801666,100.0
5,13,43923,5607,45,0.8084119203453417,0.8608094673437936,1,0.9026500137461084,100.0
5,11,66805,3936,25,0.8090771133535772,0.4756928266360008,4,0.5335163011531625,100.0
2,20,92539,3806,27,0.598138360201501,0.3291482460752153,0,0.5313243090208968,100.0
4,17,85475,8833,43,0.9312774380523021,0.6502804147313868,4,0.7190540968529686,100.0
4,10,105585,1242,45,0.5596672697199541,0.9247374304937404,3,0.7927850867406383,100.0
1,7,85119,2274,21,0.6374708691843363,0.8734991843994964,4,0.8042664923905952,100.0
5,1,71848,2057,42,0.8388253745698937,0.4770574182471429,3,0.5181930432109001,100.0
4,14,98533,545,24,0.8461408706744201,0.936955042097043,3,0.8483699770022222,100.0
1,8,152631,7894,48,0.9166994576231102,0.6358011264414122,3,0.5649630000535582,100.0
4,18,82066,6891,34,0.41743542514357745,0.33429930265206903,4,0.9776724899898608,100.0
5,19,93472,7388,53,0.5102552086846951,0.3195472338374262,3,0.6667743773385533,100.0
3,7,111173,3107,24,0.7843430624020366,0.6395796138023275,3,0.630722515742647,100.0
5,18,75709,9477,31,0.6029198615418423,0.6824259989996713,2,0.6456330086846919,100.0
2,4,121818,3083,52,0.42613700255852094,0.3559390444078132,5,0.9686767201803519,100.0
4,10,50523,1035,24,0.751880004344013,0.9455684576076253,1,0.7414206052589555,100.0
4,14,79806,2061,21,0.6358439190788869,0.8027517799435762,3,0.7173398752959529,100.0
2,7,82219,3631,46,0.6184569151264102,0.8608976509407191,0,0.7829491090576409,100.0
2,18,93778,4573,53,0.5586185708114955,0.708816275851446,0,0.9653809515204885,100.0
3,7,40712,8402,37,0.4035987358701776,0.7644808533081602,2,0.6541699314648539,100.0
4,18,123818,4413,47,0.5094160101823761,0.5715021608789842,4,0.590410005195604,100.0
4,17,100355,3333,25,0.684541178691163,0.7755079594608651,4,0.7977454663906247,100.0
3,9,118070,3368,27,0.5654418718526841,0.9847280239829885,4,0.7458373861439618,100.0
1,6,130325,6151,45,0.9246332075580731,0.7534011374276781,3,0.5309841327508318,100.0
3,8,71485,5027,28,0.48579979729381983,0.5391436060112188,5,0.7609686624337206,100.0
5,0,30000,6445,54,0.9252041722217209,0.4996673856677275,5,0.7812089380917853,100.0
4,18,118659,7331,24,0.6428954850974243,0.9743421585929442,4,0.8470753050889412,100.0
2,4,82840,2981,32,0.5655041878412285,0.4295016079756455,4,0.9977710397961992,100.0
5,18,61670,8787,51,0.5825751151089037,0.8643376281687338,1,0.7107904742504574,100.0
4,0,104407,3355,31,0.5980424756973952,0.6256836044061311,5,0.7551016364936987,100.0
3,14,151588,5826,42,0.7039383908094268,0.6106318280469604,3,0.5375011560126723,100.0
5,15,87277,4614,21,0.6123293867582827,0.8232764515851942,3,0.9157940337850501,100.0
4,6,113777,3434,24,0.7883238082229125,0.40362690103216037,0,0.5490778986370173,100.0
1,11,65312,4110,28,0.6551074042497587,0.6264071483014443,0,0.9669150111467033,100.0
1,7,47831,8561,45,0.8029862258096241,0.32508358143742383,1,0.6742501709885619,98.2923274861534
2,4,112848,3487,48,0.7626558510109612,0.7692847750580285,2,0.66879123400806,100.0
4,9,103651,7192,24,0.5466723834575569,0.34086409876756646,3,0.6643044903474702,100.0
1,20,78357,7450,33,0.887663972710053,0.3611021583717209,0,0.9752447979162707,100.0
3,4,132655,4668,45,0.8793888806637541,0.8913784668604421,4,0.9900539033928788,100.0
4,16,45887,2822,23,0.9933882802098253,0.6100686309111496,3,0.9866202083766027,100.0
3,4,59249,54,52,0.5050300806600738,0.44068298198376976,3,0.8523935750021614,89.91814693841717
3,14,76428,643,21,0.9087029315642112,0.7148092031687658,3,0.5555290798799326,100.0
1,12,81090,9412,31,0.9231885535255691,0.663498285209172,5,0.6931811135635727,100.0
4,0,126633,9951,22,0.7852984999614221,0.5876358287200008,0,0.6446546069767669,100.0
5,10,91229,6814,25,0.7038308666696143,0.9337919467245432,1,0.8541947692182138,100.0
1,0,85176,2778,42,0.97435573370142,0.8246205987066422,0,0.7463272427550659,100.0
1,10,58249,8795,33,0.9836151567257976,0.40611500987870763,4,0.808250674386072,100.0
4,17,117165,9626,43,0.7850184738053207,0.6995422549631939,4,0.504365537866194,100.0
4,17,61583,7885,51,0.6157359147544975,0.362120730493337,2,0.8914320310469992,100.0
3,20,58134,1936,33,0.8902991100795663,0.4712577793099646,0,0.9760259183422313,100.0
4,15,79993,866,27,0.4535532803289538,0.9369022427044482,0,0.8346866446613472,100.0
3,12,94079,5998,25,0.5743573864178719,0.6234559479957695,2,0.9259686983751217,100.0
1,6,71996,8753,49,0.9913325768637101,0.924474271132391,2,0.7391251943458291,100.0
2,0,107675,7857,28,0.8886000323241816,0.4161992759140949,3,0.5101040396443357,100.0
5,15,82925,4148,28,0.9637494829414742,0.4437392232581472,3,0.9952346111586063,100.0
1,0,116319,4284,27,0.7568767428314542,0.5469773061469649,4,0.5294160749963213,100.0
4,16,102627,9682,39,0.6446034748888696,0.5564279495816267,1,0.5963871018902218,100.0
5,5,134786,616,43,0.9878140620346227,0.821694089161437,4,0.5262200752924701,100.0
2,1,78944,8873,52,0.5856553515142928,0.7195873933778603,5,0.8124792002644925,100.0
2,16,111099,5032,24,0.854448567345354,0.687274598162641,0,0.7916154513493199,100.0
3,5,45329,26,50,0.734924174740125,0.7216628547796657,1,0.6048348270872834,90.34922949925185
5,13,162291,5744,25,0.5371042873086792,0.8125339607663864,3,0.9783266206502161,100.0
3,17,109848,2883,23,0.41048997244512564,0.924971647026362,2,0.9567431478648349,100.0
1,5,82592,7775,42,0.6302584543024501,0.5903179695340541,2,0.639905029295674,100.0
5,9,83521,5159,48,0.7286112357263852,0.8620481600464258,4,0.8294323820364065,100.0
1,17,83824,5321,42,0.50991424057208,0.64656781816022,0,0.9276166685874615,100.0
3,8,136000,2494,42,0.648732931516736,0.8054547697846768,0,0.6798990532984175,100.0
5,7,112463,6332,54,0.7691139583953759,0.9123766516418372,2,0.6267912453385789,100.0
3,9,78917,8817,49,0.8289538758526747,0.32255037565538364,4,0.6280949712007078,100.0
5,16,59029,6787,33,0.4316455179439225,0.6826408287357464,5,0.9102282437644693,100.0
3,5,119902,3215,27,0.7985084930814166,0.9925664385223327,4,0.7315351087198649,100.0
2,13,110963,4417,30,0.43400038532663193,0.6473570901657248,3,0.8576690158872402,100.0
3,5,107659,3817,48,0.41691129721560627,0.9050125778211846,3,0.8251503942181788,100.0
2,6,87906,8726,24,0.49144721554630344,0.4301298966917806,3,0.6531128517272901,100.0
3,11,82509,3183,52,0.7921864343269392,0.7230009631724321,5,0.6040383515292855,100.0
5,2,132130,1483,42,0.431692865730674,0.9092141742641116,1,0.5628927550890239,100.0
5,13,134456,3348,40,0.4125377273233445,0.6020731921331397,4,0.5119428092146252,100.0
5,18,106003,4567,40,0.47077570680853237,0.6407054412335306,4,0.5406282084893459,100.0
4,15,114246,2422,26,0.9698325944263426,0.3574125331143124,5,0.6281233372299784,100.0
1,6,95902,2161,29,0.9443666499563299,0.3295204643654235,3,0.856799802915321,100.0
5,7,55750,3192,48,0.4518795850597924,0.6280958097080882,2,0.5774594680955186,100.0
2,17,65506,8629,33,0.5824079101099379,0.8904327321487937,3,0.7616976879149566,100.0
5,12,118654,8172,51,0.96837546342836,0.9519269904803005,1,0.6225660341872765,100.0
4,20,121842,4574,34,0.45861260407390075,0.7610571024228929,5,0.7559048908920928,100.0
2,8,116353,1024,42,0.4567575891886206,0.878479019534232,2,0.8750055877332454,100.0
4,9,98651,1614,44,0.4516023386408374,0.8143979138608837,4,0.6329905647283438,100.0
2,20,117282,879,28,0.9858857434592055,0.7910400788302865,1,0.6739494058668473,100.0
3,8,88546,6923,35,0.8458651079694595,0.8383231691507311,1,0.8615002839791626,100.0
1,14,105534,2737,26,0.528690620415579,0.6537120666876504,5,0.7731690479829976,100.0
1,19,84882,2862,43,0.4275683567779018,0.6205566724477981,2,0.5472833132264867,100.0
4,1,63580,9087,45,0.97914490534692,0.4114004655693021,3,0.8790771346234239,100.0
1,12,111614,2618,51,0.6552934250558147,0.8906707216956629,3,0.6387194962840639,100.0
4,1,121878,1283,49,0.7590252329769848,0.33122971607273327,0,0.6925288672709355,100.0
4,18,151848,7659,43,0.5675177400988752,0.48721088486613034,2,0.6225884621450228,100.0
4,1,96600,1965,30,0.8550161933745596,0.6639413030020103,3,0.771678510235903,100.0
1,2,63804,8788,29,0.5180814075364099,0.9801186787654348,1,0.8538841513123114,100.0
4,5,81788,8402,33,0.8721471600253087,0.850181059607128,5,0.9016081807052667,100.0
1,2,86602,4559,52,0.5383618260010208,0.5580698572540396,3,0.961061138413356,100.0
4,9,93712,9027,21,0.4587473354104861,0.7997638733587045,5,0.6796083258269829,100.0
5,5,101771,8312,21,0.6872935327184821,0.9519585716106091,3,0.9663071153332992,100.0
4,15,99074,8110,38,0.8879300841373905,0.6772184160759531,5,0.8084773721424028,100.0
2,16,109427,2921,51,0.6309188178773015,0.6233581368506644,1,0.6947972719962436,100.0
4,18,94935,9109,21,0.41732419040156804,0.6870952905920292,2,0.9436470243489095,100.0
3,2,34367,5878,29,0.7319858273789583,0.5180710288077879,0,0.7898147526504461,86.28221123817978
4,17,95678,5673,42,0.8082828333541165,0.9351441674789334,5,0.7271417643398851,100.0
2,6,92168,564,48,0.8444169672016041,0.8580972687230339,3,0.5057507751635679,100.0
2,8,103756,8308,46,0.6411549725855704,0.7938388786472939,5,0.8587539450457933,100.0
1,19,80962,3346,30,0.45821177889544035,0.7123644563938498,5,0.5386739973494209,100.0
5,11,95588,6379,23,0.7505958606780319,0.9786323449165317,3,0.6446964140109672,100.0
4,4,103906,2544,22,0.5977287311429091,0.5083940106320943,3,0.9808471712580176,100.0
1,2,85998,2236,51,0.9681324893649118,0.49819461543479465,2,0.5776065525615257,98.65922412482702
5,10,106896,3303,53,0.7016272648367967,0.4694968330042275,1,0.655892177936623,100.0
4,3,91753,9595,52,0.6833596280793872,0.8192431920514527,1,0.9661696799025765,100.0
3,4,93916,176,32,0.585525719391014,0.8580999479120102,1,0.6688419090534368,100.0
4,0,30000,3634,23,0.6032719032301288,0.7179799233166844,1,0.6643374877768304,96.12830141149121
2,17,61402,2357,46,0.7076528704479472,0.7563885972366821,1,0.8239772934490853,100.0
2,11,61470,1414,34,0.5839988771889969,0.5442725352244749,1,0.5656786199324206,100.0
3,12,95408,6188,32,0.9353829306210473,0.32783027973101764,3,0.9863758548635717,100.0
1,8,121791,9727,46,0.6634107594574652,0.47754509054887706,3,0.6375113225272002,100.0
5,1,87039,2784,36,0.5752132504078146,0.7090122589912982,1,0.8928444160038949,100.0
4,4,111207,9027,28,0.4932369001246896,0.869052877669072,1,0.6438071750108814,100.0
2,12,106206,9326,48,0.8034104357802149,0.8440364849030979,2,0.6376862047142469,100.0
1,15,93497,8770,27,0.41547216597135045,0.4256411549352268,5,0.5287563540302075,100.0
3,15,104349,3749,35,0.6699974723019642,0.3360123470533598,2,0.5596603298596585,100.0
2,2,96148,8028,28,0.7300730922203343,0.895392027997229,4,0.7609836547237836,100.0
3,3,86442,4474,30,0.603870766528199,0.3529124628918561,3,0.7884215910545213,100.0
4,10,99777,7751,35,0.8498906483650035,0.5753178839523465,1,0.9079217605320034,100.0
5,13,126165,7646,38,0.8053962981027634,0.36595795974944095,5,0.5301075948229592,100.0
2,2,101818,8030,22,0.982839392541977,0.6948340973140247,3,0.6780750928373824,100.0
2,15,95449,7298,42,0.7052600795738091,0.5543355018312613,4,0.600079425326911,100.0
4,14,68063,4104,35,0.7226874187776298,0.44174553246105874,2,0.6789387553609099,100.0
1,9,125396,2940,25,0.5475035915162934,0.7166173677526289,4,0.677153333125258,100.0
5,8,54823,773,35,0.6312903344384323,0.5543742529157827,0,0.6771398853768624,100.0
2,10,47348,3460,47,0.4161163546949824,0.416751776204561,2,0.6548167169041934,100.0
5,15,99286,3405,36,0.8135648731586138,0.790060488794984,3,0.8819890488369797,100.0
2,9,67980,3729,38,0.586973679810124,0.8857658169176634,2,0.8448531434779049,100.0
5,16,117227,4811,45,0.7242202058000188,0.4916197997612466,4,0.6707346143075512,100.0
3,18,47907,8422,42,0.5529954378465695,0.43049753206128816,1,0.5732440512099294,100.0
2,1,114045,1871,51,0.7726217202037953,0.352676303389836,5,0.7591401836704962,100.0
5,1,110524,9223,54,0.6685494957724267,0.6695314875491445,4,0.9594238101524257,100.0
1,5,92950,119,43,0.6891163914317765,0.8819055898226684,4,0.5617796704299511,100.0
3,18,37510,6559,36,0.9655642838891957,0.4755529265002247,1,0.8765149239749488,100.0
3,7,46917,8900,26,0.8236961938743161,0.622446440141299,5,0.7996895310670593,100.0
1,2,95998,5539,35,0.5571398413600444,0.41256241741344585,3,0.7942950625221366,100.0
5,13,84180,8309,38,0.7023530906448552,0.5829405767955393,5,0.9673285865227385,100.0
4,15,108183,8590,33,0.680003691431187,0.31081157528883263,3,0.9779702936488707,100.0
1,0,88294,8626,44,0.8770315641270183,0.9375103474974169,2,0.6219198694279003,99.06589380037893
5,20,86120,2504,33,0.9000130684577216,0.7736003265003981,4,0.9042385163611839,100.0
1,2,30000,7742,21,0.5700656936450352,0.5329696023443402,2,0.810399614076754,84.11081909160771
1,17,110560,5769,38,0.8926908723437418,0.9168387820392161,1,0.704422795037579,100.0
2,8,73771,1537,53,0.5077008431746008,0.428050740603131,0,0.832810654913693,100.0
5,5,80044,2036,26,0.8576623327226172,0.35511361229897204,3,0.977983388138965,100.0
4,20,63255,1865,37,0.5492707262808164,0.9598351068021247,1,0.7584376684137,100.0
2,0,51489,8648,24,0.5787586944479776,0.5163118732151256,3,0.9700399182994239,100.0
1,20,126803,1607,34,0.9114807041133963,0.9551813758759176,2,0.8214436178401193,100.0
1,9,109887,8411,50,0.6520449190337783,0.7463290434909646,0,0.7414546204022411,100.0
1,5,110299,858,40,0.9943394949137776,0.9860300529708299,5,0.8220852201057121,100.0
5,11,84587,5968,28,0.4911658179444647,0.8274004485486943,4,0.8012705225303043,100.0
5,3,46551,9853,22,0.67800942282381,0.3738387068498086,5,0.7108486704680308,100.0
2,12,142551,3539,24,0.8394701985453616,0.8965600668828375,3,0.7812301717289928,100.0
4,16,100557,1928,30,0.4032202347871045,0.4035149657695778,4,0.8516243364805391,100.0
2,7,93419,8778,40,0.4911131669158104,0.7845383240420197,2,0.9194331462049353,100.0
3,19,81021,5771,30,0.4122140496465882,0.6502852145963549,3,0.6521653679113593,100.0
1,2,38886,698,48,0.9957267192296522,0.7954075057011387,5,0.5073239635021476,100.0
1,11,118538,8991,35,0.8563747974528824,0.8354926728677388,2,0.7756089509482367,100.0
1,6,63557,6316,21,0.6241354586479602,0.8625656479893213,4,0.7446420846098634,100.0
2,11,103664,5082,42,0.4937709608180655,0.8844860928870004,2,0.5270994016013839,100.0
2,1,109270,1365,47,0.4542299456820704,0.8930571650847505,2,0.8162532050086776,100.0
1,13,98353,1697,49,0.7191443203305472,0.5888020985656938,2,0.9707001786715432,100.0
2,4,101749,8551,35,0.9855347909195193,0.9224596505345453,1,0.7011158930005509,100.0
5,8,123652,9331,30,0.8047665667946584,0.8037061774819105,1,0.9471800946134761,100.0
5,20,70189,4360,40,0.6190830209552377,0.8872796519928259,3,0.9065506790959229,100.0
2,10,94112,6511,42,0.700510583942493,0.9924339470052199,2,0.5808581439371152,100.0
1,4,84372,6096,29,0.9993420207636712,0.3814903194927856,5,0.8936399173850704,100.0
2,2,44010,4218,52,0.7112597373306703,0.5594057883797856,2,0.7583530407696923,91.52234958091893
2,16,97158,6677,37,0.9785208914658134,0.8645829144943855,2,0.9593142602156598,100.0
2,1,121281,1000,39,0.40981703129069563,0.36041242997738054,1,0.5947131177297074,100.0
3,0,124408,5300,47,0.8325778769405034,0.6785467458307222,4,0.5625232232073804,100.0
5,6,136436,1386,54,0.77629686952787,0.9008785712496914,2,0.6206401997760052,100.0
4,13,45657,9428,30,0.811197915074393,0.313293884245716,0,0.5298133552236506,100.0
4,4,130715,7257,50,0.7423402535544716,0.9576632289913507,3,0.6600400494159203,100.0
3,18,94620,7212,41,0.4265060657449935,0.984701376733222,1,0.6415044490064128,100.0
2,10,130014,8765,41,0.48973836129509557,0.5255966507957666,4,0.7081075496688939,100.0
3,1,80130,6314,54,0.9533507622011288,0.8367538339730358,0,0.731488601458026,100.0
3,7,76729,2897,29,0.53975500502027,0.389023271865116,2,0.5723602742575543,100.0
1,8,59618,6691,54,0.995762361596165,0.8410049893690223,5,0.8096869643186988,100.0
5,2,109399,7623,32,0.8077530906367703,0.6370651765838036,5,0.6117836994049972,100.0
4,1,102861,1350,41,0.6666126940757107,0.9021911549697486,1,0.5609643344731237,100.0
2,6,62074,7982,40,0.952029313861624,0.44882449909334055,2,0.8544055463376519,100.0
4,4,35896,9639,26,0.8769917137704732,0.7708605672695675,3,0.5113676317414252,100.0
4,20,100381,104,32,0.6573790477509412,0.8502834220910953,1,0.6841829703221549,100.0
5,4,103229,3306,51,0.44115578336041367,0.44174458567662933,0,0.5722016397160092,100.0
4,19,65326,5908,22,0.9209827447207005,0.8728010942988749,5,0.9413963509974366,100.0
4,12,60304,9150,36,0.8590239588150047,0.9705898506593085,4,0.9122291980996684,100.0
3,20,106396,2702,21,0.8744409023744288,0.7312550199444416,4,0.5302633511797556,100.0
5,19,136409,4171,24,0.8469152396353332,0.8493952917533854,3,0.7752255348700954,100.0
1,5,77625,8136,21,0.5654526936268498,0.6728087015517519,4,0.6476777701800283,100.0
2,19,68009,3291,33,0.9153074318016026,0.7186723526969415,4,0.596272769180076,100.0
4,17,97471,1507,51,0.40133953188646526,0.30934670416797544,3,0.6557693180603719,100.0
2,1,105881,7063,40,0.5423657670302516,0.667001086785219,5,0.9079436796394935,100.0
1,5,80892,6724,27,0.42793575929451744,0.7028946248768281,0,0.5289276854389384,100.0
2,8,140627,7667,53,0.466357874001376,0.7690332820357705,1,0.8241166920392631,100.0
1,2,112542,8013,48,0.7194274825105033,0.418573426182882,5,0.9566850726615612,100.0
3,0,80468,7701,40,0.4223537139646207,0.46896198366956476,1,0.724028173703201,100.0
4,0,50187,8116,52,0.5088286286202277,0.8292032421845839,3,0.9507569650941905,100.0
1,18,122985,211,29,0.5396440884344966,0.41734717401915594,5,0.9534002145371163,100.0
2,4,119798,1508,54,0.793203283082333,0.5912182506700299,2,0.8047978860112258,100.0
4,12,82431,3096,34,0.6812923146689391,0.47534315329222687,3,0.727920266719301,100.0
3,18,98764,2600,24,0.675047513833275,0.6816288725352273,3,0.8688318245138618,100.0
4,11,86238,7135,49,0.8610595325545747,0.9908096168084606,3,0.9581113192707736,100.0
1,15,103014,7870,35,0.6740328472446011,0.8964265283748052,3,0.8400176722048329,100.0
3,18,64376,5418,37,0.6090932457508278,0.48863203797311305,4,0.6048035902578306,100.0
2,2,60812,1958,39,0.9774706273625997,0.5580282674049097,4,0.9100278732269211,100.0
3,11,110271,3973,29,0.4049759856627142,0.9430435077484876,5,0.9757666799120821,100.0
3,4,113440,703,47,0.5832358000452303,0.928806480648317,0,0.7051374395856471,100.0
5,1,77730,9921,35,0.7656356298278338,0.41236962691405726,3,0.8487948384417114,100.0
3,6,71271,5373,48,0.8696855416316831,0.8804897922281734,1,0.7590831745178623,100.0
3,12,118689,5897,24,0.8898477728551386,0.5083255333512162,2,0.5560045934806217,100.0
4,14,72118,7744,41,0.42764387911310353,0.6806622115227886,4,0.6749210071491798,100.0
2,2,91385,9923,54,0.8254792333345526,0.3035688725031387,1,0.5819148042462445,100.0
4,20,88214,5727,39,0.8321521860830903,0.9990131336273085,4,0.8367866791782756,100.0
4,19,53327,5303,24,0.5284476528737609,0.832767528753914,5,0.7910473495664965,100.0
1,4,94802,4061,52,0.4676650170820552,0.4692131419291071,0,0.5167672010418145,88.88160337721493
4,7,92360,2301,32,0.8498116946171812,0.7786564258973422,2,0.5308034571327309,100.0
5,0,99004,2708,36,0.5497000037423668,0.5053151539764359,4,0.6303962411098303,100.0
5,7,93955,9212,34,0.40100428245020636,0.3626190697902116,2,0.8724297660716003,100.0
1,17,143392,1051,21,0.5341435621461166,0.5977169694569913,2,0.5634180500302453,100.0
2,19,119041,1567,52,0.41864080528978753,0.7296032037105515,5,0.6023870505291973,100.0
2,15,90970,1217,41,0.5495120120164771,0.3628442207477548,1,0.9538131974344359,100.0
4,17,93255,9882,24,0.6010117493990925,0.6628844089702599,4,0.7730687523012141,100.0
4,19,134090,3631,29,0.5628400957227709,0.6604049627118569,2,0.8104248212386099,100.0
4,11,111577,3362,42,0.9519622403075467,0.7400516684295921,5,0.7278830726825397,100.0
2,12,59274,7465,32,0.5395197684311708,0.47125194697132455,3,0.6498854952604481,100.0
3,12,113723,1688,50,0.6805208936668607,0.3144490382721064,2,0.624565142661494,100.0
5,9,121070,8982,50,0.9744565563064281,0.5274002547079235,2,0.7946097931306759,100.0
3,6,130442,6762,52,0.9275196948221333,0.5790068347679878,4,0.7354876483004607,100.0
3,13,79962,955,27,0.5855550847196568,0.7450187382762986,3,0.7015165617950052,100.0
2,15,78138,3438,37,0.5958941769744812,0.9511203035926759,2,0.847192582177172,100.0
3,14,66454,7983,21,0.75599764150567,0.4423698659484625,4,0.7020770791134953,100.0
1,11,97703,7178,34,0.950717710452538,0.7811335401378379,4,0.5183651904682038,100.0
4,8,108321,8749,46,0.405999877273482,0.36818063656128885,5,0.9198349666689486,100.0
1,7,77166,2994,47,0.6358718753111088,0.43343522888837194,2,0.6592017204611835,100.0
5,17,86454,2600,36,0.9098652918173343,0.656394158098714,0,0.9732008674587066,100.0
4,17,38657,1807,27,0.6462819870320655,0.7958643054118408,0,0.9397790466553576,100.0
3,12,127736,5053,52,0.8320329251319636,0.900997975158657,1,0.616958122121572,100.0
5,17,50875,2267,45,0.8151549414473214,0.8207324023857887,0,0.9827355074472218,100.0
4,14,99369,2207,51,0.5232752257782204,0.3107469508023628,0,0.9267803797319625,100.0
3,3,95956,8232,36,0.6697567026201899,0.77875192814355,4,0.9925082268261295,100.0
1,16,91145,8813,34,0.7397120276876032,0.8772603925902147,4,0.8389742275705401,100.0
4,4,91719,4407,45,0.8292777611464539,0.6678734341723966,5,0.9653633746221211,100.0
3,15,64705,2922,50,0.8934337789450512,0.9759190836764864,2,0.8450465610258574,100.0
1,8,81798,8884,27,0.855959926701696,0.3030186957106832,2,0.9275466952254455,100.0
5,9,114223,8458,32,0.41698688043113813,0.8730605654370127,4,0.8052146463397034,100.0
5,17,121628,9141,23,0.8023827049609993,0.5343738123434361,2,0.9645871862899811,100.0
5,16,79477,6162,47,0.6983892783134039,0.7553148472164791,4,0.7590434528147285,100.0
5,17,50989,7182,39,0.7443170415121521,0.7854373260929497,0,0.8682843628295622,100.0
2,6,70533,2904,27,0.6237797276475262,0.5143743114640833,2,0.958480226046589,100.0
4,3,136317,3195,36,0.8284157287521432,0.9967971498694552,0,0.7111950593719507,100.0
4,4,72021,8978,52,0.8043331072714799,0.37227501964926124,1,0.5132010374518057,100.0
2,15,87569,2742,28,0.7476918888738193,0.4099203596180573,5,0.5565235569687258,100.0
3,2,125397,8933,33,0.9169633195535888,0.9245341936757434,5,0.9859557208749674,100.0
3,17,76827,5334,31,0.4611400149349837,0.38342591351141025,2,0.9366012706119167,100.0
5,20,85861,9171,40,0.5806139655521703,0.566900385322178,4,0.7417087198981682,100.0
1,13,109862,7859,38,0.6970782491216967,0.8131995483273409,5,0.9804497060341588,100.0
3,14,132795,8304,26,0.9751628867797213,0.8540443025850168,4,0.592802772887811,100.0
1,16,73861,1093,40,0.44317803176909154,0.9682684237689547,5,0.5554831837485973,100.0
4,0,124802,5215,52,0.6022464939909022,0.8527016842719399,1,0.8007200389576573,100.0
1,20,82961,4872,49,0.9555343322355699,0.8911726688838302,4,0.6910601485173904,100.0
4,16,67851,3080,24,0.938768540469498,0.9645632039860874,0,0.6698848179785033,100.0
2,10,96238,8573,27,0.9191473424245614,0.6875813845918799,4,0.8670759475824057,100.0
2,16,61060,8880,40,0.5850342736008304,0.5404034220689811,1,0.5750065674601463,100.0
5,13,101800,211,54,0.9081014678506033,0.8331292012665521,3,0.8892245113950579,100.0
3,19,168741,98,27,0.7032036471375512,0.4144791104950897,3,0.6797248079670983,100.0
5,18,117640,6309,53,0.7718673064254175,0.3477621690028396,0,0.9933687789793652,100.0
4,20,87377,8389,35,0.5432949432765215,0.8497316055859383,3,0.9043730434492923,100.0
5,6,116305,5181,52,0.8240043333514606,0.9654699506439961,4,0.8231117810490479,100.0
1,12,66711,1564,42,0.5966182625533836,0.6097128614764628,1,0.6147231349670528,100.0
4,17,70908,5609,49,0.6063282556723909,0.4127934174136829,5,0.978213230006987,100.0
2,13,88070,8431,45,0.7820903056561452,0.6479146832608038,0,0.51645501988355,100.0
3,0,92194,64,25,0.5438991533044426,0.575322496367388,3,0.611674890004667,100.0
4,6,57667,4376,34,0.5346632339474899,0.560731757830947,4,0.5183878545185605,100.0
4,7,82338,4041,22,0.6214977655576466,0.7396565879840509,5,0.9832580898709098,100.0
1,17,86385,9325,45,0.8668381750355401,0.42231500029721425,5,0.935724759823013,100.0
3,8,128549,3150,36,0.5348092294378896,0.5663370840881661,4,0.9760538329007015,100.0
2,0,57666,8088,36,0.8723910343321919,0.9080737873747113,2,0.8575174928832947,100.0
4,16,55348,1562,31,0.81736316629885,0.810765568331985,2,0.5137120328983991,100.0
4,18,94392,7805,43,0.8074479282820897,0.33891192675215237,1,0.9657510201628172,100.0
1,5,118771,5281,25,0.6848534042280463,0.659732657173741,0,0.7104763858404084,100.0
5,2,103789,125,49,0.8475327000156108,0.36390672253481476,3,0.6841004345273727,100.0
2,4,97566,3623,25,0.40811171206232744,0.9702475002639943,3,0.6420661814698263,100.0
3,1,82784,6382,23,0.5833643548992531,0.47124844861810367,4,0.6433989136418621,100.0
4,19,106902,8561,26,0.8074824782942887,0.9528347179993895,3,0.9003142760094569,100.0
4,3,110672,8229,43,0.9923772545591696,0.8838058859440601,1,0.6281897391845652,100.0
2,9,83567,3847,22,0.4015086046505656,0.6859551042881096,2,0.6110810287192585,100.0
5,9,66284,3543,38,0.7059833590202247,0.5354132009900779,4,0.8490098139194269,100.0
4,20,66446,9620,50,0.9543018574222146,0.9005626764834553,0,0.6437315330203397,100.0
2,10,111968,5841,25,0.9181236308900043,0.4069485906555789,4,0.506565468826538,100.0
1,15,51393,5973,31,0.41388171685265285,0.4259818797293212,3,0.9658831935383281,100.0
5,16,131926,1304,21,0.7177348764104111,0.45730587415676655,1,0.6567819434917491,100.0
3,15,78596,5980,30,0.4025722608501602,0.7183878284923308,0,0.8821887259340493,100.0
4,6,97738,7560,46,0.8737449689394253,0.5200276571867599,4,0.7344936636607413,100.0
2,15,107542,2085,53,0.5853249052536075,0.9924270076352373,3,0.5670399092782297,100.0
1,2,72907,7376,47,0.8593543971491732,0.43657912470521504,4,0.8309641192368022,100.0
3,15,78502,5217,32,0.9668760050221431,0.8639270682879079,0,0.6157799134816722,100.0
2,7,93299,5827,22,0.985651032493089,0.36708535295475686,3,0.6439589374675159,100.0
2,11,68656,1788,21,0.9364667085268836,0.5474125936096635,2,0.516203182031314,100.0
3,2,63308,383,21,0.5224860719049798,0.4706337501442377,5,0.5082016750568534,99.43753150020936
1,16,65555,7567,53,0.5167601019567981,0.9837851640411772,0,0.7568097286071784,100.0
1,20,120228,9333,42,0.7754682597317366,0.31801140584421933,2,0.5288974544412346,100.0
5,17,99948,1583,32,0.7264322093487855,0.8051686679903918,2,0.604708786002129,100.0
4,10,70170,6036,41,0.4057207646808093,0.4734054877806286,3,0.9619035758835504,100.0
3,3,111818,4454,40,0.6350364106907975,0.8678740638106333,4,0.5414277293007428,100.0
3,15,71556,797,46,0.9440146033103052,0.5178570797096287,4,0.6453947493108496,100.0
3,16,41239,1555,51,0.9390154113519171,0.4310989715080382,1,0.8632640810690846,100.0
1,8,107420,8571,21,0.522344130457621,0.7851278959962837,0,0.9421625437317449,100.0
4,5,131155,4384,34,0.6291778414943565,0.48030357499555815,0,0.523105574758813,100.0
5,19,103950,5457,46,0.7362196065976496,0.6398828089848909,3,0.5927197597046698,100.0
2,1,42816,9904,27,0.9116705590553347,0.39207339561983146,3,0.6939417200690454,90.57471500397108
2,8,89411,9859,32,0.719196663544809,0.8072186077302208,1,0.6804971176015455,100.0
3,20,83135,4065,44,0.9809198874778209,0.5847853435377108,1,0.6442628674027195,100.0
4,5,99455,616,39,0.8794312827927329,0.39840583160608267,2,0.6211537951606054,100.0
1,2,68818,2586,29,0.9718551237871732,0.8191165327536873,5,0.6343294173860223,100.0
4,19,81663,6579,24,0.838895331025806,0.37235353442221536,1,0.5667127886060892,100.0
4,5,54497,4134,52,0.9265744836175179,0.7023742957562762,4,0.5816633112685705,100.0
1,6,95544,5061,26,0.8986022754267097,0.7252396187830359,2,0.8033834499094632,100.0
3,0,55427,332,48,0.5523030890446768,0.9512453502622882,5,0.6460955608803238,100.0
4,0,100935,593,48,0.5377218540725612,0.4056863489816651,1,0.6998426351880941,100.0
2,4,71236,5399,49,0.918630055274039,0.7573424518111886,5,0.7059831953531578,100.0
1,5,30000,8857,25,0.45080664251219377,0.5665380069766865,4,0.5548687483555108,92.34281317171336
5,12,109843,4891,25,0.6451381628198392,0.5805700429184165,4,0.9097468949282432,100.0
3,1,102351,8424,48,0.8923946621713355,0.6512776273606657,2,0.9781798338362668,100.0
1,14,123823,2132,29,0.8879435991047042,0.4636492284343037,2,0.6317709286461552,100.0
5,14,37747,7709,49,0.48326968640816176,0.6228282672667206,4,0.6472050928575559,100.0
5,12,73636,7806,34,0.6926258805143257,0.7807923178805845,3,0.8465769066091074,100.0
4,13,93289,2230,54,0.6878994416350785,0.6199791276839215,2,0.5402941906177081,100.0
4,6,104292,5133,34,0.5942328714635311,0.3297558991317625,0,0.9536614678859369,100.0
4,13,53427,3560,38,0.950308687038602,0.4804783732814005,3,0.5602946536157962,100.0
1,9,100786,5789,53,0.7918705672034392,0.5460221489271767,0,0.8660312354552155,100.0
1,16,75705,4938,54,0.9881124939066224,0.5483047958227436,5,0.6457575379630869,100.0
3,13,43623,176,48,0.4400597264960553,0.3567048247635253,5,0.6616323591401416,100.0
4,7,71232,6453,43,0.636610103746559,0.6146993861320842,5,0.5704223226438553,100.0
5,3,102859,8319,37,0.9010825372592863,0.7843643132919969,1,0.823168914496478,100.0
2,15,44667,6665,31,0.6536114015272956,0.3340704126340363,2,0.897497180601549,100.0
3,12,105926,7352,52,0.5571268162259946,0.8256469206612613,2,0.9751207877360414,100.0
1,19,97084,2216,35,0.9986845265902643,0.9685736420744209,4,0.6657747173157744,100.0
3,17,83653,1260,24,0.9238749338213883,0.3065367094601227,2,0.8105904550919134,100.0
3,13,49120,4016,50,0.7278841967796692,0.43558462115250124,5,0.7074964741406766,100.0
3,17,51126,4568,30,0.7370255417479645,0.6804414476417046,0,0.7789218363703931,100.0
3,4,80037,9873,43,0.40411777635259194,0.45263464058504815,3,0.5814658646135501,100.0
2,8,61876,2161,44,0.9885967485298671,0.8352382221745074,1,0.7908764455235728,100.0
4,2,81656,5087,25,0.8837770971444949,0.5184940204716102,3,0.9245411346149235,100.0
5,7,112654,2307,39,0.42203761572677734,0.5055376976225426,0,0.9318265771097622,100.0
3,19,83174,9238,28,0.5057981152954939,0.3006467130484093,1,0.7416946638028119,100.0
3,9,82488,2624,27,0.8926187381784548,0.489088331731793,4,0.6178732327232278,100.0
3,18,82508,1889,33,0.4521193289631764,0.4523693653348012,2,0.9183394870373314,100.0
4,20,115335,8798,47,0.9650714365057402,0.540268676999733,2,0.999714258416233,100.0
1,2,122334,630,38,0.9999346372903751,0.4033596571170101,4,0.6885798209626453,100.0
1,10,100548,6708,44,0.9318596857481753,0.7162540664957464,0,0.962184352582701,100.0
2,10,93414,5517,22,0.8433423936145101,0.4671190804446399,4,0.9917300620666997,100.0
1,16,95739,8272,36,0.6923694107012639,0.8822256053237232,5,0.6978066429010527,100.0
3,15,125698,1813,34,0.4494577458084242,0.4991905627163284,0,0.8581422084751736,100.0
3,6,101906,7126,37,0.8382677391053212,0.4476087196217622,1,0.7905462515895343,100.0
3,3,128060,4543,26,0.6381190924167319,0.3397259533576043,3,0.8610968443483561,100.0
2,18,79522,9269,37,0.7421371786880047,0.8179346830152205,3,0.5770763672959756,100.0
3,11,56610,1935,26,0.5760342856849769,0.655745722526289,4,0.6833599198285756,100.0
1,14,73273,1047,41,0.5452936057088449,0.37964809816633793,2,0.5313990203765668,100.0
4,10,75930,3193,43,0.594578175187843,0.4549343478322581,4,0.8066080683735624,100.0
4,4,130113,9604,32,0.8882968140482278,0.9991033504418898,2,0.9633482144513614,100.0
5,4,108410,9640,49,0.6558949240957359,0.8642201087485055,4,0.7801416228162127,100.0
1,14,74063,8686,47,0.587024747177529,0.5449086400373124,4,0.5351658102651444,100.0
3,17,110210,4274,26,0.6597822383649525,0.6797883814307407,3,0.965188699949576,100.0
4,10,86760,4908,41,0.419372419567881,0.5912120112304152,5,0.5664824553232317,100.0
1,11,130863,8447,27,0.9343625696892299,0.3254726957805995,2,0.941470714519848,100.0
4,1,81657,6131,36,0.7310569355001271,0.8450739064490345,5,0.8571136228757616,100.0
3,19,51527,5799,25,0.4628957362723991,0.8018902792562592,5,0.8181838776358865,100.0
4,14,85331,3381,35,0.5730441591694811,0.5861616201471143,5,0.7934237988124836,100.0
5,19,81671,1360,41,0.9901316493266648,0.8921279958164392,3,0.5655746074207301,100.0
5,3,56419,8731,24,0.7558344558423539,0.6743173664224501,5,0.7504218761873578,100.0
4,17,104647,5724,25,0.5748429321399073,0.3456459075882624,2,0.5983465191770313,100.0
1,5,125617,3824,27,0.6558073968195965,0.4815844031728169,1,0.7858919360486546,100.0
1,18,61937,7157,35,0.555084867661201,0.6232409852600922,5,0.7236718722028603,100.0
1,10,114317,6495,48,0.4190825542717238,0.372414467097558,5,0.8398377808947473,100.0
4,1,74834,9990,22,0.9052180192912325,0.6997568350040335,1,0.9912485149311049,100.0
1,7,89382,9904,25,0.5754871850247976,0.384397713178381,5,0.6805077018078611,100.0
3,10,86755,3635,27,0.9030464433130072,0.440355729838974,1,0.8083567481699815,100.0
5,4,89382,8961,42,0.687134240028354,0.9257885629367597,0,0.9322034632667977,100.0
3,17,101827,8127,51,0.5097367821685763,0.9998686716288636,3,0.5464633167754553,100.0
1,17,64395,9605,52,0.8811212159227951,0.6851773408326807,3,0.9001230306337231,100.0
3,13,122332,8999,28,0.6262668886334767,0.7337540270922354,1,0.6197124853651517,100.0
1,9,102588,541,31,0.8246375126839722,0.8582018028485012,4,0.7701380092954189,100.0
4,2,110889,4147,21,0.9023378014172394,0.7872976473428626,3,0.9957507192674919,100.0
3,8,70498,608,39,0.9777913938063122,0.42772658125830143,2,0.99202603938413,100.0
4,2,62130,7438,27,0.4514887195517452,0.588170067176911,3,0.6578988197407974,100.0
4,10,119567,8507,45,0.4050318891042624,0.6745815632358803,3,0.5658814780819833,100.0
2,11,61056,4914,42,0.7290549889134685,0.5517983945026956,2,0.9690925183814472,100.0
1,11,93732,2919,47,0.558544577125,0.4232743188304564,1,0.9467647174994633,100.0
5,2,115474,688,35,0.6814610738461457,0.815279340842961,1,0.8080159481187088,100.0
1,20,86829,3394,22,0.4435952122936645,0.4391924835555504,2,0.5162051944187617,100.0
5,6,119251,8932,28,0.7009534280040158,0.48234015009126285,3,0.8756401620459464,100.0
1,13,83211,2035,26,0.47491339190688425,0.5005637305899027,5,0.5804276066207007,100.0
4,10,58064,4238,40,0.9031526549194308,0.41324546133317724,3,0.9715106358502534,100.0
3,6,99354,2776,47,0.855692081581874,0.8946861360967329,1,0.71756303489854,100.0
3,20,94957,2108,43,0.4444441469303453,0.7274314232052872,5,0.8075578040866753,100.0
2,9,157199,6771,37,0.9018102128367605,0.8843236909944971,0,0.640539969302838,100.0
5,10,66372,401,33,0.5949750954547736,0.6456105194563764,1,0.7375379412053211,100.0
5,14,83703,3794,24,0.6117158457263986,0.6636941280845148,2,0.8773177516098016,100.0
5,18,71728,6676,40,0.507882144544937,0.7313012410940549,5,0.7460082812356016,100.0
4,15,86437,3847,45,0.9011824728954868,0.5596436807514914,0,0.9235986647344689,100.0
5,20,85429,1695,42,0.6428234583090549,0.6476088663817725,0,0.8565137179997866,100.0
3,19,68192,6507,37,0.42930152240818825,0.6828405903473772,2,0.5386797861522732,100.0
4,11,101705,2924,31,0.9797497766956977,0.9674797053240758,5,0.8034177021477056,100.0
1,17,84646,7126,45,0.5535323283765173,0.9180356922771711,4,0.8062997163301572,100.0
5,12,123637,9620,25,0.9617063667438832,0.390472093232166,1,0.6904491761955415,100.0
5,4,73786,3736,41,0.5807430175880564,0.328897726754762,3,0.6613619637708357,100.0
1,3,136534,4961,46,0.8988559568188684,0.7762337662307253,5,0.5314437970051525,100.0
5,13,96896,6068,36,0.7985316954755144,0.33443906665141415,1,0.7230782392192785,100.0
1,7,121783,7665,41,0.9167700591937388,0.34224574546686065,2,0.6682982289257304,100.0
4,8,92886,4620,52,0.9856707920217384,0.41148437779089997,3,0.9755314048421254,100.0
3,18,70483,7831,24,0.9228902100739677,0.5461949636067138,4,0.8370871909226756,100.0
1,2,83411,1094,28,0.6421990969000123,0.6044972782958462,2,0.7300307052838416,100.0
2,4,55330,7593,29,0.8887020888970976,0.6635646243001057,1,0.8773059903109426,100.0
1,20,87211,9209,37,0.8269904861842559,0.9946017350805216,0,0.8893848187957631,100.0
5,17,94302,1327,33,0.4369622024989921,0.5696629282984607,2,0.7402279457872432,100.0
4,0,91143,6890,29,0.9578560586425745,0.46992716756383235,2,0.5378789010368787,100.0
4,7,123253,2359,26,0.6795766549760986,0.7026766860093103,1,0.8902755661242394,100.0
1,18,86271,7347,47,0.48067033941775356,0.45060566682490344,4,0.5451420213939218,100.0
3,16,42650,2703,44,0.6552268583188876,0.9583804022543192,1,0.923753413252544,100.0
2,16,178601,7218,29,0.7618847470728864,0.4814780114318984,1,0.6670784463043081,100.0
4,10,72734,6891,31,0.7437676750503458,0.99295389495729,4,0.8191204822141904,100.0
5,1,114218,3732,49,0.7448761880717818,0.5930677332665918,4,0.8702022264560259,100.0
5,5,52393,3703,28,0.5535035698910402,0.868880205154626,2,0.5175962326630004,100.0
3,13,96130,4402,37,0.7796214696527135,0.753796227532039,0,0.6923071529225993,100.0
4,2,70136,7234,27,0.9444489002665977,0.953445922111315,1,0.8020715039996971,100.0
1,11,30000,7812,32,0.6332001679309605,0.7377988670360793,0,0.9240721236484705,100.0
5,3,82929,5727,35,0.7783481695720659,0.7068525856092953,4,0.8588848415902046,100.0
3,11,88748,3144,49,0.5463922042043478,0.7569967111979586,4,0.9480705821044735,100.0
4,12,84527,2608,44,0.4289686121132211,0.8505258725011813,1,0.5413613355772886,100.0
4,1,96077,4062,34,0.7514388183516432,0.9291891425335654,2,0.5359110011029058,100.0
4,1,83262,3834,31,0.42852988131113556,0.48677043006754406,1,0.8567624703879864,100.0
4,14,91728,3530,37,0.834150756952284,0.4406209643160772,2,0.6992641204989081,100.0
4,16,94252,1259,47,0.8022116186810584,0.32404478696618577,3,0.7408156306254698,100.0
5,6,89120,6596,23,0.6215950113407893,0.55905544213052,2,0.8021580178045112,100.0
3,13,85730,7853,22,0.6467740657887892,0.8923295159866353,1,0.9929707308736555,100.0
4,11,67658,2084,24,0.9506565618863799,0.3489002000458206,1,0.5335830777684671,100.0
2,16,104861,2514,38,0.4078801753138377,0.6769640535243462,2,0.5544474447130925,100.0
2,13,82925,2024,40,0.7379820284937952,0.7863520453617451,0,0.9146566178072387,100.0
3,5,80904,4954,41,0.954016675440678,0.885797123184741,2,0.5102621305781176,100.0
1,18,102807,958,34,0.948392348661758,0.7084012253828476,3,0.725227420364202,100.0
1,5,95298,116,28,0.7507934582948155,0.4304240071350669,3,0.887059144815918,100.0
1,17,72544,4702,22,0.6287379993457588,0.9751753807527568,0,0.5976344105170466,100.0
2,4,121266,8356,46,0.4593421157994244,0.3662560572814265,3,0.5935050565327873,100.0
1,5,60269,3250,39,0.5042705222874103,0.8382997282578706,1,0.65512617216634,100.0
5,1,64213,8997,48,0.8078040131221969,0.360591456690316,0,0.5750051694574724,100.0
4,7,106708,9772,49,0.4099804502858607,0.40039337537678066,0,0.8392764268609452,100.0
2,14,133778,5313,25,0.9300913458447895,0.9287509155864615,0,0.6000687757487335,100.0
3,14,75564,1644,48,0.7527606820875301,0.8271522610212318,5,0.6134287695229068,100.0
3,10,100320,1542,46,0.4270879973588585,0.5558557898623884,2,0.7874675740458967,100.0
4,0,60190,7618,25,0.5438604521149796,0.7471070496593427,2,0.983670539198022,100.0
2,17,66775,1450,35,0.7565205463405928,0.620073055197486,0,0.9569412861842705,100.0
1,11,118304,9600,29,0.4213607592758891,0.34657643262741955,3,0.932248364813461,100.0
1,11,99144,3656,52,0.8679924411746573,0.8047893314370869,5,0.7654619166639103,100.0
5,10,119080,5609,46,0.9519532400983619,0.8342790066153074,5,0.6488759078528603,100.0
5,7,117157,1625,35,0.9767322359811624,0.9176389703064114,1,0.8528835891366326,100.0
1,6,37761,9715,24,0.8401955481403152,0.678446142627896,1,0.694788639889599,97.75188104448611
3,20,60101,8004,40,0.9140952825037103,0.7711965657010191,2,0.8889544917156046,100.0
3,1,96861,6306,47,0.7664244773978419,0.6066352928624075,4,0.5080957427886569,100.0
5,10,47572,2608,41,0.6751261987249446,0.5232364813754784,0,0.7647700204834009,100.0
4,9,63642,9046,42,0.8278808520233243,0.5881899966316765,4,0.6686752474986861,100.0
1,2,125674,3540,27,0.534508398557617,0.9382266496651415,1,0.6245245529178893,100.0
5,19,76460,7600,51,0.46587059571733014,0.41491989953093206,2,0.8309184188121883,100.0
5,9,107757,2337,37,0.8571105856773391,0.47394987233438185,2,0.829186666805555,100.0
1,17,89295,6575,27,0.9749120757915214,0.7243335539644125,2,0.5185335889717975,100.0
1,13,73001,7777,39,0.7464875993968141,0.3813969250928303,2,0.9738494430079437,100.0
3,17,48394,1986,48,0.6895254225987162,0.924305158156699,2,0.68092651807526,100.0
4,7,95832,1845,30,0.7206425387633106,0.3330654603042838,0,0.9587039071994921,100.0
4,9,126365,4909,47,0.6870785106308995,0.8287186052854343,5,0.7918599940850399,100.0
1,12,73711,364,33,0.6653201687063429,0.56160963300451,4,0.8262952364366924,100.0
2,20,91714,9807,22,0.9682214164877276,0.33581590152802276,5,0.9802577891599895,100.0
5,7,52005,4483,42,0.687857914676949,0.890049525603116,1,0.9110986398329872,100.0
5,3,73195,3205,40,0.4486614646083872,0.7483221642763186,1,0.5700175050151242,100.0
1,3,98522,9189,25,0.8593100074421418,0.3062010964036969,5,0.5026104812966671,100.0
2,4,108592,8355,26,0.6349369620447488,0.48727299386922923,2,0.6542936901708776,100.0
3,0,103898,916,21,0.8264161274493302,0.5464319254075168,2,0.7442687971938118,100.0
1,16,39211,7208,23,0.747741615744644,0.5258047042294898,5,0.8660749455816972,100.0
1,1,78576,1630,27,0.8279080390935103,0.6488394203207494,2,0.8305241901863507,100.0
5,7,65817,4428,49,0.4371963742214078,0.668762070513792,5,0.6564280857050384,100.0
1,6,82274,8533,35,0.42032399360069383,0.5777278124552108,3,0.7709979945816783,100.0
1,14,87220,4348,31,0.6271249749106848,0.5322392371444998,1,0.8254666580123868,100.0
1,4,116658,439,38,0.8158996826931645,0.6530865298030387,2,0.7568751010219015,100.0
5,1,97380,5311,24,0.5342095161435965,0.32353078324006196,4,0.8444871480211154,100.0
3,6,125445,2433,44,0.6600404307775433,0.7516412320221302,3,0.7426091269741677,100.0
3,7,72512,8282,31,0.9884861583837846,0.7241877618325512,0,0.7648425034918066,100.0
1,6,54573,1583,26,0.5289247327104073,0.49545385980760465,3,0.9703876463986804,90.88918723599039
5,6,126381,8045,38,0.9087660770628182,0.425660812900446,3,0.6945790638146409,100.0
3,13,100836,429,35,0.895276530886718,0.3510894808395543,3,0.877853665563832,100.0
3,20,71418,476,23,0.934811311173393,0.7111406259142781,4,0.6673382730829129,100.0
3,17,100945,5186,37,0.9490850461772723,0.6982301908096413,1,0.6659272676954802,100.0
5,5,110881,3403,53,0.7043921154388793,0.6733226630773872,2,0.9633357984375375,100.0
5,3,92979,9767,54,0.8091602699173455,0.9899327877310056,4,0.849335752711325,100.0
1,9,71774,9720,50,0.7713345472094166,0.672080877715064,4,0.9644791439887858,100.0
4,17,78968,7443,39,0.5853691242193342,0.8052535109787835,5,0.9972907310047627,100.0
3,11,97265,7404,29,0.5678725516928245,0.379042790283519,2,0.5001015825972002,100.0
4,15,94972,2045,51,0.6049419817006548,0.5092795524298943,5,0.9915751245143045,100.0
5,6,120306,9005,47,0.5310746392046153,0.4928126304495802,5,0.5504353598392977,100.0
5,5,83102,9279,45,0.8544301302956773,0.7031828541006058,3,0.5352057399689477,100.0
5,4,65905,1642,27,0.9787437210559095,0.5315692598499517,5,0.8839049023777887,100.0
4,2,154426,1994,27,0.9206630451028469,0.7487464988090349,0,0.6750923003102529,100.0
5,11,94362,7131,40,0.5307642424530283,0.783062817441192,3,0.958905968250026,100.0
1,14,110856,13,39,0.43114928242730793,0.32358288602418267,3,0.7722532844658088,100.0
5,9,103046,7487,22,0.8542563442433051,0.7478303987076116,5,0.6930558218756717,100.0
2,19,94664,6008,54,0.6341282835451697,0.3817511535951889,5,0.5367186867966256,100.0
4,18,84306,612,37,0.8947675697000289,0.6255947112988971,1,0.732317925888352,100.0
2,15,30000,7266,44,0.8675414779518713,0.808603599538251,3,0.6389488670250061,100.0
5,10,63419,8702,29,0.7752461511994047,0.7923414971616021,0,0.5383065505506377,100.0
1,7,98227,6724,21,0.5532036006276373,0.5098757814982228,4,0.8351942648870738,100.0
3,2,30000,8386,48,0.4624214606980882,0.4906560953225725,5,0.9886684417488587,100.0
5,6,91790,3261,35,0.5515889956336811,0.6081585554989355,3,0.6894572426982726,100.0
1,6,106530,3157,41,0.7058558172072803,0.43206695811245105,4,0.6486324602975836,100.0
4,13,110831,9497,35,0.9876777853854293,0.9822893088959359,5,0.5449800951552544,100.0
2,1,104953,8154,43,0.4382123441202152,0.5414419499197844,1,0.6115726105525394,100.0
2,9,113959,64,22,0.5200432004895591,0.9460952918085239,5,0.6424861248992029,100.0
2,18,130140,9926,29,0.7763676746154551,0.9357854740719733,0,0.6720878064180323,100.0
4,8,117402,2920,22,0.5826186368002166,0.5553942912936201,2,0.8169835241222424,100.0
1,15,94920,1880,22,0.9151025796639306,0.477859242591034,2,0.557436339031937,100.0
4,18,86634,3358,38,0.483650192239357,0.8395849441683843,5,0.5292119567115917,100.0
2,17,92865,1611,37,0.9778945141503648,0.4605644932945576,1,0.9652909086461039,100.0
5,8,83112,5777,28,0.9474249349099161,0.6648724729737334,0,0.8995943459062503,100.0
3,15,117939,5840,54,0.9325174336064327,0.37748256209392295,5,0.6391110434576781,100.0
4,12,104302,8130,54,0.5038414250580496,0.5701525081846006,4,0.8193960949103423,100.0
4,9,80473,7053,25,0.5976976745515866,0.35470844655858175,1,0.7962461398999529,100.0
1,19,123102,2100,49,0.8824581053401164,0.49840771488024016,3,0.8715052917666847,100.0
1,13,82703,5490,48,0.8846848393359676,0.7657056167333823,4,0.9296472393584635,100.0
4,11,66355,9453,36,0.8231052491242794,0.9939150095851264,5,0.6788760251636778,100.0
2,18,89731,6380,34,0.668830528920251,0.47836531755460476,3,0.8304159913626618,100.0
3,6,69396,5192,22,0.5869535624040623,0.6313249033845374,3,0.9010204536954953,100.0
1,14,113405,180,24,0.9777747617090362,0.6136322802684071,4,0.8496471524378547,100.0
2,15,68864,2819,51,0.48355736193300763,0.428907543945293,3,0.9610677942672783,100.0
5,7,87115,7003,46,0.4262524365771737,0.7270483253382554,2,0.7473437263592992,100.0
1,9,113492,7939,47,0.4054783119939167,0.8072934627753803,4,0.901320296647609,100.0
2,3,72194,9975,54,0.865016145780213,0.4030536384055161,1,0.9548706989205651,100.0
2,18,100278,6721,51,0.4340230875800437,0.829987200806561,2,0.7785264374404264,100.0
3,18,65664,4001,31,0.7231861626831473,0.7901131450568437,1,0.5086467663716864,100.0
3,20,96109,7145,28,0.6203754646403814,0.4381400165793363,0,0.9090041843304262,100.0
5,14,104181,836,32,0.4881447340433242,0.7542633375825323,1,0.9230169857448934,100.0
2,13,88946,9867,54,0.8443572921323219,0.5755701755544658,4,0.6999253303927262,100.0
2,0,90838,139,33,0.43300409862636074,0.7767964267461007,1,0.6145390367405054,87.06874140012347
3,15,101099,1427,47,0.5910363031512714,0.6472677965650979,0,0.9890746334710316,100.0
1,9,82987,6808,28,0.7373147352520546,0.33369637266383567,3,0.7758117911964593,100.0
1,18,112238,6783,41,0.6414494340137513,0.8508768916964551,4,0.7580898427549163,100.0
4,2,124278,1417,31,0.5554889191955201,0.6889199473033585,5,0.9730371471193842,100.0
3,4,66855,5146,42,0.955600602823628,0.8073562360011128,2,0.7040485561480025,100.0
4,8,134176,8795,41,0.9585822330991984,0.388250242416181,2,0.9240679991123202,100.0
3,17,82412,1047,48,0.6496567237655358,0.8048907308221704,1,0.8503255423448729,100.0
5,10,139858,7556,23,0.636246650056852,0.5895663319615372,2,0.9838576860619046,100.0
2,15,82752,5913,27,0.5844310284920206,0.8594869308180064,0,0.7143254712756761,100.0
5,1,107684,32,34,0.9134537157474163,0.7194161127260907,5,0.9538129441584237,100.0
3,11,107550,9835,35,0.7407491715969426,0.5484314876888602,2,0.7844403585795441,100.0
2,5,80317,6297,29,0.45371332774147316,0.4413418665730956,1,0.737938236212039,98.94442319661066
1,10,91815,1415,27,0.9119924218710205,0.8711469180474698,2,0.6528317722651304,100.0
1,7,125997,9680,32,0.7209317619742004,0.692134864503568,3,0.7763490081590708,100.0
4,11,81945,6477,39,0.6493550824635451,0.9912276508411852,3,0.7862759729786266,100.0
3,1,79561,1204,47,0.6027189661861347,0.5614420692418023,2,0.9491955680038131,100.0
3,8,61163,8777,38,0.45965595418776695,0.7800034551100576,4,0.8520310646421603,100.0
1,14,129188,7933,33,0.9740212938405216,0.7359746102435365,5,0.9132368289242032,100.0
5,1,77980,1616,21,0.844746110483381,0.746307196501214,2,0.8845650182018596,100.0
2,0,119999,8653,41,0.47906653785938846,0.8158859751749599,3,0.6383232767514904,100.0
5,9,74966,8326,54,0.7067612914809006,0.3973757959880678,3,0.6028987825300884,100.0
5,1,119214,6260,33,0.7333451186717721,0.6847508307987896,0,0.6292406778610196,100.0
1,11,110166,1693,43,0.5007332542184535,0.6563907692760961,1,0.573289712187667,100.0
1,7,84289,9108,21,0.6563329173173824,0.5397708523633784,0,0.6929809617462314,100.0
1,4,71643,8631,43,0.7874476692724048,0.6053051865634652,4,0.8269503572884642,100.0
4,0,73674,2761,48,0.5704063430888561,0.663168453655852,1,0.7684887461526018,100.0
5,14,73355,7514,52,0.598965372933969,0.5246456204757527,2,0.8396071643626595,100.0
3,5,116629,7673,28,0.4732170862390049,0.5052111824129835,2,0.678049226692843,100.0
2,11,94005,8563,46,0.6479443865954537,0.8167908022665586,4,0.60263889329218,100.0
4,7,62121,8633,34,0.7503143708249769,0.3468426999038199,5,0.6013790742395955,100.0
3,12,83696,2732,44,0.4699153244195902,0.5190741549526474,3,0.8004312733533578,100.0
5,18,86724,5649,49,0.7688706153010214,0.7575978022936565,5,0.582147379495715,100.0
1,0,36525,3233,24,0.6386759288516874,0.44614107783172974,2,0.6985835861530996,86.54312452543572
5,10,85087,5451,38,0.8069093526344848,0.7005908446999076,0,0.6064163713880222,100.0
2,19,108079,9832,34,0.5889021853100956,0.5115148991539844,3,0.8313801923644728,100.0
4,0,86559,7391,47,0.7410995429749625,0.8903108913451472,2,0.8077104193898526,100.0
4,7,96360,5194,23,0.7676817089558808,0.5449925324903945,3,0.6905624833887698,100.0
2,4,102112,279,50,0.8143044394876868,0.46066159321163735,5,0.5643587597672526,100.0
3,16,81434,7714,43,0.8541633901223795,0.6710726439625739,1,0.6059084072233376,100.0
3,7,108268,6125,38,0.4818110259399448,0.39496235910389155,2,0.7361045294011666,100.0
4,9,126437,9325,30,0.9791456453201665,0.8582387771835409,2,0.9860412122170849,100.0
4,1,51903,7308,32,0.9061872493922571,0.776019775890862,3,0.6353873807521018,100.0
1,8,81378,4543,28,0.7373912695591703,0.839356233286441,1,0.5955951784529462,100.0
3,2,148240,1052,52,0.9342153224670148,0.5792147398579872,0,0.6103417091216856,100.0
2,17,94264,1651,37,0.6294597807884497,0.8845023896984592,1,0.8540695680839794,100.0
3,6,89128,6613,34,0.4205719309636801,0.6454836915160073,0,0.9573420826977607,100.0
1,14,83548,3307,29,0.8362188285207659,0.36628932444416606,4,0.5375858119596247,100.0
4,20,121860,7065,46,0.966006489613216,0.4568204742942943,5,0.8746442707856092,100.0
4,19,66525,1393,44,0.4971127981451814,0.7977369610697536,1,0.7473033398297495,100.0
1,17,113154,4006,43,0.7863243682098013,0.9274956091659519,0,0.9125952333506536,100.0
2,2,83081,24,51,0.8880553363913901,0.3666299146930261,3,0.7107526613853801,99.49396637081135
4,13,71253,1684,22,0.9430402309828498,0.9049503537680481,0,0.5026081258383963,100.0
5,1,84222,5109,38,0.5659166554691116,0.8593488804249483,4,0.8413981883647856,100.0
4,13,88840,3627,36,0.477240285630839,0.5495927419895598,0,0.903985715743653,100.0
5,10,77556,8109,49,0.5487100683255609,0.7824937630776594,5,0.9510105470765774,100.0
1,15,117819,6567,31,0.7466329846114814,0.4308659406610732,1,0.784525644547517,100.0
1,7,71447,5484,22,0.951236953897319,0.8693753099537618,0,0.5610242506215728,100.0
4,6,93501,1490,34,0.7495214867191038,0.7601373152943074,1,0.6849173221127779,100.0
3,10,103435,9947,24,0.9517727805015979,0.6071805656269456,4,0.892125122560556,100.0
5,2,93243,7708,54,0.8620222142147315,0.9051621208826921,0,0.7472064827740074,100.0
2,16,109305,3056,29,0.7590336785006855,0.39746415091063103,0,0.8496222440902508,100.0
4,13,79160,7373,27,0.41307910555799776,0.892049942705412,4,0.5023448416793995,100.0
2,5,105565,5967,37,0.5998454607256848,0.31672048456558743,5,0.5365011698687179,100.0
4,7,106305,4220,43,0.4344757343349438,0.8272402830287573,0,0.8405818092243176,100.0
3,4,114203,5481,31,0.593345410164417,0.7013548537217574,1,0.6451009404696569,100.0
3,7,42858,985,42,0.4374000988950645,0.7877062912544264,5,0.6940933438539457,100.0
3,1,102726,1695,38,0.5006895168700375,0.5886411680117458,2,0.821066455887246,100.0
3,14,112531,2093,48,0.6464115497454453,0.9051087881245141,5,0.5560072467983872,100.0
1,11,79713,1696,36,0.7089308472597884,0.5192043168978693,2,0.9163541776453086,100.0
1,16,76304,4168,24,0.530285012975713,0.49246869963896917,1,0.5722171300815925,100.0
5,0,72465,6819,42,0.8395464275547934,0.5112254520234897,0,0.8666412720256338,100.0
2,14,64199,8710,31,0.7542187731202119,0.8420546899898087,1,0.6463756845219799,100.0
4,13,106644,197,41,0.8150563184579667,0.6467042119454987,4,0.6299854830658431,100.0
4,19,147047,2792,36,0.8396594086560479,0.6759597280979026,1,0.9106323494924375,100.0
1,15,76099,4198,29,0.8361522031486142,0.8821587928861987,2,0.7761008731266852,100.0
4,8,78336,4110,54,0.9617403407181118,0.8833558866216282,5,0.602748892487447,100.0
1,0,90384,2082,29,0.5423322003488003,0.413216673197911,3,0.5012731254556589,91.76066072734204
5,16,49950,6661,33,0.5620933835387609,0.6848373710218219,4,0.9865174396999006,100.0
2,12,72611,107,26,0.4565206408012904,0.3882127445036623,0,0.7156930945612986,100.0
5,20,88575,9493,24,0.7555518144586619,0.9079699298363304,5,0.6987113974459316,100.0
3,20,67651,6815,48,0.6371113045827193,0.8859039914682765,1,0.525157293108931,100.0
3,4,119936,3474,31,0.6977193284006578,0.8945442007547926,4,0.9472017346754813,100.0
3,9,57654,1797,54,0.5018928746284839,0.7934009502659767,2,0.5702938479685915,100.0
5,5,112525,7773,25,0.7894361503428298,0.6268141142297194,0,0.667727855804904,100.0
4,18,126712,5414,31,0.7714116163836707,0.583304858441184,1,0.7105519474929001,100.0
2,12,99543,693,32,0.5588706561592117,0.5766571947395269,5,0.9050528743900335,100.0
3,0,86563,1142,39,0.6792500142556444,0.3463489520261326,1,0.6797333160703559,100.0
3,19,96157,5887,33,0.9365805628643679,0.9642092005251577,0,0.7657312711764066,100.0
3,14,78985,6208,24,0.8640994205954792,0.6151929597064278,5,0.7143657348207866,100.0
2,13,39098,3846,34,0.5361663260579991,0.9510804294948654,3,0.6559223475648306,100.0
3,7,65518,9816,22,0.927312911499762,0.9154802774132087,3,0.9731515424544763,100.0
2,9,89720,1051,28,0.4403877840529257,0.8800272714544102,4,0.8984384054132557,100.0
3,8,66482,5899,42,0.6483571396332474,0.7118162193815788,1,0.5871764799873987,100.0
5,16,79671,864,33,0.4480709365224377,0.37108912016544837,4,0.7773531674437616,100.0
5,8,101979,5748,41,0.9545285165118931,0.5267380146860753,0,0.8982800595412443,100.0
2,2,93625,2036,41,0.42442146509202605,0.7225103465002506,5,0.7898949863143536,100.0
5,10,116461,5375,48,0.4907441776647472,0.30941906589026974,4,0.7468896459979655,100.0
2,11,97354,2560,53,0.9490239663019308,0.3298416395679483,1,0.536029698719936,100.0
5,9,98824,7099,49,0.7492945869403775,0.7743643675404044,3,0.5530333442532498,100.0
5,16,72192,249,42,0.8771127850577596,0.9217419960512923,3,0.622619767600341,100.0
2,16,56722,499,46,0.4098440561570771,0.8986141905262424,0,0.7566983455974223,100.0
4,10,79676,1046,31,0.6514570423331904,0.4177016935341884,2,0.9936483422842732,100.0
5,3,71820,9540,31,0.9906793781645684,0.9378634168146387,4,0.901133096038406,100.0
3,6,85830,6142,54,0.7478914396180936,0.7874115404558895,0,0.5550255002321494,100.0
4,20,63349,4790,39,0.9098096731599512,0.8014281680279784,3,0.8586296968494223,100.0
2,13,111062,7919,34,0.9781356861381272,0.5128288405161905,1,0.9052356695863641,100.0
4,6,71728,3279,49,0.8110243054134441,0.8011977429786727,1,0.7071316391706053,100.0
1,7,80905,6132,39,0.5965782770159085,0.7968405943087246,5,0.6650738116882446,100.0
1,0,89495,5720,41,0.5851641605626803,0.7162658679291839,2,0.7923075520188286,98.9927796408311
5,3,118079,1777,44,0.4427664447258808,0.5501018822813304,2,0.7595767774842271,100.0
5,11,133967,4718,46,0.6566632612036597,0.8677101063794725,3,0.6326068028984515,100.0
3,2,135686,8363,32,0.9492336493731283,0.9562625565861882,2,0.6986889152914701,100.0
4,12,57955,8857,39,0.6868374559563886,0.9089218975188975,2,0.7722187581447626,100.0
1,19,80671,3016,50,0.9465969460760686,0.4700854359491406,1,0.7899621831343708,100.0
5,5,75915,1266,35,0.8902851599369433,0.6119716803347592,5,0.7658747608189764,100.0
4,10,99257,7087,23,0.990512267973968,0.539690046605885,4,0.9230537555436129,100.0
5,3,97732,5361,33,0.9686171691352379,0.7952356851467293,1,0.5158725198936529,100.0
5,19,75424,759,29,0.8238899614317938,0.8820432363697044,5,0.6664918402206101,100.0
1,15,73451,718,33,0.922730372125585,0.45105729270762807,1,0.8749168069233317,100.0
1,6,65064,6426,36,0.8488466209794254,0.9630928747467908,3,0.825891301584266,100.0
5,10,30000,9823,34,0.8220367087853306,0.7741303933096978,5,0.9591333145909304,100.0
2,0,57545,6960,28,0.8293357467386813,0.4529135101038094,5,0.7940105143711781,100.0
5,6,111669,8667,39,0.8326262052147773,0.5597662279151987,3,0.8190754531035284,100.0
5,11,126617,9302,52,0.6276514071169291,0.3732248006395842,5,0.8524735800613847,100.0
3,6,123696,1723,43,0.6541374496315505,0.717948289520726,4,0.5931002995631212,100.0
3,6,112730,7946,41,0.5764426955038265,0.41843406595483684,0,0.8766220058817324,100.0
3,9,64701,8318,38,0.4889563454027977,0.785162956714129,2,0.6499448192705011,100.0
2,15,60469,205,34,0.6750660402005155,0.8160727202572584,5,0.7122505900328202,100.0
2,7,44724,4724,36,0.9399695735633696,0.6355343728264022,2,0.5070032507863083,100.0
5,8,75420,9676,44,0.7907588239706973,0.3656717398009297,1,0.9217829655417646,100.0
3,8,92177,1284,52,0.4337082158308667,0.7276112329800859,1,0.9767464470627825,100.0
2,1,64805,3719,31,0.8867199667387913,0.56054367648667,5,0.5300954755923957,100.0
1,12,100777,348,31,0.9612409163305002,0.9647532298498325,5,0.8176000898850568,100.0
5,12,106296,6771,24,0.8976534639920624,0.659243994691429,5,0.9803893380790514,100.0
4,3,78137,3521,46,0.8365248484934482,0.3505862482049218,4,0.8034503941299098,100.0
5,11,56499,4285,25,0.4900722374879929,0.7452343582380254,5,0.8989754935940375,100.0
4,16,124523,1666,53,0.6093999353515529,0.8455475917685489,2,0.5590643924169159,100.0
3,1,90878,6772,34,0.7391721330088181,0.4123519665839217,1,0.6224248864312145,100.0
4,12,138530,8844,52,0.4461164676270337,0.6143401550410704,1,0.6728674279606315,100.0
3,17,92309,9882,27,0.4637621284814709,0.820237867266475,5,0.9905833248276894,100.0
1,14,94055,9552,30,0.96055235320669,0.31434553077221655,3,0.8908889851824109,100.0
4,7,65887,5283,22,0.8216147159655902,0.3202788572681639,0,0.9428314347473201,100.0
5,14,79411,8820,30,0.5650522276307653,0.7738384468180028,5,0.7435382098425308,100.0
3,0,51029,1179,41,0.5964161858568087,0.8075885488275676,4,0.8584026781166882,100.0
5,19,56409,8453,28,0.6306575825681017,0.892108606123805,0,0.8657824714337864,100.0
2,9,108529,8183,38,0.44504277554723015,0.5797198710548391,0,0.7844615304225602,100.0
3,11,82935,311,29,0.8435061992286569,0.5728436655318538,5,0.9389845753521825,100.0
4,4,79433,1576,50,0.5061004072547234,0.6866575809107602,4,0.5791256129789943,100.0
3,8,71489,7826,24,0.883072014892426,0.8301288685244519,2,0.5287598449325577,100.0
5,7,80361,2220,34,0.9075234578661602,0.7486945378567533,5,0.6520282478446656,100.0
1,15,118326,7240,34,0.7830605064564784,0.5291263126906969,1,0.5441359052978424,100.0
3,13,93605,8813,40,0.8619129660393479,0.5425830795050912,4,0.5301580813277225,100.0
4,12,60499,6598,49,0.503101100011626,0.8341034548969741,1,0.7095448984468856,100.0
2,20,115759,1953,43,0.7455633896023821,0.6742526632331223,5,0.6002528423457266,100.0
1,12,133125,8275,41,0.8060795886676788,0.3685833229058666,5,0.8950737485636189,100.0
2,4,102367,4647,51,0.7969363485125667,0.40709646790660287,3,0.7898921929827565,100.0
3,15,112282,8358,52,0.4703739265859085,0.8958332631568211,0,0.6802964252182031,100.0
5,10,120519,5395,27,0.6066294774880229,0.9991624021889443,3,0.6432720709039387,100.0
5,4,48584,265,33,0.595022512889402,0.5349780340188784,0,0.781569078430133,99.88896197895237
4,12,136606,3120,43,0.7435161235581451,0.5706911630897777,2,0.7170010493799538,100.0
5,10,117470,9253,28,0.8591422773206518,0.4081416173527104,4,0.5278675901186596,100.0
1,18,102221,5042,32,0.7423542197021282,0.4649991588422951,2,0.8325953055913167,100.0
5,2,86863,6271,36,0.8528964631909925,0.5972408920431216,0,0.7498787938616442,100.0
4,14,56568,2427,46,0.4593805580194049,0.49907275108753374,5,0.6384497975113859,100.0
3,6,81714,2266,49,0.9268832145203664,0.7909973982133605,3,0.645207551768078,100.0
3,6,101209,2644,49,0.7219702416185558,0.6764946090529176,0,0.726392296639925,100.0
5,5,62391,1901,26,0.42249919628030375,0.8756079898052707,5,0.9137962310278174,100.0
2,2,88256,3474,53,0.7859278018134559,0.8071674424033135,2,0.711525290157335,100.0
3,12,60411,9977,51,0.7104083124178453,0.38967042837233634,5,0.9197904157905759,100.0
5,6,80384,7436,38,0.532221741309139,0.3863722759037031,5,0.712431606769764,100.0
4,4,56184,1980,51,0.8586552751668128,0.9269540469552198,2,0.9149565829317444,100.0
5,17,53555,3963,36,0.960140950724788,0.8736578676133917,3,0.9657649820921763,100.0
3,7,98502,5828,34,0.5936100723061035,0.6275421262138962,5,0.5102869392938969,100.0
4,16,75506,6781,24,0.6963494096898214,0.3912548943417808,3,0.5311252061111937,100.0
5,19,77855,6758,50,0.4769049992190575,0.9290034034800636,5,0.5670096478728794,100.0
1,0,74163,5013,53,0.9578798342228897,0.4614903901631511,5,0.5610602396830437,100.0
4,13,158077,658,50,0.5912776357715398,0.3248743422407583,2,0.7272389416833236,100.0
1,16,105184,9842,34,0.5168708102197155,0.9469676674911816,0,0.8820170357724517,100.0
2,9,107868,8730,43,0.6870572060616733,0.8662549345061077,0,0.9806642075833112,100.0
4,11,70614,2111,48,0.42596949370070847,0.7854371846229138,4,0.7088904069838939,100.0
1,15,102618,428,27,0.551702098735843,0.32382125014642454,2,0.8442405682820247,100.0
3,13,84306,2362,30,0.44059464189484654,0.6699018248748964,4,0.817753455907282,100.0
3,15,70413,5785,24,0.4764226926965199,0.7575453085586398,5,0.6965917673159212,100.0
2,7,138227,8286,33,0.46729453051952086,0.8315430685474219,2,0.8605617594516711,100.0
4,9,104319,7701,41,0.9234519730107743,0.6297517193589666,4,0.7959755416794456,100.0
4,16,103058,1761,53,0.9582609088207767,0.9673445100570899,1,0.8799697605687966,100.0
4,17,65706,2667,48,0.6847132994680876,0.4713467426812221,0,0.5968243517845967,100.0
2,19,58244,6133,43,0.7782502527120072,0.3488144421532756,0,0.6801356926349246,100.0
4,15,88561,5534,52,0.8175411383577991,0.5329363715060549,1,0.8356109568916646,100.0
3,16,75662,2361,25,0.6347879949232361,0.7632634092146988,3,0.5624017312564586,100.0
1,15,105316,8081,46,0.6221262802257327,0.8160100429933903,1,0.8851987839945578,100.0
3,18,106981,1299,46,0.8053414115342018,0.8169478279803661,0,0.5667198861381075,100.0
3,7,91637,2712,23,0.626028709147143,0.37747167933591375,2,0.6622270755171025,100.0
1,5,110692,8845,44,0.7486057117301063,0.9195626182397889,4,0.6187643366674674,100.0
3,5,94832,2915,54,0.7091156864868746,0.4965835920460205,0,0.5304927808085679,100.0
2,20,68207,4679,54,0.7146763605405888,0.44693777536425855,1,0.6353284184452264,100.0
1,8,85043,2932,40,0.8976153177258706,0.7301202338563204,2,0.9557556046418673,100.0
3,3,93393,6664,50,0.8224342653392179,0.4482943521036834,0,0.5134643234743883,100.0
5,11,113223,2031,40,0.9764095924228557,0.6556269449985168,1,0.5084144653557434,100.0
3,11,95623,3634,38,0.8745859763509478,0.5849207875817617,0,0.8521334239571929,100.0
2,16,75713,6354,40,0.48747550875993745,0.4624239838399622,1,0.6834349574884316,100.0
4,14,114154,7788,26,0.8430899817999057,0.5044417427511746,5,0.6148705394374122,100.0
3,8,99518,146,45,0.7993885323802812,0.599185061952604,1,0.7544360756070942,100.0
4,6,128641,4235,23,0.787626387706809,0.5423122424206387,0,0.6333377684752992,100.0
5,9,92181,9420,39,0.6884467757152022,0.5671030490601127,2,0.6960089612664095,100.0
3,15,64066,9219,30,0.4374783518895919,0.8148042350991669,0,0.8576681943465473,100.0
1,11,119424,3150,25,0.9708908605060419,0.4178659388846342,0,0.5584535322415197,100.0
4,6,75580,2597,42,0.9111548168346472,0.7393330111326971,5,0.9798281039806283,100.0
5,17,97385,6679,29,0.6920848224471148,0.7747104429534843,2,0.5212643421345269,100.0
1,14,94642,2615,53,0.4951485805784851,0.8614609323237215,5,0.9032686776641142,100.0
1,5,91140,5014,35,0.8946835947134552,0.8931290227167612,0,0.8622955969757051,100.0
1,11,85754,8410,44,0.6584029632455115,0.41106588042698033,5,0.6410447885637867,100.0
1,10,48696,7514,50,0.6340683541038157,0.39678253278260156,4,0.5591614257761285,100.0
3,19,64947,3820,26,0.7992293391596208,0.7303397092026263,4,0.9261874690971241,100.0
3,2,118053,6090,35,0.8552052391195909,0.8298415854080752,4,0.8398058132084667,100.0
3,1,100720,7418,42,0.43770444197227487,0.49062850116777773,1,0.6454406117674847,100.0
5,5,137732,4163,23,0.8605338498901077,0.668093043901179,3,0.5084645858351367,100.0
5,4,64057,3386,49,0.8403643008109769,0.8405676014282397,5,0.9692451711840231,100.0
5,17,89233,1378,49,0.7535257663132262,0.837252175768318,0,0.702126583229981,100.0
2,15,119079,7819,51,0.6030513486148806,0.7576741162796218,3,0.5881334234946485,100.0
5,7,75854,3810,22,0.49888128835349677,0.3551513871533555,5,0.955916972671691,100.0
3,19,77865,1047,29,0.461591781510318,0.33545070219300677,4,0.6795103221762868,100.0
3,10,82666,1002,42,0.4007102162311408,0.5719117170345898,2,0.7316258204987987,100.0
2,9,78866,7322,39,0.5238761054152558,0.31868119853545324,4,0.8493093316919575,100.0
2,11,103294,4520,30,0.6468021820299837,0.9329010322983267,0,0.9097094135171961,100.0
5,20,45494,403,41,0.5461865988400506,0.31410126532830696,3,0.5500888743732739,100.0
4,5,131068,8015,37,0.5853874321630059,0.3207290034993871,3,0.9493369520219013,100.0
2,19,66008,3696,23,0.6342714492165942,0.4157291648600222,5,0.9662698590617687,100.0
1,4,37070,367,27,0.5849573850792587,0.7389105921098922,1,0.6296348633320598,87.55251884467025
3,8,89744,4014,23,0.8347726231952384,0.6790878984104493,2,0.7486939699709769,100.0
1,15,80564,1191,33,0.695036073498982,0.7616409955887458,4,0.9289376671062147,100.0
3,13,85550,6827,50,0.41159628865122444,0.925488598775601,2,0.7436741659343589,100.0
3,7,97814,2075,43,0.5360009388173821,0.6184619555681892,0,0.7409872857089772,100.0
2,19,106121,6881,27,0.8257949467807184,0.3307131831163489,1,0.8092615949246387,100.0
2,18,132166,3139,50,0.5805583139720715,0.8344476376480203,4,0.8837196563484185,100.0
1,13,72746,164,49,0.9520850630194293,0.8683751239416391,0,0.832808692897852,100.0
3,6,109357,9756,28,0.8275984284684523,0.33492185192059604,2,0.8132833209532029,100.0
1,4,107723,8688,30,0.5739561855277848,0.4699945055462317,1,0.6858356671714182,100.0
4,17,30000,6304,53,0.7098459077040664,0.8394177595322136,4,0.815036852814679,100.0
1,1,69170,9584,40,0.8003434181081018,0.5633086669824183,2,0.5516364365266506,99.19213019355456
5,10,57825,2425,49,0.5160195192022572,0.6308559789250932,4,0.7047790584249362,100.0
1,7,101197,1080,49,0.5477124807321174,0.8762230197347507,1,0.5941756413957402,100.0
5,0,98445,2264,41,0.7042742475173539,0.36623367688639974,1,0.76878392087469,100.0
5,11,98948,8052,21,0.9549368334941752,0.7740990271257131,2,0.6310225938787902,100.0
5,1,82360,9708,54,0.6064062201145691,0.45048907072569944,4,0.7529674109148758,100.0
4,17,84881,7817,52,0.6412781968604239,0.3438560017535615,3,0.8886625158949499,100.0
1,6,89285,6850,34,0.5143721264089082,0.7637484919137429,0,0.7169963472786465,100.0
1,16,79972,6723,44,0.7559252171638657,0.3849885770811856,1,0.6093643315003996,100.0
4,13,109429,2200,21,0.8440904483505991,0.8229050811617615,4,0.6114908372389484,100.0
3,6,63258,7274,26,0.6643853597857723,0.44189377387865203,2,0.9531272240990356,100.0
2,2,70454,9272,24,0.8501496277958911,0.33395841425049644,2,0.8904523823124723,100.0
1,5,93032,8392,21,0.5815628340207745,0.3695082254947399,1,0.5182863338149396,98.45940504711017
2,19,80801,8341,51,0.8241906508171009,0.8888891741221348,5,0.9713614041291857,100.0
4,1,62280,7408,29,0.5550067199022725,0.5596777514381919,1,0.5562825936074154,100.0
3,16,103298,2982,43,0.8683897250629421,0.5115866489571925,5,0.8264711926110275,100.0
3,11,75692,1524,51,0.8983849469795258,0.6438391737987685,3,0.7757515407887254,100.0
3,11,68881,3980,49,0.8786342010158733,0.743052798195059,2,0.5233364239177818,100.0
4,16,85640,4729,41,0.5292835635103756,0.3259715717191679,4,0.6475866376357959,100.0
5,9,67668,1355,23,0.8165496627363633,0.928731959415372,5,0.8879268017931702,100.0
5,2,89145,1927,46,0.7231242324258096,0.9709369553742779,0,0.6534399202311554,100.0
2,19,81007,7651,26,0.9916221939934285,0.5921147713084084,0,0.740166196904521,100.0
5,17,77185,8654,40,0.6169460925874385,0.5888402317608197,3,0.8489752712536263,100.0
5,12,77341,1621,33,0.8627508117034244,0.91499194488513,5,0.5357864219364805,100.0
3,11,114890,2088,43,0.6220468702343902,0.6005182586962132,5,0.9163028567448979,100.0
3,16,99230,2074,35,0.6381144844924251,0.8993329543680242,4,0.5207905899107996,100.0
2,3,47270,7389,51,0.4665953106430585,0.3198358611425716,0,0.6311937242317317,80.22287957622515
1,9,112074,5789,24,0.5437967114957148,0.6427554261375754,0,0.8815336328143448,100.0
2,10,102913,9460,31,0.49869057194340216,0.966700331340653,4,0.955937575848509,100.0
2,5,101437,7160,22,0.4955203366263563,0.4769632611114708,5,0.8801718576003017,100.0
4,5,112197,363,36,0.4054099165911137,0.486308374316702,4,0.6134996793991918,100.0
4,8,90375,5728,51,0.8762684616836574,0.7410860920988391,1,0.9928619103903187,100.0
2,14,105502,3646,24,0.6807587307638086,0.9483336183246769,0,0.7066671137398568,100.0
2,1,78388,9765,48,0.8825005407764548,0.43911956890275017,5,0.6882256055172022,100.0
2,3,111189,6054,36,0.767530245519283,0.9451557180955463,0,0.932617749774072,100.0
5,4,95452,721,45,0.8988025974883056,0.7641026208804164,3,0.5331044882114033,100.0
4,16,55575,9058,33,0.7022590019424646,0.9951331199827378,1,0.7780407144149051,100.0
2,7,115909,4282,25,0.4564246126833007,0.8155211925168415,1,0.9828129260665321,100.0
3,7,86777,1439,50,0.7700581859403643,0.7674603785021139,0,0.5500651679489013,100.0
3,11,83296,6454,21,0.806658917357644,0.8704322203719763,2,0.7704245255555486,100.0
5,20,78933,3430,25,0.7759025009806331,0.42259822350320475,2,0.5662283085041531,100.0
5,7,80765,2078,34,0.8808017891359479,0.9621899291233447,4,0.9449889817328774,100.0
1,18,95740,7169,31,0.8388995464037279,0.41591685614324375,1,0.7938741932963077,100.0
1,2,65310,4816,54,0.6595794695193216,0.31796925892751793,0,0.6173016919066643,80.60299423830313
1,17,50784,6854,49,0.8914621932731461,0.7884997888384195,5,0.6535215066083482,100.0
5,20,63388,8353,38,0.8150719252856127,0.42921679829018355,0,0.7583154866444048,100.0
5,18,99542,3241,35,0.4722200431090066,0.8311272257423192,0,0.8626740529795893,100.0
5,18,85951,2916,45,0.7239237492698918,0.8565272845876641,5,0.7437471051961064,100.0
3,14,117829,3561,50,0.8371334837379629,0.4656894684587752,5,0.5946329719149491,100.0
5,5,88377,9668,22,0.7319729210309682,0.3607042314026479,3,0.854065608419003,100.0
3,15,111062,4201,47,0.9694171905709585,0.6505746763951599,2,0.5591818655391632,100.0
1,7,72679,3433,35,0.4608947609252617,0.9231529573978037,3,0.9047036495110947,100.0
1,15,79121,4067,52,0.8333930157272966,0.8931037707205653,0,0.6978000584525573,100.0
1,17,90238,5204,40,0.8946704868577002,0.38195771955018815,0,0.8263552926313139,100.0
2,19,86325,3675,34,0.8215919169431034,0.97534828516297,1,0.6723500769206028,100.0
2,15,83990,4745,47,0.6313510030386438,0.4847644367711576,1,0.8345367657752385,100.0
4,10,68197,9358,23,0.6312881879219956,0.5445738239161284,2,0.9445934556925726,100.0
4,6,50360,6399,23,0.7519405030450076,0.4043351701504919,5,0.8507021349275539,100.0
4,16,105775,7892,33,0.638258821812716,0.5644620758798522,4,0.8357044923142947,100.0
2,16,102981,5299,45,0.9299097984194986,0.7449487744237759,0,0.8787054059812647,100.0
2,11,74653,7808,38,0.46595837097667026,0.6542547820824844,1,0.7501060052889317,100.0
4,12,99472,3418,21,0.7834944087836515,0.8792776395439494,2,0.6101463352472137,100.0
4,9,85838,1171,25,0.48046897646418263,0.7489105678797752,3,0.9077610250595518,100.0
5,6,117654,1269,22,0.724095881499425,0.484481130014513,0,0.8242409984143557,100.0
4,13,57193,4100,50,0.829348721446417,0.6902066221317829,4,0.6569104402709889,100.0
5,0,86831,5700,37,0.4993065499361494,0.34493378812174674,2,0.637935083913708,100.0
3,16,84836,2991,49,0.822419932893792,0.7065533925211227,5,0.749964464908845,100.0
2,3,94027,8075,24,0.4839880187266546,0.572764680678328,4,0.6036528266439432,100.0
4,20,128428,3564,29,0.7723322473774834,0.3688789444390793,0,0.9391194160794687,100.0
2,4,86907,9426,41,0.7033318175937313,0.5152247670935471,2,0.8942866353985999,100.0
2,19,108578,2399,32,0.578844972285557,0.9286608948206894,5,0.6541574826555784,100.0
2,6,86304,8168,32,0.4669292385131815,0.7102265632011324,1,0.5247017738022602,100.0
3,9,116772,1024,24,0.8415124837605499,0.9322853942601357,4,0.5259340447675869,100.0
1,16,108821,5739,48,0.6290830800262036,0.5875627908821972,3,0.6485598790274447,100.0
4,6,81667,3723,29,0.45191846636390587,0.9852360195730616,3,0.5737537121488872,100.0
1,0,79867,1502,52,0.8636736029636397,0.5520133374487333,4,0.9366661239617843,100.0
1,6,102174,7595,33,0.5397368100902924,0.8297632306018565,0,0.7103914070381558,100.0
1,10,73614,4132,54,0.8418712322233123,0.5137821584360398,0,0.674013246526748,98.16109694256329
2,8,94765,9902,39,0.738939211564442,0.3741933839149711,0,0.6089495475987707,100.0
5,11,81105,464,34,0.5167174069474307,0.8831396177149342,3,0.9206005109464577,100.0
2,2,99202,927,25,0.4458434363048752,0.8338070688091117,3,0.8962335002715556,100.0
2,3,85974,6733,47,0.7559494092415755,0.8744403236728124,1,0.6921632647965066,100.0
1,3,72685,8215,48,0.4151270993436573,0.5097861721799284,0,0.5846789251704546,87.4816425198277
2,12,117632,6251,46,0.4392786909184677,0.7925631379206792,3,0.975994123630501,100.0
1,18,95988,4384,30,0.8213314491800203,0.45394599342399544,3,0.6579299992404846,100.0
5,9,88660,6069,44,0.7233243048407818,0.3079180753830392,0,0.8855458609418538,100.0
4,4,100499,499,37,0.5957771593926262,0.9065421429449676,0,0.731524784816107,100.0
1,6,48220,994,36,0.7235367656010543,0.6664678409391951,3,0.8908229825021923,100.0
5,15,142254,970,37,0.7549895965149518,0.9885573362374618,5,0.740804623055106,100.0
4,0,90617,8060,21,0.7391715197466799,0.5695249864326227,4,0.9627799019241663,100.0
3,11,40920,1792,41,0.7855324069092944,0.9698111048926292,3,0.9002116870211185,100.0
1,1,119927,5993,42,0.9641728601142203,0.7305400844307915,1,0.630144518861543,100.0
1,6,71215,1879,25,0.6332665120504153,0.6585435502858044,2,0.7151888876025629,100.0
3,10,116092,2654,41,0.5806908480745456,0.5119667222258231,5,0.5502949031971188,100.0
3,12,93039,6848,29,0.42306094661810184,0.8776934388909186,0,0.9517356565848605,100.0
1,1,50739,4355,47,0.48824383411406014,0.8801563224597861,1,0.5346481609789105,77.94316691484649
3,6,96531,5712,32,0.4637498895286856,0.5918506725424579,4,0.5091208041226657,100.0
2,14,94692,8085,38,0.6012665121234774,0.8091051993607847,2,0.7482165326067312,100.0
4,10,118794,7640,35,0.7659944372890333,0.6130665550447904,5,0.8015645532464706,100.0
4,1,103054,5912,50,0.42780033468075007,0.8177615061266734,3,0.6116071961534637,100.0
4,6,59014,6042,53,0.836599002672811,0.9959331097030375,0,0.7852745423732125,100.0
2,3,115056,1835,50,0.6384597699866436,0.4837474196348781,3,0.9477809405553718,100.0
3,10,79648,3120,46,0.9781027094730728,0.7438367200258117,1,0.8130575744478157,100.0
5,1,133006,3780,41,0.7410309851151632,0.5659145755745942,0,0.727870418127653,100.0
3,15,81130,39,51,0.8628173874330933,0.6838600945539522,3,0.5722144921955914,100.0
1,6,84717,8968,37,0.9167087393782198,0.9119030962076635,0,0.5844708646611436,100.0
4,12,69451,8816,37,0.9333077807953164,0.5433031086112583,1,0.7421773508043098,100.0
3,4,77535,9206,54,0.7110770498078843,0.35067181149886545,3,0.7315606792981331,100.0
5,16,70926,2131,44,0.6380455350586487,0.8592560296700713,2,0.7611943328607385,100.0
1,20,119411,3019,53,0.7363089938130637,0.6885173986422641,4,0.753945214013032,100.0
2,11,56712,3829,24,0.6412422409704568,0.6145806629994468,3,0.6706394480157303,100.0
2,18,110114,7749,29,0.5444289815699449,0.42833313282714924,0,0.8479318150271038,100.0
5,6,110716,8225,22,0.5943518963000005,0.3649969121932092,5,0.6061055584593948,100.0
1,5,124438,4069,35,0.5396619137431593,0.49511489173718753,3,0.9261644176973958,100.0
4,7,91094,2920,23,0.561662578356917,0.8032329843432864,0,0.5971980580455518,100.0
3,12,64332,1980,51,0.4561646423414322,0.5882396500481145,5,0.707943699787106,100.0
1,4,85706,9740,43,0.6558776324343428,0.699159311169935,1,0.6053717228460664,97.91397125442244
2,1,104867,6665,32,0.5411703439619342,0.35743188756408656,5,0.8092264025090934,100.0
5,8,92118,4777,28,0.6690199314366856,0.38627013047059394,4,0.7388188702864182,100.0
5,10,99168,8772,41,0.875318940505776,0.30791408162551254,0,0.6871569923875639,100.0
3,5,124132,1252,41,0.6689874119459063,0.7712991153843456,3,0.7375667412973919,100.0
5,6,104550,722,52,0.9727671224258293,0.48511816574189404,5,0.7106202269219877,100.0
5,6,94961,9495,37,0.4887021367168125,0.9768486100832132,1,0.9275827615471239,100.0
1,18,43890,2876,44,0.9101589945027247,0.5159190672290368,5,0.562133249431642,100.0
4,5,70403,9876,28,0.5489548684437925,0.5545326272062079,2,0.8965907106445581,100.0
3,10,79883,6163,38,0.9603600705129844,0.6286428820133967,3,0.8276647919454783,100.0
1,10,40572,5597,31,0.5362887558691928,0.523398524154535,4,0.6741601886721644,100.0
4,6,62268,9561,30,0.8481770715788833,0.8722102553140136,1,0.9595510305777215,100.0
1,1,83288,8837,46,0.43727074051598214,0.9133447669985877,3,0.5884728103227966,100.0
1,18,87357,9411,26,0.7778880622961066,0.30772525544581664,0,0.6551441438782626,100.0
5,3,102645,7723,37,0.5312045307495645,0.7582631399929678,0,0.6874205332692243,100.0
4,5,84867,6871,43,0.8021035249889417,0.7802617959292875,0,0.8238981405453643,100.0
3,16,96201,1307,48,0.7814976025749082,0.9729974136186568,3,0.9732056725110267,100.0
3,4,79555,367,36,0.9542175277960974,0.5592794380875907,4,0.7967239313639753,100.0
4,6,91050,5112,32,0.7760058583722689,0.43669597784338443,0,0.9281530428133855,100.0
5,8,101274,250,41,0.6449492869899447,0.6644067486795286,3,0.9524866448631665,100.0
2,0,126815,6864,44,0.5161406829095219,0.613288979204873,3,0.7332318563184306,100.0
1,0,77133,1836,48,0.7944706051264838,0.8542120259228403,4,0.7362170633869705,100.0
5,18,93604,8125,41,0.4698199623536995,0.9327828088648782,1,0.6249988736382197,100.0
4,5,111728,3568,53,0.8971100961530607,0.36069561934550093,1,0.8007932571756833,100.0
1,17,54010,3870,22,0.5484007281633182,0.892605635054236,3,0.5600139113321562,100.0
3,9,139945,4457,39,0.7144953389492379,0.9362796147550441,1,0.8171643657338413,100.0
2,10,119475,4149,48,0.7575683825976374,0.9468951147850502,2,0.9464485548157668,100.0
3,0,47212,147,35,0.6174939942384922,0.8350169011958433,4,0.8803928441054905,91.834185431694
4,0,99284,3744,21,0.7983242665433479,0.8194577926328546,3,0.8245941886692276,100.0
1,12,75888,1977,48,0.5501301753352781,0.310427742501696,1,0.919201996748553,100.0
4,4,80066,6589,52,0.4207747442659573,0.9441341357428799,5,0.8649075825527639,100.0
1,19,98762,4859,48,0.9755606416809618,0.5460536496661437,1,0.7648310045239333,100.0
5,0,116259,8344,29,0.59202749880589,0.3287853276321746,4,0.7605321849081192,100.0
2,19,78353,7177,44,0.82807734079628,0.5890855170745625,5,0.5535015694322925,100.0
5,2,78688,5952,24,0.7045201641522285,0.8129968432893846,0,0.7172073734829982,100.0
5,17,99304,7476,23,0.8013992062678026,0.6093686411375674,1,0.7612247298500546,100.0
4,8,104298,6415,42,0.4665619135094067,0.8306077626305159,5,0.7349585119477605,100.0
2,13,64821,5525,45,0.7113087250696595,0.656586598837865,4,0.8880069390898487,100.0
1,16,133091,8061,42,0.6353317321073322,0.5095990036888665,5,0.5804810161016971,100.0
1,13,73917,2029,54,0.6711097401002246,0.4420386409074728,0,0.8974494553072394,100.0
3,3,114116,6184,40,0.9797249997665418,0.5947723067475845,5,0.8708313834114152,100.0
1,4,101292,7102,47,0.48177334290213536,0.3250624161997546,3,0.9504111635919842,100.0
4,20,105158,2859,52,0.852820105846839,0.5957807334988852,0,0.6867274963371415,100.0
5,16,74401,1202,49,0.5982056765039688,0.34803406773523704,1,0.5882716945158075,100.0
5,1,46903,2365,52,0.5742147925742573,0.9139032954185591,3,0.8793142934836349,100.0
5,4,89464,2516,44,0.5624664375395592,0.7028367222932588,3,0.7942154258905242,100.0
2,3,89567,343,23,0.6092689319337345,0.7522300740511817,0,0.8562461741294769,98.02412197120603
1,3,66049,2572,47,0.6142702357561637,0.5022047933105271,3,0.9983702354345825,100.0
4,5,112948,1805,29,0.5624482031091829,0.4580747535496819,0,0.5972698748108523,100.0
2,19,88711,263,43,0.8004958886640856,0.7955336744213846,0,0.7055258027370688,100.0
3,20,69773,3667,27,0.4286331902201497,0.7700958381152769,5,0.5963483963620845,100.0
4,12,104626,7512,37,0.5993762834835306,0.3858749194477755,0,0.930311593622035,100.0
4,4,105290,9625,27,0.5681233641016417,0.4670489681711696,4,0.5084905126950987,100.0
4,6,72091,3247,50,0.8508508123299221,0.962603050529147,1,0.5676115590669558,100.0
5,19,120834,3341,33,0.48789912641173183,0.5129241978720834,3,0.6239351354853878,100.0
4,0,146081,1037,38,0.9644122852583397,0.3180820572235672,2,0.8856616019661949,100.0
1,13,62749,2176,51,0.502311167227093,0.3446474355782572,5,0.8142271014340243,100.0
4,3,85407,479,42,0.6220164184381307,0.8428463578649534,1,0.6943061659718255,100.0
5,16,98425,7670,34,0.5198201160634736,0.8300089791958536,2,0.5793501515922459,100.0
4,20,147006,7915,38,0.5720187660832543,0.5672790886037052,0,0.6608043480131192,100.0
3,13,71655,5993,37,0.856614820400875,0.40724054351110767,3,0.8717101294404331,100.0
3,15,66510,1103,39,0.685842831243016,0.6486736518427729,5,0.6909758495917417,100.0
5,13,66339,4799,51,0.49754543038615,0.5323220586543257,1,0.7312976661424373,100.0
1,15,120535,2922,35,0.42798092718674424,0.5617778435280232,2,0.8043130075841978,100.0
1,19,72304,5499,49,0.537949732102165,0.4826897478615742,2,0.9564437715851255,100.0
2,7,68746,190,36,0.9673616671156126,0.34400053889662086,2,0.6250526336719849,100.0
5,2,95774,9422,53,0.9071900489128201,0.8538114937895402,1,0.7239982835548004,100.0
4,18,97705,4152,45,0.6641042295544053,0.7327545773808968,4,0.6551606724603521,100.0
5,0,116775,3633,36,0.6891971331675898,0.8842445866387116,0,0.7330934624204628,100.0
2,1,92298,4739,50,0.9396196836273969,0.6522413841685147,3,0.8482307788364492,100.0
5,14,96223,5269,54,0.7548072294254412,0.9894906473735723,2,0.7410320477188566,100.0
5,9,87368,8039,22,0.928460239089258,0.9737674365832236,5,0.9172681726582079,100.0
2,17,57392,9765,38,0.6951034626114043,0.4902484409675795,1,0.7766290496702521,100.0
1,13,85009,4694,25,0.5200585714712955,0.5708838464742138,5,0.6928825859530847,100.0
4,16,91570,7864,26,0.835556187965341,0.8268965890795317,2,0.8911605330390711,100.0
2,12,78904,3642,32,0.7158359917474075,0.8436224233844429,1,0.7156619515116887,100.0
3,0,50888,5983,32,0.8010637479810812,0.9374893953681565,5,0.7577763180694049,100.0
1,4,61625,6427,32,0.4943385500196968,0.7568436835215774,4,0.9973351807220902,100.0
3,12,89015,1572,29,0.7885610811513675,0.6325846838392448,2,0.8932158645499955,100.0
1,13,113318,1423,42,0.6293542884430723,0.5643560847582568,2,0.9275710928705372,100.0
4,2,132057,6514,36,0.5991986516867176,0.5934249859779156,3,0.7964255140293568,100.0
4,14,85404,1027,24,0.8028853246435612,0.8952836057401397,1,0.6741082332789525,100.0
5,18,72078,3664,23,0.755343467956574,0.9860061905251762,1,0.9956348065711303,100.0
3,16,80687,6852,36,0.7894644573620226,0.33633642944397546,4,0.6220100480197552,100.0
1,2,63839,8959,34,0.9791998385388947,0.7061712641283084,2,0.9364084730054232,100.0
4,15,109693,6108,24,0.8207178817416507,0.6640377804427059,3,0.955650667336307,100.0
2,13,143440,8822,22,0.7845393773637344,0.5632995923936353,5,0.9087773905735096,100.0
4,11,72686,3594,30,0.7681318251048426,0.8961035101183219,0,0.5570420082765644,100.0
2,11,60198,191,31,0.6392285496122435,0.7030201118264445,3,0.9270565035106658,100.0
1,10,115162,6839,46,0.9035150146853089,0.5191812435634695,5,0.831888969805404,100.0
4,16,97951,2677,46,0.6285631615034264,0.6108728268359701,3,0.8404119873827152,100.0
4,7,98373,6183,24,0.8201461805953372,0.5497624901687217,5,0.8932657885353041,100.0
1,16,129704,5431,46,0.5758861868288003,0.6010599254012782,3,0.7452686685812059,100.0
4,20,55837,9701,48,0.48865386505977226,0.3498860532407682,3,0.6335786002875714,100.0
2,19,55139,9186,22,0.4778579843787977,0.3783410713518452,2,0.7874660886827265,100.0
4,10,85957,2374,22,0.780735314014479,0.7365841783125269,3,0.5543377274710437,100.0
3,1,91585,5526,36,0.5967729582877541,0.7788478641775068,5,0.8374025526304822,100.0
5,9,81126,3315,43,0.5650295731554361,0.7456342906868751,5,0.7414704673653049,100.0
2,9,151518,2225,43,0.7552355976138805,0.834152778178044,1,0.7511654754647652,100.0
3,10,82243,135,33,0.4154018526793012,0.9604738150344183,5,0.5929110470097618,100.0
1,5,76231,2630,41,0.5477353911908047,0.9024328148248586,1,0.5206414140027504,96.9257381029101
2,3,93108,4225,45,0.6043283711902525,0.5929567055598703,5,0.8056348922926677,100.0
5,11,114272,1461,33,0.8250241543643189,0.45228019584489276,3,0.8294154712420101,100.0
5,10,71864,9210,35,0.7270007482982503,0.5182965481208759,5,0.7491459762046909,100.0
1,12,86325,9415,48,0.9135931702758697,0.7114190415617044,1,0.8828656429731927,100.0
1,4,114982,5557,23,0.6007038177991042,0.8993458341202969,2,0.7818581121288605,100.0
2,5,116370,6713,43,0.5778645953652494,0.7912068864552829,0,0.924098008418607,100.0
4,0,95440,7379,24,0.41991844513900634,0.6801091733383473,3,0.6440592974566761,100.0
1,5,150459,3140,23,0.9710303803830119,0.721314851692024,5,0.6215541654515577,100.0
4,17,139516,706,28,0.700895287837041,0.669782849609813,1,0.6305726666984188,100.0
3,8,54847,2280,45,0.7015143488162889,0.9801392579307409,1,0.515259237631666,100.0
5,14,47700,9717,32,0.954061687207359,0.8712640165788923,2,0.9503120362524234,100.0
4,7,109892,9236,25,0.5739509415571479,0.846894050780804,5,0.9995932826235017,100.0
5,18,124134,9737,53,0.5992636780274475,0.6621302908046123,2,0.9082612747018258,100.0
4,15,84381,9015,45,0.7938086166370859,0.5322666202986789,0,0.706298046744952,100.0
3,5,77445,8511,45,0.8711055729396366,0.31365986603643237,5,0.676966778055582,100.0
1,5,69492,9213,35,0.8195864352594947,0.3304010170518039,4,0.8873412839339339,100.0
3,2,60799,9220,46,0.8732309695133669,0.3211665476137114,4,0.7549725544761106,100.0
1,9,118408,3421,30,0.7450648235743583,0.9863337367444076,5,0.9697289248940202,100.0
1,0,80467,3728,44,0.9176940896269622,0.38013763692752334,4,0.6397898227160188,96.17471487330036
5,13,97545,6727,49,0.7300640380414983,0.3994831970830656,0,0.661908993215296,100.0
3,3,44354,4930,25,0.5376043763507254,0.6389049912206699,3,0.9994124553576343,100.0
4,11,115056,2054,44,0.725020663899171,0.6369808168252112,4,0.9890873819678236,100.0
3,5,104694,1126,39,0.8277668110941727,0.9439816370995484,4,0.942595877578675,100.0
5,10,56382,1166,29,0.7921452036489469,0.35147291217104615,5,0.7023143438100579,100.0
1,11,96475,998,46,0.5458100577824415,0.9700674156096891,1,0.9188063675133713,100.0
5,9,90118,5597,45,0.4246469368024711,0.4514731668387062,1,0.6416966016121152,100.0
2,17,78746,1838,34,0.5514884562343598,0.9791076665133831,3,0.6273773353768228,100.0
2,6,30000,7882,26,0.9904252427522318,0.6789268691618311,5,0.7732188290824725,100.0
4,6,73491,6098,52,0.5106797442342695,0.756408922151721,2,0.9301314465887787,100.0
5,10,97560,2355,46,0.6786230550945361,0.521010140862453,0,0.5487366045200756,100.0
4,3,76285,9286,35,0.783007479614536,0.7282767657697167,4,0.7826529437918662,100.0
4,19,84457,3015,51,0.9276839110297254,0.7975808459295783,5,0.8048691784365387,100.0
2,0,127418,4445,39,0.8561551825181246,0.3072591171046139,5,0.7898988803624569,100.0
4,12,88062,6638,34,0.9453718633363618,0.3239598976271928,0,0.6092486370288153,100.0
2,17,37580,86,31,0.762630216147091,0.9905339083568094,1,0.5320645723765687,100.0
1,8,85378,5762,47,0.9191912848766859,0.6202899734249707,0,0.9474959386609922,100.0
5,8,92484,2572,22,0.5583057982835257,0.9550722678055881,1,0.7872562025931714,100.0
4,8,69366,1582,42,0.6583389053019189,0.810928331771668,0,0.8839522166027621,100.0
2,9,108368,7097,22,0.9062634846095646,0.5610778155771697,1,0.6822185006490898,100.0
3,1,53444,5980,40,0.5953382006667127,0.40558940326097087,0,0.5212511350067504,87.37086012489385
4,5,86556,7962,37,0.922733286543037,0.9847062131351483,4,0.6297826545925367,100.0
1,14,53156,6619,24,0.6178690407330029,0.709147379968871,4,0.5366828296902701,100.0
1,2,82607,8066,34,0.6180368222340055,0.4346496363579499,3,0.5391206252406342,100.0
3,10,107703,3121,27,0.5854197488746867,0.7771570862063228,0,0.6072296724140589,100.0
2,5,85958,2747,35,0.7281658501825412,0.3644339568812365,2,0.8167890671374867,100.0
4,2,84498,9554,50,0.477441243339232,0.9076260958181117,3,0.9088854594849952,100.0
2,10,90694,5414,36,0.4219615911088116,0.3630961430787373,0,0.9106785154636513,100.0
1,14,91944,9148,22,0.9384477879825944,0.46533605080381824,2,0.9688782644673264,100.0
2,12,107343,4659,39,0.9573629527442751,0.3640015637991627,4,0.8281907985071453,100.0
1,19,107495,3878,21,0.44570239713515497,0.37265105179462604,4,0.5099304707927945,100.0
2,9,125542,3147,51,0.7298185329768956,0.6666839075614278,5,0.6887012175571562,100.0
3,5,94190,7834,24,0.7238092958531087,0.7808928617915745,4,0.5557302234371453,100.0
5,14,48481,6146,47,0.6234584082505704,0.8519372483421674,5,0.8887323736099079,100.0
3,17,111448,7809,45,0.7413428923027661,0.7865387027214653,2,0.5598445521714963,100.0
3,17,123745,3496,42,0.6748716074368389,0.5544428684252496,1,0.5529612272877202,100.0
5,6,151542,1012,30,0.6937810085227327,0.6901014509329372,0,0.5141043158169805,100.0
5,14,126292,9021,53,0.8532020938523402,0.9493648520997613,3,0.9777513909955974,100.0
4,17,77742,8624,50,0.7155761604004702,0.571303631027839,5,0.8928550286515431,100.0
4,17,94679,8773,50,0.5941948556831955,0.47668305831968655,3,0.6666554088435215,100.0
3,19,83234,7916,36,0.7488736672533735,0.6635235488926442,4,0.6882196683988513,100.0
3,8,79836,5369,29,0.7844523982456754,0.5081346482894686,1,0.5297142143561115,100.0
1,1,87162,4540,37,0.797386806399619,0.4832719363733131,5,0.5789584630133839,97.89070302257478
1,7,122143,9625,35,0.7709839905861835,0.8451623108772841,0,0.655725686910135,100.0
4,19,50270,1643,48,0.79876165884568,0.9235851001782751,5,0.6939339943663486,100.0
4,1,64936,6679,40,0.586055670200355,0.6516216779242662,0,0.8099882068351252,100.0
1,10,120487,1763,53,0.6676803478475783,0.8458480173771508,3,0.675166175193985,100.0
1,6,126341,8669,53,0.8012237015526087,0.4309625983380688,3,0.9773002569171072,100.0
2,5,73512,6363,33,0.8526211249627873,0.6833501091250935,3,0.6713971049921872,100.0
2,9,131268,9908,24,0.6604876771949373,0.7453399598939661,0,0.9707976799839466,100.0
1,4,114397,8274,43,0.6191997061101671,0.6434649174717404,5,0.8649298459461285,100.0
2,10,83305,156,28,0.829529593103715,0.3818161514437374,3,0.9499487704111708,100.0
5,0,30000,7517,33,0.5333039079012039,0.8138701622733542,0,0.8515785924634998,96.88233735153722
4,1,48299,326,44,0.40569531732159914,0.8873547240326494,4,0.7842920185107074,100.0
4,0,73545,8807,50,0.6826996014702658,0.7446583784870212,5,0.754541391954126,100.0
1,18,108998,8776,50,0.5040238928958045,0.41841270113177914,5,0.6456690858566865,100.0
3,1,109077,1187,45,0.6269696554218053,0.3521867078939801,5,0.6490869932171954,100.0
1,20,78338,3432,53,0.5747404901579897,0.5111227357221352,1,0.6116029220017138,100.0
2,19,84218,2604,29,0.8663571331084734,0.3258930782952936,3,0.6927704144607361,100.0
3,20,89187,8513,46,0.5988450996398982,0.8874533073170536,0,0.5634865040421853,100.0
2,3,84531,774,44,0.7844054748335938,0.7921423080491463,4,0.6938025327347994,100.0
5,11,94090,7846,53,0.8043475579595927,0.6945820627004404,2,0.916871873476232,100.0
2,19,89248,6287,45,0.6738725713314132,0.9227427524386123,4,0.9351461431139345,100.0
5,17,48144,445,35,0.448646761317347,0.37706544983904977,1,0.8214151864618016,100.0
5,0,84810,3361,26,0.8202190516452434,0.8001218249132231,4,0.6284049002765499,100.0
2,0,89435,2940,40,0.4451007488052206,0.4026425448532225,3,0.6201747392617885,96.42516654993078
2,13,114744,144,36,0.4595277758204212,0.3426477987380794,3,0.6389644521646507,100.0
5,3,69217,4628,41,0.5175984212649333,0.39303315515995585,2,0.7500196130103072,100.0
3,4,95097,9005,35,0.5682254786728947,0.9656580634960323,5,0.9882222394957159,100.0
5,10,104070,2376,24,0.9078710201926291,0.6083033692606272,0,0.5545922434841688,100.0
4,12,86291,9678,44,0.8049530662626982,0.3342969873559847,4,0.7502560472158981,100.0
5,15,46130,3425,23,0.6323276730500561,0.7085442537783835,2,0.8411221807162246,100.0
3,12,115251,1016,21,0.987176470696452,0.4397998462927951,3,0.6228304501278605,100.0
4,1,108678,7918,50,0.5461615253698875,0.3047854871818368,5,0.9845561381348203,100.0
1,15,95719,9194,33,0.7658886324305527,0.8308700561108067,0,0.6745108644139475,100.0
1,5,91008,4701,38,0.9083284653718495,0.4084041552439049,0,0.9661778057745016,100.0
3,13,45464,7679,31,0.8812135467740709,0.9597405306519133,1,0.7986777151653877,100.0
5,0,109366,7839,49,0.45418464913937606,0.7149599081506008,5,0.5020397163369124,100.0
2,16,127159,1906,24,0.8183645342047258,0.3608970757784481,3,0.6555560690498139,100.0
3,10,62156,3075,45,0.5547182533316152,0.4524771000705139,0,0.51077432236098,100.0
4,18,123625,2758,48,0.6134400868392801,0.7275912460818907,1,0.6907378650231237,100.0
4,2,118286,6702,28,0.6933951893866993,0.5366789096339338,1,0.9662670157300335,100.0
1,10,61420,2671,41,0.8744500996392361,0.6725001357343651,3,0.889508510181227,100.0
4,4,80146,2988,38,0.49972086560142837,0.859658432617459,0,0.8100660654003338,100.0
3,16,55114,6959,45,0.46513314102377007,0.8548210557662872,5,0.7692760219651928,100.0
4,6,88371,6385,25,0.4920647470261868,0.7885907627881439,0,0.6862909615943547,100.0
3,9,101207,6469,28,0.5309341213551899,0.9202380142909903,4,0.6057698515653657,100.0
2,10,56988,6117,43,0.4357011122866175,0.43955248410452735,0,0.5312624589067743,100.0
1,2,99645,9950,23,0.9558138817420465,0.42406904198570994,1,0.5950733333624464,100.0
4,19,105978,6511,51,0.5914500442532491,0.8595446613774014,2,0.6757600413653723,100.0
3,9,106336,2671,49,0.5061853779198524,0.5246225423594709,3,0.7599955583147837,100.0
5,9,101362,6175,40,0.7827005222092421,0.6585276891787135,2,0.6022019478339284,100.0
1,13,59287,8220,23,0.8721976712599774,0.8207665041036818,0,0.9871642952842039,100.0
2,11,86963,3368,43,0.85194049936085,0.5771526515060434,5,0.5384250733531453,100.0
3,14,98808,285,41,0.8312243156722554,0.39111361013594936,5,0.5473959018025303,100.0
2,9,126525,4088,33,0.4303179852627803,0.7756200412511041,1,0.8413011809601623,100.0
2,9,90061,4764,28,0.8692957115322677,0.8720115707935701,2,0.877530789148617,100.0
4,18,100638,4708,25,0.7011271847511149,0.30895809850660844,3,0.9862257345312191,100.0
4,0,66699,374,45,0.7894516120189101,0.6937864813384212,4,0.7652221107369193,100.0
3,9,61127,804,25,0.9738547747235359,0.6285835646782945,2,0.5829669641311408,100.0
5,1,57923,6805,28,0.8864035230844336,0.4817172045691036,5,0.9689644773855959,100.0
3,16,79493,5880,24,0.8952232055356029,0.41271999698394973,4,0.9901171967043909,100.0
5,6,141551,599,42,0.508880331326903,0.43162611790377714,5,0.9617569538404174,100.0
2,6,79948,4304,34,0.6858502757938387,0.8074812289572977,0,0.935828089252394,100.0
1,19,99115,4323,39,0.9695952910062136,0.6753365939005338,0,0.5387870522921274,100.0
3,8,103927,8942,33,0.7496111512424233,0.9868080669344619,3,0.9274365578873882,100.0
3,1,62711,4755,24,0.461551821858543,0.4702615587765074,4,0.9766134495033442,100.0
5,13,79122,7387,53,0.8390918949311448,0.9698329237514225,4,0.7761572389214517,100.0
2,16,105610,8871,42,0.42575610826302995,0.6605766915368614,3,0.8862939069823323,100.0
2,0,100708,1447,21,0.8453783602022432,0.4022184643542983,5,0.8304478203207215,100.0
5,8,40150,9057,31,0.9278635762735885,0.4037253298895052,2,0.6440290615743376,100.0
2,19,104860,4043,36,0.6551500843680009,0.7259975933431104,3,0.793759904682776,100.0
4,20,76225,1903,24,0.6481677177910523,0.8819959226423246,0,0.9446867258838534,100.0
1,18,76879,7529,49,0.5825268263528359,0.8233980676774599,4,0.7481926402795457,100.0
3,3,100121,9388,44,0.9261629710622397,0.7589391398449199,1,0.7950726714182772,100.0
1,7,128073,1852,29,0.7286707624290322,0.42047564374176716,5,0.765731862486886,100.0
3,12,84989,6254,28,0.7475559643807713,0.3758380040396572,1,0.6412024386521139,100.0
4,3,119476,336,34,0.7970244345099727,0.3001736165959343,0,0.82183155422934,100.0
2,8,53976,2410,35,0.5801385685377263,0.3712557028637553,4,0.7547350182268017,100.0
5,8,93268,8116,42,0.6596717868102471,0.8364566252383687,4,0.6162729973883752,100.0
4,17,76473,4288,35,0.8449634573237793,0.9266738911923262,3,0.9476890761598262,100.0
1,11,97050,4560,26,0.9912921811233912,0.4682453211987929,2,0.9750228969679788,100.0
5,9,82592,7510,21,0.4205833240387182,0.8564259683150601,3,0.5276863276408877,100.0
2,10,56473,4025,40,0.4255890987679405,0.4391941359255867,1,0.8111743784003066,100.0
4,6,67814,5462,22,0.6568494891897569,0.47449017835074103,4,0.7075228451225978,100.0
5,8,48919,4316,26,0.795773100885768,0.4569106660745419,2,0.7629771551458121,100.0
4,5,57327,8252,22,0.6318187749011901,0.3362109363344199,3,0.6869148628874894,100.0
4,18,102008,9670,23,0.9997831923791076,0.4358428876701153,2,0.7371792417939758,100.0
2,15,83724,7836,27,0.5172155548516815,0.5614803412251165,5,0.6617169669048262,100.0
3,14,95771,9211,40,0.4047552748044565,0.5838288007718031,5,0.5588016389479001,100.0
5,6,135389,6793,25,0.5140776173876614,0.5166264897252137,1,0.6510163183121734,100.0
2,15,82600,3567,45,0.9321054250607806,0.6603076999507067,2,0.8351661318328968,100.0
4,4,105857,9276,38,0.4870893957210788,0.5645987627498763,5,0.525190761265992,100.0
2,15,90703,163,21,0.6873848681839845,0.9792552523218596,4,0.6913661930669548,100.0
3,0,159067,8783,45,0.6515657084328689,0.8651453180318853,5,0.5211495835141009,100.0
5,18,30000,797,37,0.7994351927746774,0.9516841421600453,2,0.6781331342695625,100.0
3,4,72058,4896,35,0.4327573518516718,0.6901988623488922,2,0.5438058457548586,100.0
1,6,106350,3391,25,0.7952501026397356,0.7748377401049151,3,0.6698200486736496,100.0
5,18,71177,7576,37,0.6128509863894013,0.41667346257083604,2,0.9190438473308898,100.0
3,4,104151,6287,41,0.9556237354494993,0.8269500300659927,2,0.8067043507675082,100.0
4,16,88498,2277,43,0.9093323977515435,0.4651797778156913,1,0.841147212146656,100.0
5,7,111623,4268,30,0.6397037490865517,0.40208304941392337,2,0.7519000638632967,100.0
5,0,61696,980,37,0.9957351061107116,0.32930154411741297,3,0.9611908506932825,100.0
2,1,94321,8849,21,0.43116625159374833,0.6305611747213757,3,0.7705793191019312,100.0
4,14,101650,955,27,0.8731793320385144,0.5007524817405452,4,0.5521470440668602,100.0
1,19,93294,5628,32,0.6603019144164175,0.990709020845332,5,0.9665515303145235,100.0
3,17,93735,8201,21,0.6599830867525512,0.47488401141106906,1,0.5665316839674034,100.0
2,10,120060,1505,40,0.5020802788872056,0.9065802962230578,0,0.9995851709065404,100.0
3,9,48002,2057,51,0.7089279519833566,0.5215071383919294,4,0.7176921309079024,100.0
1,3,93124,9374,24,0.45083109812805117,0.8243887966186887,2,0.5367427335426598,100.0
1,4,59771,2896,46,0.7699463074002264,0.7618889170487937,5,0.9320510527285645,100.0
5,3,108940,5198,32,0.5449542645123324,0.6932484882631775,1,0.5464414507482419,100.0
1,12,69051,4168,42,0.834914827461622,0.5917774604178709,4,0.5872161605059061,100.0
3,12,30000,8934,21,0.7644169109539436,0.769773508991215,3,0.7086735260172163,100.0
4,17,109536,3471,21,0.8478430052508675,0.585094845151801,1,0.8380931354890786,100.0
4,1,83290,6743,23,0.8498452421405267,0.6836701640291238,1,0.5605700082069579,100.0
5,15,98915,1667,32,0.5180254271322647,0.7128612157851781,2,0.811312591955103,100.0
3,0,125675,5053,41,0.40040483769195767,0.4871486540259867,1,0.8901931910015881,100.0
3,18,99285,6370,33,0.6194567556356426,0.5378155341137728,5,0.5617480520732439,100.0
1,8,94235,488,33,0.9514415294779054,0.3126350444904622,5,0.8237853059958992,100.0
3,2,88818,9339,38,0.7467396307815006,0.8965112953763488,1,0.9794379407626483,100.0
2,6,61317,3963,53,0.8365012033750101,0.8291882010104443,0,0.9836975180712686,100.0
1,9,84618,9178,26,0.9277422025141318,0.4284713173120457,2,0.5808313018852637,100.0
2,0,139347,8438,45,0.9436349486348182,0.553433915005991,1,0.8798520432812117,100.0
5,9,80619,4053,43,0.7174150943856563,0.5947486381063198,1,0.9233162173739251,100.0
4,20,86099,607,44,0.7245652509472331,0.5340650844000616,0,0.9444816190294572,100.0
5,8,121427,9904,46,0.9105633047398698,0.8587699646242628,0,0.661840709278799,100.0
4,14,51467,8366,24,0.8844912611740082,0.8077944942808397,3,0.6350592247330236,100.0
5,14,105503,2334,31,0.8193151599432673,0.8370111110988367,2,0.5239305325791782,100.0
3,2,50278,7309,45,0.7626785764697839,0.9328910356540472,0,0.6997358904398032,89.82439863178087
2,4,99979,579,40,0.7703290615471361,0.7166058791302654,1,0.5619782244521754,100.0
4,8,89439,3338,21,0.617746806774031,0.730174030319638,0,0.8931286575843984,100.0
1,8,105310,150,50,0.9045506484410146,0.8053538837530629,4,0.5714832859342808,100.0
2,6,64688,8887,24,0.7706678230523565,0.776862816255474,3,0.9094526749181141,100.0
1,11,76624,8888,43,0.5341168373449185,0.9088691128792732,3,0.5538067807373555,100.0
2,8,106601,3290,42,0.543905967105723,0.8391387440911813,5,0.7403077396305662,100.0
2,5,77254,2773,51,0.9169618082639377,0.38432103153516595,2,0.6923171290115824,100.0
5,1,108887,3600,21,0.7754245273819533,0.9498510308134507,3,0.800771892308799,100.0
4,8,95229,2048,24,0.639222477056759,0.7781695032108417,2,0.7593859283225765,100.0
4,16,78856,1084,39,0.5122604555411726,0.38900214807844763,4,0.7993132630775488,100.0
2,0,82116,5632,50,0.766129583947121,0.8403816150011527,5,0.500481842602032,100.0
3,18,90087,2235,21,0.5105862280117031,0.5508887708174433,1,0.5637518086598738,100.0
3,5,84495,7533,39,0.6821002187309806,0.8641845384255522,4,0.7585600923757134,100.0
1,4,108256,9543,41,0.8065063205447418,0.9687841600931519,2,0.6148330518433206,100.0
1,1,80718,9891,42,0.7392492605926724,0.4786694252762508,2,0.5381585773374894,92.17169895229804
5,8,75674,373,22,0.953259940075761,0.9001877322594365,2,0.6088505423438975,100.0
2,13,112756,9269,26,0.4238327211110614,0.8414929591007569,1,0.8899297790905769,100.0
1,3,79446,2040,41,0.5678769255108417,0.769829430140327,5,0.7708470465174864,100.0
1,3,76490,6695,53,0.43425166074278865,0.5694443811926395,5,0.5950384420783044,100.0
2,20,30000,6475,39,0.5167625380128997,0.3769034668111219,2,0.5079891860130495,100.0
5,14,64012,6801,47,0.4743900015073184,0.6387277795439488,4,0.6787977968198378,100.0
1,7,69034,6167,49,0.8395969762121389,0.37396664084424336,5,0.678734795901209,100.0
5,3,76496,627,48,0.6216255647766388,0.6501030588148276,1,0.867562604321955,100.0
4,15,71946,5447,54,0.9550265627218123,0.8742052895428987,4,0.959718090713064,100.0
5,20,114576,1992,21,0.41402663301524234,0.9983466940806742,1,0.6860070294841674,100.0
3,3,70621,5720,45,0.7917545109665068,0.43860609804517625,2,0.844066340496618,100.0
3,15,72484,203,41,0.9823268801592929,0.4455006296429157,5,0.8174527687917785,100.0
5,11,93891,8174,54,0.5055032318860112,0.8676183323433484,1,0.7110401422172726,100.0
3,15,62457,4468,46,0.6654593381713492,0.6283410426080469,0,0.5329450402459586,100.0
4,18,129099,1129,43,0.8211339347021644,0.9410632172223172,4,0.736732250552184,100.0
2,7,110053,6921,37,0.7798827995939007,0.83829736630685,0,0.6770692778134917,100.0
3,5,60797,6550,32,0.7396162783394025,0.8154994353111344,0,0.7750971929253441,100.0
3,9,115341,536,40,0.5960536762326432,0.37136759605825975,2,0.5626985392337146,100.0
5,4,120542,7164,47,0.8369199721197407,0.325112895621863,2,0.8621199014827118,100.0
4,17,61447,4889,40,0.7919531662410018,0.521733973761903,0,0.8938752169293385,100.0
2,9,60870,9984,31,0.4976801712662509,0.4521088525942675,1,0.6942308207715415,100.0
5,9,74739,5855,48,0.9784544387834178,0.7986162201499591,2,0.5876379304489302,100.0
5,6,54619,7981,22,0.7334037453640716,0.6155136069162352,4,0.8117890056263277,100.0
4,17,70492,2683,44,0.715276960621541,0.6662024622402433,0,0.9779059837869452,100.0
2,0,79996,7770,36,0.9089420065524817,0.8696190380103292,4,0.8502515847148524,100.0
4,6,102603,7207,32,0.7842481063773861,0.6349532772359965,5,0.5617411169848074,100.0
2,20,92030,5111,36,0.4446875719638252,0.6814484245637793,4,0.6986100490838907,100.0
4,0,86299,3536,22,0.703953624274156,0.8896241864856154,4,0.9576844236449039,100.0
5,14,77920,3859,45,0.868357895736408,0.601935066515259,0,0.817211308828045,100.0
5,3,57301,1644,49,0.8199880721061348,0.35818869553951926,3,0.5735760980840754,100.0
1,19,104792,103,48,0.9824612344856481,0.6651936467150877,5,0.862296099930643,100.0
3,9,104234,3376,30,0.4149497678115586,0.7055531789629932,2,0.6767593945000183,100.0
4,8,74578,7726,43,0.5567313739842411,0.6582577630190951,4,0.7447671960780766,100.0
1,1,62471,2956,52,0.7294938737694553,0.4806346620526822,0,0.7075232803842937,92.81196035566204
3,13,128902,98,51,0.7716938794124495,0.4565830477764896,3,0.8628483018774098,100.0
4,15,96168,2560,39,0.5646135915446465,0.558829460352289,0,0.6089530662882657,100.0
2,0,99924,6147,35,0.8960809998255185,0.41636011695257585,2,0.6941848898780546,100.0
3,1,101003,6367,53,0.49860867574960777,0.7662165754916843,0,0.8722728592309011,100.0
5,6,59937,1455,37,0.4005094657730309,0.730272430895751,1,0.8523913968398373,100.0
1,9,127481,4631,40,0.9714348390256777,0.7426769309751485,5,0.6008721383762602,100.0
3,19,79912,6345,29,0.6349340766580598,0.45735824519795887,1,0.675331969631455,100.0
3,0,110551,1840,23,0.9744938805736562,0.4725703099427188,4,0.5071820123970054,100.0
5,12,126460,6795,22,0.5667589602071345,0.8511731813831251,0,0.7650862599183305,100.0
4,0,92034,7401,38,0.43806918107873555,0.7830782407909607,0,0.6404707011035944,100.0
2,4,60463,564,43,0.8635117627318138,0.9126258944172787,4,0.5059329583456367,100.0
5,15,30000,2444,39,0.9014917190954189,0.5824540024437568,4,0.7123525032460543,100.0
2,14,89039,8882,27,0.6952521393085815,0.6831294824684269,5,0.9634348558391242,100.0
4,16,96253,6929,40,0.4443102041067188,0.8171443941512895,3,0.9617005828310619,100.0
3,15,75480,5603,40,0.7924804449840026,0.9819084783227896,0,0.6860514268253706,100.0
2,12,93392,9833,39,0.5092863846850944,0.9927422689919869,2,0.7245889407844495,100.0
1,10,100758,212,36,0.9096289288937706,0.9994227887347962,2,0.6213407317365498,100.0
1,16,114848,7163,41,0.5644138717253147,0.9233685381453645,2,0.5341538888620468,100.0
5,16,84285,4552,49,0.9086238341883566,0.7477555733959546,4,0.846963341393626,100.0
4,1,88866,8020,44,0.6561547251361116,0.3048796655526169,4,0.9000263534082156,100.0
5,12,85534,9888,49,0.7578927035488904,0.7896806342944293,4,0.9400523206801632,100.0
5,13,90839,838,51,0.8737375100925798,0.4670196612958588,2,0.9676436455664863,100.0
5,10,77170,7180,32,0.42426354578975883,0.3400170031171706,3,0.9579816829521329,100.0
1,9,77050,2032,50,0.8926996037138709,0.7880291002615952,5,0.5136917120588006,100.0
1,2,78624,8304,24,0.4831888250592986,0.8292076490233353,1,0.989047454139824,100.0
5,16,93906,9759,50,0.6150510131217919,0.7616031841174247,0,0.6897510108065259,100.0
1,14,68817,4221,25,0.6836686180666378,0.5556188486713793,1,0.9430538424198975,100.0
4,8,78725,4964,36,0.9372559502011771,0.6577028868553862,0,0.7203801001260703,100.0
5,9,135214,4097,47,0.4134643767373547,0.9544633388970232,4,0.711095255512496,100.0
1,7,112409,8305,24,0.7355215649780713,0.8107276761838595,2,0.5055953069780852,100.0
2,20,66072,6795,28,0.7855135000374367,0.6532789634495351,1,0.5262207236998909,100.0
5,12,111616,9008,28,0.5899493854594441,0.7154144063657505,4,0.8356395325200688,100.0
5,17,105684,7176,37,0.5742920627856759,0.9493785188424495,0,0.9688203037132528,100.0
4,4,87402,4665,23,0.6942814951062806,0.5756477655887742,5,0.6122001333465954,100.0
3,5,72300,2084,47,0.5122602507188035,0.37129060084026316,5,0.54695951469315,100.0
3,16,69462,8728,54,0.6808713577629755,0.52807836919215,1,0.6069285164924347,100.0
4,10,95596,6928,41,0.8590151940940884,0.5906401503154004,1,0.6061599232824164,100.0
4,19,68844,3446,44,0.9072373024963089,0.49107470890234173,1,0.6465678017588163,100.0
4,15,117430,5058,49,0.6310968309393404,0.6702806836750352,1,0.5473717337723281,100.0
3,8,124520,8499,26,0.7703810278862113,0.513400512602254,1,0.6177633559858106,100.0
4,1,88929,4882,34,0.400012310776537,0.3722257097676678,4,0.9606374171664316,100.0
1,4,118469,370,34,0.7302114902028713,0.43164795952423546,0,0.9451096187246854,100.0
5,0,79711,4609,44,0.985141783235494,0.9427092583961973,0,0.6581521703604567,100.0
5,3,72141,6741,33,0.5873590162967268,0.7407169403706022,3,0.9984467289275647,100.0
2,3,117506,2087,21,0.7568656745255476,0.5200160989341353,2,0.6491765537407799,100.0
2,2,129496,2183,32,0.8573701945873677,0.556842538750308,5,0.8609149095391748,100.0
5,8,139078,4701,44,0.7653598125937856,0.6453682199863175,1,0.8220044110269547,100.0
1,11,98316,9791,40,0.6510999822801036,0.7711910234938935,5,0.5322770727233643,100.0
3,9,111552,1399,26,0.49154534398571886,0.707525922890639,0,0.6711484230023489,100.0
3,1,97765,7972,32,0.6782208384749384,0.952888687194059,2,0.9757498088968857,100.0
1,10,125084,5981,41,0.576870525507155,0.7380241786006165,2,0.5254334666397276,100.0
3,9,100832,3524,23,0.8175521732567785,0.937554385723459,4,0.587442162482913,100.0
4,5,110127,8464,47,0.6651476606286859,0.3038011114151957,1,0.9854728879353598,100.0
5,17,61614,2929,37,0.9099278587643929,0.9233916303453624,3,0.5198963799246876,100.0
5,1,84220,11,35,0.5159934621359059,0.8050210115762311,2,0.7233036741672335,100.0
1,1,110340,1943,24,0.6506320732321442,0.42053541787846016,4,0.9591755194816773,100.0
3,9,108099,403,37,0.734502985836885,0.48412661347153574,1,0.9718393942714947,100.0
2,15,112472,8507,31,0.47560880561697716,0.679966999414717,0,0.9896604457900491,100.0
2,11,93016,539,32,0.7527460467006933,0.38745670874537996,3,0.7406606307645197,100.0
3,0,73699,4633,52,0.5745528431965456,0.849757788378432,1,0.5432399939157331,96.62627322875215
2,20,88526,9166,47,0.5377223080891957,0.8538217063556985,4,0.8863516408186165,100.0
1,7,91175,8872,47,0.48514644383760686,0.5106642920585571,5,0.8544917360486282,100.0
1,15,96043,4078,49,0.6099291553801067,0.34887190348095715,4,0.7898066973849014,100.0
3,17,65803,7517,29,0.957389449116524,0.9921932214635021,4,0.9441179358142767,100.0
2,12,83353,6505,23,0.4186035155986351,0.47551021547102734,4,0.9557850444933903,100.0
1,14,87783,6963,49,0.9112937249847635,0.34729105592214154,4,0.8416221366267899,100.0
1,20,33944,5063,41,0.6384165386710845,0.530975471568489,3,0.5560499736030642,100.0
4,11,110812,2682,30,0.7369609832358308,0.9783022835220052,2,0.5477625864568099,100.0
4,7,94100,1723,43,0.7076873781552229,0.8550493289263965,2,0.7043148760731326,100.0
1,9,96632,4054,45,0.9554441569643402,0.6362331558671004,0,0.6463502992723273,100.0
3,13,77112,645,44,0.8620775615234282,0.5137312952079762,2,0.56649159221241,100.0
5,4,104656,5144,40,0.9908941211967696,0.596314268983228,4,0.8055954105962002,100.0
5,17,69201,6629,35,0.8766579709730185,0.3121559257614495,2,0.8417649019817681,100.0
1,18,73129,9319,41,0.5775330965240124,0.802859337008935,5,0.8489841316224793,100.0
1,14,105708,7455,32,0.9777302076155885,0.3697509900862902,5,0.5876386293853577,100.0
1,5,98929,6612,38,0.990139474484754,0.663326303812015,2,0.6529219035573299,100.0
3,10,58059,47,43,0.4738562221700197,0.6960915370037988,4,0.5995264517823493,100.0
4,20,129434,9834,49,0.9406265102697863,0.3011828420116057,3,0.8006671155889905,100.0
1,10,71037,3785,25,0.7985213097358973,0.9859150381842019,4,0.7835407176709382,100.0
1,19,86685,4095,46,0.9531962620198683,0.5114973263822207,2,0.7516567185474541,100.0
2,19,133669,8720,31,0.949443412131392,0.3540569756944811,2,0.6480282792753407,100.0
3,20,38505,5130,31,0.9348238187123301,0.898071990781643,0,0.6185264633985659,100.0
1,17,47343,6754,38,0.9311653562094273,0.40636682283594167,4,0.9452039161280359,100.0
2,17,101048,1051,32,0.4705877433959312,0.31746859535714195,0,0.5244269782964389,100.0
5,9,30000,4725,36,0.4861094249669572,0.646283475715028,0,0.8281991894442329,100.0
1,1,38912,1404,47,0.47066765162618,0.3909418900583014,1,0.5097884905151393,74.21553186502037
1,8,119378,2879,37,0.45461745328017117,0.9876961464477165,5,0.5969190638381507,100.0
2,13,79778,3686,41,0.611971171044393,0.30728769062876105,0,0.6447417344314748,100.0
3,18,144902,3731,51,0.8103750485947854,0.33583814093204234,5,0.9432429846306212,100.0
1,9,64130,5700,47,0.612815567843551,0.8832987764792781,2,0.5688674667863354,100.0
5,3,82037,5828,43,0.8321801999650569,0.4678261872266181,2,0.9689032777073642,100.0
1,5,103515,244,52,0.8921698750121216,0.9381177273687609,1,0.9077281521177987,100.0
5,13,101788,3150,37,0.7997288440878503,0.5177959374324719,1,0.8395232120583959,100.0
4,3,83627,8648,31,0.6790628357697812,0.348847855952284,4,0.7058730731003846,100.0
4,14,73788,8209,21,0.5773104637545742,0.3074142593290749,1,0.9526284385615561,100.0
5,15,95784,1009,48,0.47464201747313856,0.4977970939400231,3,0.7639775149044253,100.0
3,6,124422,1344,38,0.6961910967468303,0.6316114028471295,2,0.6856037639699037,100.0
1,16,109070,8335,40,0.8317593720219385,0.3007112776482489,2,0.792811995032304,100.0
1,18,74188,8257,27,0.728945926902429,0.7067750417807259,5,0.6161338246868183,100.0
4,18,65205,5098,36,0.8328891515742777,0.5335630910723123,1,0.636439088609511,100.0
5,16,72680,5489,43,0.6011318034061004,0.573107470553688,5,0.9596572540057047,100.0
1,5,58156,6100,52,0.44007763783320886,0.48298766373867463,1,0.8969634207639674,100.0
1,10,93685,1121,37,0.862658755619546,0.6703316438087439,2,0.756750364585556,100.0
3,15,110344,9725,39,0.5318344670977336,0.46108583537770065,1,0.7082836956158864,100.0
2,7,88216,8345,54,0.7697710361416144,0.39437546030952936,4,0.9037849695041122,100.0
4,10,132994,2926,34,0.88257564673284,0.9234529574336314,1,0.7853181666794966,100.0
4,6,134385,6809,23,0.48346600110680604,0.5733884881213867,1,0.7075168667780056,100.0
2,18,97693,2113,45,0.7590968260079656,0.35385124515469424,4,0.7577243959978637,100.0
1,9,107548,8821,31,0.8136246171040563,0.461225928196432,4,0.6163546219314929,100.0
3,8,67488,5135,35,0.8479185200913546,0.5169600637405718,4,0.600984941351925,100.0
3,3,80979,6600,39,0.4885999666848926,0.8387524165439784,5,0.9945453895079615,100.0
4,14,121806,9610,35,0.8950696971876229,0.3155788461705444,2,0.9847959105765252,100.0
3,12,75518,2931,35,0.456489139690282,0.63477464193468,1,0.7104135545034964,100.0
2,1,127184,4744,35,0.7117500808940844,0.5853847397497025,4,0.7576307659098982,100.0
1,1,117814,3383,29,0.666047617718728,0.9778802811444469,4,0.9135970688910744,100.0
2,15,108790,6764,25,0.533059644541332,0.426052508607628,2,0.8629178275417482,100.0
5,8,60682,846,39,0.5811584448683436,0.7395095223146031,3,0.5497746167497692,100.0
4,12,82200,9787,44,0.49866146997334115,0.44153781956491067,1,0.687305527140603,100.0
3,2,106105,9038,49,0.655435716892752,0.6838954379202886,3,0.6250756216157194,100.0
5,8,65356,6717,25,0.4213065565423361,0.6885442627596524,3,0.9963150958397431,100.0
3,12,85248,5322,42,0.9333491651776933,0.3527427109009166,4,0.8743507942160439,100.0
1,20,108803,9599,33,0.4980924010219572,0.6195159059380622,5,0.5238826045748817,100.0
1,1,75795,3832,49,0.9316106538735691,0.6228092755719741,2,0.9500189832995682,100.0
1,7,68838,6163,36,0.918146440080402,0.5233956718995025,1,0.963979189899486,100.0
3,8,44980,814,37,0.671006324294612,0.4940109875813581,1,0.6666344881433475,100.0
5,15,80334,1085,40,0.6986354273290554,0.4570085818813434,1,0.8209888809456891,100.0
1,1,109329,9615,34,0.5811481243206889,0.3041587503122688,5,0.841019496169162,100.0
5,5,68177,4462,26,0.9981247599853181,0.3012713991422813,3,0.8647738107969509,100.0
3,7,90446,1673,42,0.802463314354134,0.712851047553416,0,0.8467536365420958,100.0
5,4,84394,7438,29,0.9710849715613313,0.5040247377984812,2,0.7798590042024695,100.0
3,8,73334,2063,52,0.6488781066329069,0.4175220590482403,0,0.9769219552789479,100.0
3,0,110942,2430,44,0.9298099476596718,0.7793146438586098,3,0.7561870860638398,100.0
4,8,131056,2538,53,0.6689407799302403,0.6702331986356118,4,0.5554566141133985,100.0
3,9,115108,4327,33,0.9200973232607875,0.9404707938168757,0,0.5402127415865814,100.0
3,3,72601,7987,26,0.4785559356969158,0.881711855950402,0,0.5091883096144194,100.0
2,2,139809,8716,50,0.7821126560611055,0.8087104337699769,2,0.7139616934321346,100.0
1,9,115035,7237,36,0.8072221089034881,0.38860737002951007,3,0.6366181325410416,100.0
4,14,78566,8422,21,0.7937024183718564,0.7662621172711337,2,0.9476094576733469,100.0
4,10,70616,237,38,0.6682165708236062,0.7857485100563406,4,0.9335739293167611,100.0
4,13,118025,2347,42,0.8103496660184775,0.8343328129822973,5,0.9189212510796976,100.0
2,5,94344,965,46,0.5436778604899558,0.48419290663018644,5,0.9336390586996866,100.0
3,11,68730,1507,34,0.7575091566982517,0.7482082525646259,5,0.6488028397322043,100.0
1,12,86297,9482,34,0.7325409546695976,0.7327949207977777,1,0.7130587721148387,100.0
5,16,79820,1988,46,0.5910037132782562,0.5697170348680447,5,0.6558690296379162,100.0
3,15,69398,1539,43,0.8673182853887377,0.7644548862581655,5,0.5430405265614255,100.0
2,2,115364,2672,22,0.4485232392752086,0.3606868929214554,3,0.9620231467591334,100.0
3,1,109543,6443,27,0.5028637967752421,0.7504535147853918,5,0.8079631328708172,100.0
3,10,110963,7455,42,0.6826900237716627,0.7242109089488664,5,0.5662761999687449,100.0
2,8,110616,4294,48,0.9350420187550574,0.44743708507786145,4,0.6030294783269142,100.0
4,2,67099,9119,40,0.7450957327167684,0.8727495336639082,4,0.725376313759025,100.0
4,17,74907,1211,38,0.9052401105635158,0.9120898001838922,0,0.5259470389744485,100.0
1,19,126466,7141,44,0.710541831488556,0.4473387630775616,2,0.6359958906140142,100.0
1,14,92700,9823,53,0.8712735811665675,0.35317275896604244,0,0.8517231938356034,100.0
4,13,53238,769,46,0.5954784368473751,0.7225028244790845,0,0.9602032410148862,100.0
5,1,95423,5583,39,0.8890853903125828,0.6359422688883085,1,0.9643657078756764,100.0
3,16,106369,5171,33,0.6410116423394613,0.5993159604834404,2,0.7600145417254498,100.0
5,7,103101,4299,30,0.7352986968471136,0.8327058310305879,1,0.6560776274220605,100.0
3,9,66553,5456,34,0.5055288949180966,0.9787638476562406,5,0.9603728275620185,100.0
4,17,137168,9690,29,0.952259814463334,0.6343646035633377,4,0.8933174531006323,100.0
1,18,52485,4268,31,0.820875471662365,0.30430855514234245,5,0.7935559579521314,100.0
1,7,92772,4381,23,0.9153128914896274,0.7173869941768647,1,0.9172764507239857,100.0
5,7,133413,1675,32,0.5247177442932595,0.7577761104908876,4,0.729415184423789,100.0
1,2,104791,6928,52,0.4406106131615419,0.8796128141967285,0,0.5560974173508135,100.0
4,2,110905,6633,34,0.6023255579866089,0.4395848867672822,5,0.9691190597850268,100.0
5,11,63670,8661,21,0.7100112345729591,0.6670293434632517,1,0.7670035385176648,100.0
3,16,98676,7442,47,0.8814219297754211,0.6129920502725558,5,0.8476452761572266,100.0
1,3,89084,6692,21,0.638635849303653,0.7651083228138416,2,0.6961461464408967,100.0
2,16,61748,6238,49,0.561974994940635,0.34476014459221527,1,0.5678707611712347,100.0
1,13,111626,5837,44,0.6235270674492283,0.9188090521896672,4,0.6359408974745119,100.0
3,18,69512,5445,37,0.8221644462766935,0.6578101829667948,3,0.5218363147830039,100.0
5,8,72476,7646,51,0.6017308581706102,0.9139318114789929,5,0.5437898009542266,100.0
3,20,100814,1375,52,0.987499375813085,0.5381659923041966,5,0.6024595561641092,100.0
2,11,86418,7354,39,0.5049874532324438,0.7574655502484391,2,0.7805055655128754,100.0
4,4,94232,3211,51,0.8518576747804016,0.9697076045165876,4,0.9964423684898498,100.0
1,10,84887,4762,40,0.7534981674294539,0.9603654334968457,5,0.9218616545752247,100.0
5,19,125326,9585,48,0.539857360093925,0.9608719283398519,3,0.5429335265465209,100.0
4,2,66874,6101,23,0.8521681822844072,0.33006278836185216,5,0.9211718358312433,100.0
3,20,78379,6624,52,0.6685241263347108,0.5821112006821658,2,0.76815565407312,100.0
5,14,102029,1531,42,0.8094389653258122,0.3425468802134358,3,0.8301617337066558,100.0
4,13,65302,7531,35,0.7973543470987853,0.5166339092925576,0,0.564882860047832,100.0
5,10,64194,6569,39,0.46638605994883975,0.42220466656568023,0,0.6977201135531632,100.0
2,19,93443,1633,51,0.9039898149170483,0.7340961968783268,5,0.9420608574354944,100.0
2,7,111683,8883,46,0.8088849438269914,0.8465223058857774,1,0.7126828145217363,100.0
1,3,114946,3144,25,0.8683520275819988,0.6593428756843809,1,0.5635567387961604,100.0
1,11,92293,5830,40,0.6686595009784413,0.8568311513085176,1,0.6555376427996598,100.0
2,7,73196,5004,22,0.5170370330216779,0.3089693076243618,1,0.6107598601839559,100.0
5,5,96891,4706,41,0.5957281142483989,0.8743334552614368,5,0.8434485200473223,100.0
2,14,104153,1877,48,0.9408815370365536,0.4248521572821645,3,0.955513882192205,100.0
1,11,96546,9401,40,0.9628111611108571,0.6226551309833417,2,0.8667449790169537,100.0
2,15,120854,2833,31,0.6891198391163726,0.6098099311322178,2,0.9218099922462828,100.0
2,15,64645,6116,23,0.5792773450896365,0.9112088704153927,1,0.9029088313749452,100.0
5,20,72575,178,40,0.8381866744650986,0.9761854030987773,0,0.5073021515394773,100.0
4,19,117383,7797,52,0.859595806159765,0.47858467657627246,4,0.5621851008469968,100.0
1,19,53174,8640,45,0.8892797784441486,0.3471892208152407,1,0.7116895431165597,100.0
5,3,76515,4919,41,0.4186502864334976,0.7553652477183925,1,0.5560448322920388,100.0
2,10,71711,8037,36,0.40584032343797993,0.6519884107272458,5,0.8674673825957089,100.0
2,12,50894,4691,21,0.6142933769691116,0.6959935993374861,0,0.5350937157645561,100.0
4,8,85321,9065,43,0.4914979706659059,0.3323891489389999,4,0.708120938511102,100.0
1,3,108657,5147,44,0.8829891151084687,0.842716875132562,3,0.6961446053066643,100.0
1,11,93908,8341,45,0.7197063121471854,0.4626473905611084,3,0.7717228282518622,100.0
3,8,109990,5244,27,0.8952088758170786,0.534455746637894,4,0.8146887193886444,100.0
1,12,119798,234,34,0.5061478460464811,0.4598475987845617,4,0.9734781851369314,100.0
4,15,80359,8759,29,0.7763336253170967,0.9621611924144362,3,0.6355923994924646,100.0
3,5,156171,6592,23,0.7481032545011639,0.4181052715784096,1,0.8329922443092681,100.0
3,9,81364,1583,40,0.604226980503561,0.8126233028127186,1,0.517542394862216,100.0
2,12,84686,8587,53,0.7102487803346569,0.47202310575697565,5,0.5005035006935643,100.0
2,6,72309,8722,52,0.7534165222748311,0.5974437333758165,0,0.5126791055384263,100.0
1,18,103634,6773,46,0.9336926827214929,0.9972433140204859,4,0.7244558768269563,100.0
3,18,82737,5227,25,0.43338303085371044,0.37040372096950996,1,0.7775065757341654,100.0
2,16,88027,3152,50,0.8940243200948563,0.9169514617606018,1,0.5031058232808516,100.0
4,12,84869,3511,37,0.9880938335685684,0.9622349273882151,0,0.6982057702214886,100.0
2,12,84302,1509,26,0.8390650348651796,0.7887591064504953,4,0.5204283437817647,100.0
2,20,93957,9679,35,0.8424081893564742,0.30697353281472645,0,0.8266419666160785,100.0
3,1,78744,9105,21,0.5307845784640577,0.8745590088222464,0,0.8156160158319741,100.0
3,9,79917,9833,33,0.7138439685694824,0.9175903493275466,3,0.8920919940584249,100.0
5,12,116821,6697,54,0.8235641921099592,0.9866539098215537,0,0.7731304343006495,100.0
4,8,82661,5255,50,0.7613686026117521,0.887521023425067,4,0.8114749141557069,100.0
3,0,99588,9372,39,0.6310789642700685,0.6119108771145647,1,0.6397096465837768,100.0
1,13,67762,1754,22,0.964071046033453,0.7820547736857507,1,0.5427269090785016,100.0
4,15,78882,2049,32,0.7083920448327241,0.6395899583701378,3,0.8686530809881394,100.0
4,19,59185,8321,44,0.9819255192613171,0.547112844665899,4,0.8059316666862755,100.0
3,14,136360,3867,31,0.7383254089014539,0.7384985452055048,1,0.9691659156743921,100.0
4,0,124386,9877,22,0.8760300680097566,0.8388827077492431,0,0.9946129208386241,100.0
3,16,104886,9522,21,0.8452138618922922,0.7451305506747352,2,0.9236420243206518,100.0
2,12,143777,4960,48,0.7964942651157559,0.878604857352348,2,0.9928109297958863,100.0
5,14,109257,9217,24,0.40867650745228656,0.42346248222005134,2,0.8237231483489766,100.0
2,15,85700,7097,50,0.446457490300183,0.5615861861222116,2,0.5459745807256824,100.0
3,15,99312,6041,27,0.748890572922785,0.518810068913961,0,0.5449162695828189,100.0
3,1,124019,1753,42,0.94706885304117,0.43588899776745893,1,0.9035598870929065,100.0
2,16,67992,3551,46,0.7606850001177068,0.6102220292397456,3,0.6184302179475896,100.0
1,10,60679,9648,49,0.5415975975026994,0.9635110110052667,0,0.5304941035994742,100.0
1,7,100151,3626,45,0.5921310409693282,0.6766058041950136,1,0.7361373023674528,100.0
1,19,75328,3904,30,0.7738959244481631,0.5004834136925517,4,0.6573229278764556,100.0
3,2,33502,1734,40,0.7582326793690104,0.5478424328121262,1,0.794074574212343,93.86170884546574
4,11,58926,6237,34,0.9734217461290628,0.7291529982019893,1,0.8000755171232806,100.0
3,19,82214,4072,53,0.7174507384045294,0.5469227192691561,1,0.8407505005895416,100.0
4,15,91204,7857,25,0.6130089291839437,0.6768427060444683,0,0.7882211617029058,100.0
2,13,91949,4291,26,0.714995654044851,0.4919119254169791,1,0.6904590235066164,100.0
5,15,140129,8273,42,0.871740389962481,0.5421518896301301,1,0.5118333496732994,100.0
4,20,84809,2210,37,0.724218283470326,0.7940095011854518,4,0.9525442340617711,100.0
1,16,96953,2153,35,0.5956315301726283,0.7092328461507212,4,0.6634608649100706,100.0
3,10,49352,3191,48,0.603172630663047,0.36544080431936565,2,0.7535752875054285,100.0
2,16,89221,9683,22,0.8540870915454103,0.9812277629542276,5,0.77846879283364,100.0
1,18,98354,2885,38,0.4398689661167691,0.33453584607121956,0,0.6574264673696915,100.0
2,0,55618,6530,47,0.5648531657047074,0.3580577005971647,1,0.6542404781975896,77.21300725883243
5,11,66650,1106,41,0.491822554245125,0.7909702341187936,2,0.6304307615955003,100.0
3,14,102229,8925,43,0.9668053799183388,0.7956126976015762,2,0.6216766721946264,100.0
3,17,76341,6928,27,0.4540565579009071,0.3132548732587403,0,0.5151978648792366,100.0
5,13,87436,8158,39,0.854910165757754,0.7499277296245186,5,0.9789573008348085,100.0
3,0,103519,3224,29,0.7782553416815021,0.3232820103435195,2,0.7976480293891085,100.0
4,12,140921,7759,32,0.7796826404025827,0.9725389957230188,2,0.5540335045582314,100.0
2,14,84455,5574,50,0.8580598162887311,0.7872998156830547,0,0.7959792103369185,100.0
1,6,134229,2881,27,0.6402927832442761,0.430604670924666,3,0.6161237974755145,100.0
5,14,41030,4499,22,0.6404460189983644,0.41067335171229336,2,0.6553410256409833,100.0
4,19,93709,4617,37,0.5732234693424734,0.6987636119042863,4,0.9005840941961372,100.0
1,9,81647,6774,31,0.7586500221313965,0.7434631079456193,2,0.9429010094108065,100.0
1,13,76688,5844,32,0.957883151266155,0.881866340910217,0,0.8499119465327507,100.0
5,5,106451,9922,23,0.9543899196345588,0.9323248044494932,0,0.9662907411317209,100.0
4,13,84634,3409,41,0.8217764033088312,0.5747734108407445,5,0.952513531930532,100.0
1,11,39376,5388,34,0.9437114626198301,0.8908593896600425,3,0.775585059903758,100.0
1,10,50290,1867,35,0.978111297013461,0.6796660247217137,3,0.9539233296948502,100.0
4,19,108050,7614,30,0.8770629658016749,0.6294074984214137,5,0.7724989755903421,100.0
3,18,49069,7741,30,0.6446999973660077,0.7892794522404515,5,0.5521369995536709,100.0
1,1,108720,2406,37,0.6899349797990231,0.3722364729412576,4,0.9147276396581718,100.0
2,19,93119,2271,45,0.9587541520573591,0.48577055401275876,4,0.5656012322638799,100.0
4,0,85742,1322,47,0.8020048451648262,0.8717338797879717,2,0.6579800669216233,100.0
1,7,87963,2315,53,0.8924163767117053,0.6528551868361863,3,0.6898963981171355,100.0
5,13,102868,5517,31,0.4696684214472507,0.9356304055374658,4,0.9036429700811857,100.0
2,8,60562,2751,33,0.5163408490543865,0.3620926137180376,2,0.541768337336411,92.61996156988806
1,1,91057,3346,21,0.6064650803937813,0.5193889676860316,1,0.7224707323365385,97.76686695267789
2,4,61512,7490,51,0.5129443933357315,0.5488849249628256,2,0.718357905531883,100.0
2,7,94091,5169,53,0.9438790387909242,0.5959042259062078,4,0.7910801197574971,100.0
3,15,106161,1007,41,0.530134328198483,0.9907740360949737,2,0.676934390863104,100.0
2,15,94148,6363,36,0.7343102285982976,0.5174638998477412,1,0.7885812490826583,100.0
3,12,105215,2329,43,0.45127232208968626,0.6630777170758035,4,0.9929471399510127,100.0
4,19,72499,3217,30,0.49297710791432126,0.6752499267097012,2,0.5357745926995581,100.0
3,14,88445,8800,53,0.5484490809827229,0.8395585570251565,4,0.9373142283580451,100.0
5,0,84050,9285,42,0.9897360408906316,0.6625082958600654,5,0.6543147190353957,100.0
1,2,82414,3591,26,0.8782382542023472,0.7240161804343574,5,0.7328582181142875,100.0
4,5,69983,3096,30,0.8041330352617414,0.827329635532638,2,0.870558741541156,100.0
4,13,79204,7176,36,0.9497571903098811,0.3707924032759617,0,0.9550182317236373,100.0
5,3,62182,731,33,0.9737251956205689,0.9744304864674784,4,0.5045377417682848,100.0
3,17,47646,1164,40,0.6721437485672496,0.8924129232556135,4,0.8310961371417602,100.0
1,14,72482,7177,24,0.5966136696655768,0.5721408295361748,5,0.534776169819789,100.0
3,8,105648,26,40,0.5891891961125646,0.8098923123516202,5,0.762839259585541,100.0
2,17,95851,7107,42,0.42143746124886916,0.8336275730861227,4,0.8748800441582629,100.0
3,2,58584,9193,49,0.5677828562358027,0.8951725145909597,4,0.5847670706575675,100.0
4,9,79849,2242,36,0.6130275803162464,0.43182177759383644,5,0.8818924881640582,100.0
1,16,107311,1456,43,0.4221393036692402,0.7925919268506618,2,0.6547689299054782,100.0
3,6,78787,9667,50,0.9295628893713375,0.3233383713683985,3,0.8052755654738386,100.0
1,14,54555,5784,50,0.9087140414798461,0.38090538683771696,2,0.8290205193536881,100.0
1,0,146440,3093,23,0.5509005519606417,0.8432468723258526,1,0.8244903635990929,100.0
2,10,85826,9745,44,0.8815353401857513,0.8691021027172317,0,0.5092723981390701,100.0
2,16,60910,8281,33,0.8777271274490286,0.7147055164871952,2,0.5761370038738394,100.0
4,4,94281,6962,52,0.6010076558410303,0.707180181928728,2,0.9281013451786014,100.0
5,6,87859,7851,32,0.8182408231786565,0.8246579998575507,4,0.9699211362975211,100.0
1,18,51463,9473,28,0.5739147028180807,0.9342593754620911,1,0.7818339443892262,100.0
5,14,92334,9766,44,0.44216574153262,0.5947806196073409,4,0.798485680960695,100.0
4,2,114593,5401,36,0.7028787003573871,0.3803747830251437,5,0.8775152950296239,100.0
1,14,84177,9915,52,0.6629962245274356,0.8872995690991017,4,0.703052643161268,100.0
1,4,38495,9211,54,0.4828917487116274,0.5391509021795271,3,0.6640081722445736,97.07106713057146
5,11,98548,8974,52,0.6943320021940507,0.39365004124741326,0,0.8841008328199651,100.0
3,19,105072,7924,37,0.9696254474541498,0.7302314800999818,3,0.5141428284824572,100.0
2,4,75339,492,22,0.8388358883134781,0.7046587476481827,4,0.9426731440623235,100.0
3,2,75523,5691,46,0.8433233859674765,0.6319723445516721,0,0.7204512623964068,100.0
5,8,146446,7447,37,0.8545304770493742,0.9018580709730111,2,0.7521143074576906,100.0
2,8,73544,9783,22,0.8467802843611274,0.4905580847823575,1,0.8171390788320352,100.0
3,6,61952,9307,28,0.41194086124036405,0.30926468569906607,3,0.6371928741654553,100.0
2,1,90627,5213,26,0.954814561416359,0.5264281032595399,1,0.798693745724854,100.0
1,20,104371,3371,29,0.898082658663264,0.30679417228149014,4,0.8465194734250041,100.0
3,15,103310,5957,21,0.5647476444598016,0.6805138476277874,0,0.5589657249679725,100.0
2,8,30000,9043,25,0.7316461029019782,0.5647738050018936,5,0.7602353902942424,100.0
2,12,73481,3544,29,0.7690035579719003,0.86975991859996,2,0.6647100680707174,100.0
2,18,118822,1882,34,0.47916701746974705,0.8583097467435723,0,0.7786788628353257,100.0
3,19,98167,7268,47,0.5523780261142764,0.6042469453090645,5,0.5106471437484434,100.0
4,16,59105,5992,29,0.4139502611704913,0.4515396915100761,1,0.8713401781055841,100.0
3,5,121060,3515,49,0.9183710320325592,0.5957009061596079,1,0.5842022522733572,100.0
5,3,114122,3330,40,0.4149430418477203,0.7489224127805404,2,0.8446934738274212,100.0
3,0,82584,2738,35,0.5912175027165202,0.43314418710103514,5,0.8844074560763766,100.0
2,17,111986,964,23,0.44694789576773386,0.841132630899212,5,0.8763059962219107,100.0
1,18,139993,1605,43,0.8688435557026313,0.5313921473046916,2,0.9087510472918818,100.0
3,8,63640,2298,29,0.9549896638427127,0.9525238964421865,0,0.6538725755907422,100.0
3,12,103886,6855,50,0.7376893718906754,0.6583093711922255,3,0.9835565826676462,100.0
2,7,139648,7673,39,0.483740090384993,0.8929885738908054,0,0.5119090875670342,100.0
1,12,106325,6946,23,0.7348965149716609,0.7311248062076218,1,0.7406000480574438,100.0
1,14,71140,753,23,0.8622047436716072,0.6882212906451164,0,0.6351424691711478,100.0
5,10,95972,1504,54,0.8310497231357803,0.7774910934395786,4,0.8699402249234371,100.0
3,11,124247,6616,22,0.8450314035199331,0.8680437865954325,0,0.9026116427039345,100.0
1,13,64605,6954,47,0.5675043055320866,0.7511552530868153,0,0.9111962637589135,100.0
1,3,89247,7218,43,0.4442425135505454,0.8580684810341916,5,0.6484520278173452,100.0
4,0,83912,217,52,0.4893781831290701,0.43332561512165907,4,0.6370702680561204,100.0
4,3,74214,1093,38,0.9733038910473644,0.4942615782623607,1,0.8384678596392283,100.0
1,18,96038,2422,47,0.7681083922575886,0.46080597511111465,2,0.964092182291604,100.0
5,8,87482,3321,31,0.8367397635183553,0.8588122314702029,0,0.6271026077930492,100.0
1,9,106083,6761,39,0.9394387550683636,0.3602899911999531,3,0.9552998497023857,100.0
2,3,118524,7967,45,0.9116527399307751,0.8571042382092096,5,0.7957306965406332,100.0
3,19,58179,8598,27,0.5310411098314715,0.5723296098701651,5,0.8689690109676854,100.0
5,8,91688,218,51,0.43483602676525224,0.3556550134121768,2,0.7199460357539098,100.0
2,12,88671,7558,22,0.9550769205180751,0.5970983830685236,3,0.9034286108280527,100.0
5,11,95085,8634,25,0.9890009755826542,0.5103516103736959,0,0.9852464463827066,100.0
2,10,89613,2666,34,0.7404065161083851,0.7143665279478547,3,0.585287865694822,100.0
3,11,65483,5860,38,0.9330411489026678,0.6307686431656689,5,0.6927797125001247,100.0
3,17,126368,2446,24,0.539089629828852,0.5077441737618451,2,0.9312283230311169,100.0
4,11,137019,5403,44,0.4666232227539108,0.9035861610838609,3,0.58833644044363,100.0
2,15,103672,143,33,0.6998901624450484,0.5847749973918982,3,0.7064817217243031,100.0
4,4,104952,7243,41,0.8867100516902716,0.6294829942612451,2,0.5830575548554138,100.0
2,19,93276,648,53,0.7927921739441994,0.8926399673267202,2,0.8241841293787213,100.0
4,11,114230,1238,40,0.7823921008862592,0.3623396258408149,2,0.6191595760997163,100.0
3,20,30000,4029,25,0.41047534493509974,0.5729251992444213,5,0.6904010526988007,100.0
5,10,89903,9492,44,0.5904957354190548,0.5819996805698728,2,0.7455668291268338,100.0
4,8,75684,2206,50,0.9636974719134888,0.6470779586096784,4,0.648564439329341,100.0
2,17,93645,9905,48,0.4805641237101541,0.3742844146515837,0,0.8399504652133132,100.0
2,2,117315,985,27,0.8358195671122925,0.37186208487468597,5,0.555624727144198,100.0
3,19,90475,6131,50,0.8555866922848268,0.5914911690361411,2,0.9399003823606107,100.0
2,16,80987,1038,54,0.8396999459153732,0.32312030584270945,1,0.7406702282433595,100.0
1,13,54918,535,29,0.9935709364601059,0.4784890513417446,3,0.7864070669926755,100.0
5,0,87268,2337,32,0.6455249268111549,0.44082372764009453,2,0.8110648387902266,100.0
4,16,106806,2556,49,0.8093160353254116,0.6425703829265024,2,0.5298410238411448,100.0
5,7,68972,845,30,0.5161930680302814,0.3078116900527474,0,0.8784953777667188,100.0
3,4,39916,2493,47,0.6398259495226528,0.7730134151847793,2,0.9729709271017142,100.0
4,4,146856,2744,39,0.6949363614598759,0.8989111149915152,5,0.759953981779721,100.0
4,8,98379,9740,33,0.5288965246600154,0.7947190627675129,4,0.6954343545134996,100.0
1,2,84460,7314,52,0.9440864454153158,0.8726547185533999,1,0.8923979250557594,100.0
3,18,124774,4059,35,0.8297186982804174,0.7503214826587306,1,0.8601764791933515,100.0
2,8,93536,9505,41,0.5702546608554968,0.6551569240723991,2,0.825487898181611,100.0
1,17,123300,8333,23,0.4809738635785566,0.45331511811676717,0,0.9826757122095687,100.0
1,15,121159,402,28,0.5727203970535046,0.4957384433780049,5,0.7908872109587738,100.0
5,0,58136,2476,26,0.7737912293458507,0.5223956026036624,5,0.624187871960032,100.0
5,1,101499,1235,49,0.8958451829861714,0.32661236862653864,2,0.5123830239661127,100.0
5,13,133132,2715,39,0.7019009542330963,0.9391621399883301,3,0.7267310149408988,100.0
1,13,65033,471,37,0.46149680410270844,0.9302118918433617,5,0.8261617785858952,100.0
2,0,65340,3995,30,0.5495889198466541,0.37544449467096863,5,0.5860695692470097,100.0
4,15,69569,161,53,0.6070863516337315,0.6896854958850371,5,0.512881869017173,100.0
5,14,112260,1795,33,0.781681752226616,0.6273489059426851,1,0.9545447276358501,100.0
2,14,97109,6252,47,0.5479860252170051,0.7783897979293968,5,0.6509737139180546,100.0
3,11,41605,8155,32,0.5403570355923352,0.7221123623768342,3,0.7330247172235329,100.0
5,15,98523,6366,22,0.5717211211727166,0.3870252608255315,4,0.5455354580951681,100.0
4,13,83702,7320,30,0.7555174266721294,0.762054351473257,1,0.690806652675858,100.0
3,14,87193,6855,41,0.6955781703653003,0.7262106127692263,1,0.711886651498789,100.0
3,14,69074,3470,43,0.9049815719814644,0.6718565465816639,4,0.9513722685076511,100.0
4,18,98706,1846,21,0.8187593886479877,0.5816843866012587,3,0.9327287391916976,100.0
5,7,116261,9599,53,0.8000931231737984,0.968444695837215,2,0.5945010206549833,100.0
1,1,73950,9277,46,0.4927900372027682,0.8946076929177811,0,0.778031113332845,98.22591100396428
4,1,47938,5753,35,0.43313667916731147,0.7095594824439442,3,0.8656239020635658,100.0
4,9,82422,6288,42,0.7059993187355629,0.3044644776873315,4,0.6459252830169125,100.0
4,2,108907,1503,45,0.4429849992229217,0.6024862695188411,5,0.6972164918890948,100.0
3,16,79474,9337,21,0.6184107495558018,0.7902378099850692,5,0.9924406439464952,100.0
2,7,52561,1558,46,0.4156674090169532,0.3821059643386446,4,0.8798660678669733,100.0
1,3,109081,8986,41,0.5060853859779108,0.5845847316002195,5,0.7185900313691778,100.0
5,13,125383,5173,44,0.4662207212135364,0.4342076567668467,4,0.7670408517665877,100.0
5,20,90500,9622,36,0.8805910023855248,0.5367000910041724,1,0.8128911773781159,100.0
2,9,49855,5714,52,0.6076756915396921,0.31866844281387613,2,0.7494202774942551,100.0
4,0,82054,6414,36,0.447307910963198,0.38871266758542955,1,0.7058100160552554,100.0
1,3,93788,6698,33,0.5592881227238076,0.6183297950974823,1,0.6796748550798472,100.0
5,0,69757,3661,52,0.8096848516419456,0.9287329447250461,1,0.5844908170757919,100.0
5,16,104584,2073,44,0.8473811633034133,0.6434071351206023,4,0.9868105634033068,100.0
4,16,67313,2030,33,0.4719190779097128,0.6171542280955189,3,0.5457063521191416,100.0
2,6,90640,4767,31,0.86713986396036,0.8512985750800424,0,0.8005111961152629,100.0
1,19,84291,5933,35,0.6223354949302469,0.487481053855169,0,0.9798012223158378,100.0
2,14,105396,7363,30,0.807629601361002,0.36654812445739926,2,0.6874658085316565,100.0
2,12,89643,9152,23,0.8029046735781664,0.44670083423567536,2,0.6262106748558364,100.0
1,1,85087,8226,36,0.8761556326465836,0.8539105858644978,4,0.9777614899055244,100.0
1,18,69928,8219,37,0.8183096681854278,0.7739335475655327,0,0.9008696663977288,100.0
5,12,90869,579,45,0.42332101400350014,0.36407322757782506,3,0.8275125176819441,100.0
5,10,83494,5122,50,0.711688666533729,0.7669652121984147,4,0.8059942135058857,100.0
1,14,68236,1365,33,0.4997087040825831,0.9520860394190624,2,0.6800630609970808,100.0
3,9,93987,8066,44,0.9819787224956141,0.3314684692009493,4,0.8206596491105138,100.0
5,8,99099,9794,46,0.5535007231066587,0.7314926671424848,2,0.8625127116269375,100.0
3,8,81539,840,29,0.6520644107615339,0.5654151988480384,0,0.5158654882780677,100.0
1,19,113289,5141,39,0.5180212910640625,0.6507220213094538,4,0.5588450206311963,100.0
5,0,96599,5412,48,0.48075348029077797,0.6697251711850813,1,0.6575552107193497,100.0
2,16,57903,9073,27,0.7605577603622262,0.8397322682271477,5,0.6615642084731628,100.0
1,11,123434,844,42,0.6959077892449124,0.6899087638410571,2,0.950257967239332,100.0
4,9,109174,4962,50,0.6247958404618248,0.7151599396875767,1,0.8422526994249588,100.0
3,4,115045,979,36,0.4512514132909152,0.5330382906402666,2,0.6867522409059719,100.0
1,17,100012,602,25,0.8415756188011407,0.3881617084489928,1,0.9046010763445246,100.0
1,14,31556,264,49,0.40351377873905137,0.7779126333952826,0,0.6615974357355185,100.0
5,5,117315,2671,43,0.674596952997591,0.30033749833491613,0,0.9953780749745514,100.0
5,6,91519,8804,26,0.7795431884772005,0.5301020186432585,3,0.8908099040909632,100.0
5,16,98830,9267,53,0.6584265013656081,0.45263076809726194,3,0.9041950140807538,100.0
4,5,103509,1849,36,0.4757253903467165,0.5719734085292892,3,0.6304862698826272,100.0
5,7,138406,5915,54,0.866949931711021,0.5178876189446779,4,0.5725169124537983,100.0
1,11,76344,2441,46,0.5943663713821731,0.7929519558265814,2,0.6947695236590777,100.0
5,20,76989,7766,33,0.48085333070915987,0.48214423541050544,4,0.6671178752446311,100.0
2,13,68724,5363,37,0.7301594888478422,0.6925252419112238,3,0.8849160700435514,100.0
5,11,63251,975,52,0.41150293453840914,0.6190393010405555,2,0.5871440598898297,100.0
4,9,63711,1747,52,0.5944382144469667,0.8607402537348658,4,0.7637331425268886,100.0
2,19,43705,494,48,0.8503854217560406,0.599664741503516,0,0.8140966499109614,100.0
1,14,100666,7951,49,0.9476267976185047,0.9047132545520942,2,0.6925827429394822,100.0
1,6,139695,8212,45,0.7550364756642929,0.3001020373250771,3,0.600303656446258,100.0
3,8,141289,6261,42,0.5305669512383692,0.7233854486439548,0,0.9478333999512625,100.0
2,9,68690,2037,47,0.5320000904284878,0.3068648954739147,2,0.5694200228581422,100.0
3,9,83196,5223,40,0.7623229985274385,0.7997540263404321,4,0.6519021869925178,100.0
2,15,120833,8000,44,0.6440570241032378,0.46444568127974584,5,0.8782836896626075,100.0
2,6,100808,6237,28,0.5063585792655422,0.5659868762411906,5,0.8026557651560038,100.0
4,4,93362,6991,34,0.8724382238042323,0.5663062599914526,3,0.8653227746014066,100.0
3,2,83581,8806,34,0.5201458219007383,0.8924956928519241,4,0.9043833153948772,100.0
4,17,119457,978,25,0.5929845007890391,0.37146493262506797,0,0.9476964437346882,100.0
2,10,63173,446,41,0.4368576632668626,0.7668278673451838,0,0.6522825077025427,100.0
1,14,102021,1819,35,0.8208232678615972,0.9868797804359426,0,0.7371525801443986,100.0
2,20,98623,6556,53,0.5651667565612883,0.3156691003963272,2,0.8441550718145684,100.0
4,19,91084,8117,37,0.5397201774090047,0.9761259391332713,3,0.8973728319043073,100.0
3,4,109693,5515,40,0.582014971613352,0.3128833102604777,5,0.7889083819464744,100.0
3,11,90843,5267,21,0.9244783197836247,0.8888046209213438,0,0.7568740889783263,100.0
4,3,76636,4919,36,0.7108111422836985,0.9728710937613765,4,0.8458817727924935,100.0
3,14,92312,8494,38,0.49473083792031797,0.9951191675903417,3,0.6910144954668942,100.0
5,8,50197,471,30,0.8646885323708072,0.6213849386793864,5,0.9468521480828009,100.0
1,6,105317,3243,43,0.5250719473776913,0.9068702543751475,4,0.6061094677599641,100.0
1,9,111705,5212,38,0.6474856889137441,0.3856376801207235,4,0.9420021049939085,100.0
1,12,73584,2949,29,0.740845491548717,0.597769037029983,0,0.8218083498865335,100.0
3,7,67637,98,50,0.750665748837826,0.5155824833281185,3,0.8003292271656665,100.0
3,11,74506,1673,33,0.44141926990436287,0.5766239354249549,1,0.7349774317243427,100.0
2,18,88424,3311,51,0.9020826950218256,0.7913865965850745,2,0.577373021347017,100.0
2,0,95397,5147,33,0.6876584559627172,0.36123614002992865,1,0.9324670701851409,100.0
1,15,130387,6039,52,0.9935564198307356,0.9987147722300409,2,0.5262669791998541,100.0
5,16,127227,431,37,0.8304654447685553,0.7445470113258437,3,0.6349828334738321,100.0
2,17,110788,3759,23,0.9955413425703509,0.9114623106005832,5,0.5548533734856792,100.0
2,10,93031,4981,21,0.6720851488390658,0.8807868956671454,0,0.5534176559505717,100.0
3,17,66826,6855,25,0.48446884434440685,0.8361982808271644,3,0.6952113826012127,100.0
5,6,131990,4443,52,0.8363856262177882,0.3274564717868579,1,0.5802128467393293,100.0
1,17,83808,275,45,0.8666561694898698,0.661526953608478,4,0.7906928930273813,100.0
2,7,97034,2860,25,0.9117011607294975,0.5297038633501547,2,0.8135794698198857,100.0
5,5,105683,1388,43,0.5808694153637864,0.37905738107528814,2,0.9410468637085606,100.0
5,6,91539,6513,32,0.7064103904691963,0.5400931444939322,1,0.6498339632700072,100.0
1,9,118777,7167,54,0.9145033440162388,0.7513621261157276,0,0.6545891917021428,100.0
5,10,101384,4426,43,0.9188417419671395,0.4614385000355009,3,0.6231843624103373,100.0
5,12,114715,859,36,0.41541030583368455,0.6112168004557823,1,0.8909051659757827,100.0
5,8,101183,4824,25,0.8025500704320949,0.5831459705400552,3,0.7140300400932792,100.0
2,6,89052,9193,48,0.7610124097424691,0.3367240739644878,0,0.7762110066762463,100.0
1,8,91854,3774,26,0.45000266641672354,0.7396577705679604,4,0.687308755636943,100.0
5,12,88443,7389,33,0.9580816477071757,0.7331928316047738,3,0.5784064647366454,100.0
5,2,57892,3284,50,0.6672233763055423,0.9764901536729034,0,0.5512648544105196,100.0
2,2,64979,726,46,0.8045546260764431,0.5086036516420339,1,0.9341367331616506,100.0
1,0,108513,5090,37,0.9296786773018694,0.5932657200494147,5,0.6327408408289747,100.0
3,20,58515,905,29,0.47807264251833104,0.5825463356445892,4,0.9708099577755285,100.0
2,19,79894,9378,36,0.9135058861028404,0.943820730690045,4,0.9736467206399764,100.0
1,1,63747,9978,38,0.8345833778386942,0.5860545207724899,4,0.7394607785864792,100.0
5,2,78557,9661,33,0.9037553931742957,0.609934900944171,2,0.97929411326762,100.0
1,14,86118,2553,49,0.6969014231043223,0.4766411739342227,5,0.51424360817854,100.0
1,5,79844,7781,44,0.42009091212264676,0.3008177024968334,0,0.545825289872706,85.18783086479363
1,12,54290,4647,33,0.8023095062263792,0.3773154699627572,3,0.6216548399741064,100.0
3,20,85361,8076,45,0.6247194570521049,0.7927224059991163,1,0.6045967008220017,100.0
1,0,66027,3563,21,0.6414495006177303,0.7777469153629498,4,0.6263189226199115,88.77326064321491
3,19,74086,1359,29,0.6647573209038284,0.5257714009914097,4,0.7261471652196384,100.0
5,18,108513,2996,24,0.6957457814690906,0.6311043594228829,4,0.5314606766654424,100.0
3,0,113884,7206,48,0.7971605395395621,0.5081648753662213,0,0.7776941418491741,100.0
5,20,57225,2132,32,0.8360654057511248,0.8116414719905265,1,0.6547271125386318,100.0
5,1,129216,8699,44,0.8661053718169752,0.8897495450744834,0,0.5357737660725429,100.0
3,14,77247,8056,29,0.802963714660883,0.9293737048588326,1,0.8766046344528702,100.0
2,13,74974,8923,53,0.8820876519524461,0.42170992499478455,3,0.8267148846310653,100.0
4,18,67708,1373,40,0.4732895247343607,0.7865117192841872,2,0.8967150324831981,100.0
1,10,91397,317,22,0.9020905997187038,0.9741032739914126,1,0.9696169791732242,100.0
4,14,139538,2761,46,0.6323674522956761,0.7554281928919082,5,0.7928826219260412,100.0
1,5,51508,9085,33,0.7172660054583881,0.5456819005207764,0,0.8933580011766846,88.75860784529364
1,19,38577,7792,50,0.6602676402969316,0.7451624560604886,0,0.599591354189432,100.0
5,8,96712,1274,52,0.6854303226449232,0.7818982366246537,0,0.7051834778875703,100.0
1,4,104233,5349,39,0.5712566110746841,0.5779331099022762,2,0.7650354937478068,100.0
1,19,91316,7513,42,0.5019705464798037,0.37279366538350267,1,0.7706069030020293,100.0
3,1,104894,5858,21,0.4629368398259632,0.7246619072641562,1,0.8591686567235892,100.0
4,5,61718,9254,31,0.6708393034408404,0.8614985603617087,1,0.897970512841062,100.0
3,17,66378,503,46,0.4751565979311632,0.9983035386292411,1,0.833426463397008,100.0
1,18,93098,2031,39,0.5469930835287643,0.45614081487405944,4,0.5236227446743248,100.0
5,8,133951,1757,39,0.48016953137569907,0.7902722819272144,4,0.6756083810606983,100.0
3,20,104017,5097,32,0.46547273894517394,0.3196302401162515,5,0.786219510223818,100.0
3,5,105180,3312,23,0.9294766887086507,0.9788776958234677,0,0.7539347300285593,100.0
2,13,63158,7137,38,0.8044155718052106,0.30879512306706636,4,0.522398483757716,100.0
1,12,100560,5032,25,0.9542554671213507,0.551156473147098,1,0.99031828452644,100.0
5,10,60446,6165,44,0.7864072949397467,0.3534819410833625,1,0.9780527636203253,100.0
3,11,134193,9133,34,0.9063706144203083,0.7346775731256482,4,0.8868808962770812,100.0
3,18,64701,6419,23,0.733179153561784,0.5376498569256165,3,0.5276766198140876,100.0
5,18,70087,5264,26,0.6775780304051349,0.8130607519313222,5,0.7151039177537297,100.0
1,20,53173,8958,32,0.7170864406020383,0.6404646466676365,0,0.7048847763844197,100.0
2,18,92145,9256,31,0.592135296686065,0.5935823914463755,2,0.7790130085623903,100.0
3,12,91094,4364,46,0.7947834345962748,0.5439614443803543,5,0.5279642289329025,100.0
2,13,127831,3463,21,0.938304941002408,0.3602904169102567,0,0.7118283229991886,100.0
4,17,109410,2526,36,0.8694120678926742,0.4433773968754503,0,0.8789196584988223,100.0
1,11,70230,6079,29,0.6772000064423712,0.7473717534919398,0,0.9990039747837443,100.0
4,3,111834,7384,25,0.9723514514961885,0.6477261679771336,5,0.7977216070734767,100.0
4,9,58912,8848,28,0.9912538564708658,0.34906261612389167,5,0.9703061556190031,100.0
4,16,72041,5218,41,0.6958603658381202,0.6807662023478984,4,0.9992692405931485,100.0
1,3,92961,204,53,0.9187839047876688,0.337899863014358,0,0.7173909639583451,93.91251240813055
1,11,61702,9347,40,0.40286215370687495,0.6582088632639918,1,0.8343452157233484,100.0
5,12,116616,4301,42,0.4399933550480041,0.9754730128292224,0,0.6066075607997357,100.0
2,3,146982,6220,33,0.4134336453572668,0.5151411876112815,1,0.737823221880817,100.0
2,9,82636,5140,31,0.8638977984085727,0.8064521970495226,4,0.5392057715018449,100.0
5,2,73707,331,38,0.447867466865941,0.8218864284143825,4,0.5145748892532087,100.0
5,14,86760,6715,50,0.41023032763850714,0.5834016733877978,0,0.9464596675023393,100.0
4,1,76065,1712,53,0.48845126401315575,0.7153045055459369,5,0.9292001658122869,100.0
5,16,96543,840,23,0.5837768747791262,0.6304322634882762,1,0.6560323291288888,100.0
3,5,56939,8390,21,0.6788204091384742,0.49835411379756445,1,0.7284765218550334,100.0
2,7,97962,5616,26,0.4392419708296703,0.8283194666403779,1,0.7468051520661071,100.0
5,2,137798,101,49,0.6993893401305542,0.791978630953884,1,0.7603505616034076,100.0
3,17,39946,3887,31,0.5488368766267602,0.9303842052012614,2,0.567285502252407,100.0
3,0,60783,2346,33,0.5646228970585734,0.7326883257617218,4,0.8875293808503749,100.0
3,15,78873,7686,31,0.8931413509887178,0.5721040988373371,1,0.6739078462776187,100.0
3,6,103547,1590,45,0.9921541456314029,0.7998052906718726,2,0.5158475906149713,100.0
4,2,112259,9610,35,0.6783184175569705,0.7333253606910495,2,0.838280761334924,100.0
3,3,110248,8376,33,0.5930624170926979,0.7316299349604443,4,0.9149387480501272,100.0
4,8,47707,5802,53,0.9588689056957412,0.8948864299197548,3,0.9590633933534243,100.0
4,4,73141,7756,33,0.7002690678797898,0.9373279771228669,0,0.8372026603185598,100.0
3,18,67492,483,44,0.8382121427084328,0.4261691650951811,4,0.5956395085529201,100.0
2,14,88370,279,40,0.6482440185759303,0.5198351569520788,3,0.7948902657200265,100.0
3,7,90457,6560,37,0.5215291465948957,0.7552139906772789,5,0.9558809915806046,100.0
3,5,55769,703,44,0.7929310675405754,0.6900548635967357,0,0.6752800488165809,100.0
3,17,79011,1425,46,0.7989055897220319,0.7566283186496214,0,0.9766753608869705,100.0
2,18,104512,2093,52,0.6761103100473704,0.6031102195290319,0,0.5488395358623946,100.0
1,14,74291,1245,49,0.5619697810485018,0.5887073096012346,2,0.8640263719527725,100.0
1,6,84994,3977,34,0.8990880952376492,0.38235773368181397,1,0.5599555862485335,100.0
4,9,132422,8335,42,0.5651908746313464,0.7365537680731715,0,0.8994376514525779,100.0
4,5,139750,4795,54,0.7954143917600753,0.4230499567954725,1,0.5488278319228859,100.0
2,13,35965,6135,47,0.6303913743356181,0.7697151169465803,0,0.662862520032439,100.0
5,16,92847,6644,48,0.6834884067626377,0.9769505702609866,2,0.8884308571069022,100.0
1,8,162925,5978,42,0.5268415969002832,0.47948897923340683,5,0.7300966353871736,100.0
4,18,101971,850,23,0.7896879672876191,0.3995066137447233,0,0.941343235507193,100.0
1,4,90462,5093,42,0.5354955001715109,0.3169226716966535,4,0.7008689310287128,100.0
2,6,122817,1471,41,0.6914284279645682,0.5651790304417373,3,0.9974790601442753,100.0
2,18,95452,4944,36,0.5970756358878441,0.4502277411998252,0,0.50933739653016,100.0
5,19,107728,3482,29,0.9781634396707729,0.6443015962007552,3,0.8480311030421438,100.0
5,6,84742,7173,33,0.9893326575361284,0.6670142195949254,3,0.957943813929339,100.0
2,1,95087,6585,30,0.8520947844028262,0.5445294210639712,2,0.7679932365062593,100.0
4,15,100665,4853,41,0.9903504969128634,0.8249343555946997,5,0.9942546193638233,100.0
1,12,111638,7749,27,0.4681303856846429,0.9333646694985511,3,0.8540122506354684,100.0
3,7,79206,2519,42,0.9953947924080696,0.4480661684552918,2,0.71476314709504,100.0
5,5,78527,9167,38,0.46213354982250654,0.8854084413842884,5,0.7576886888848202,100.0
3,5,41812,6032,41,0.6492710642074526,0.3918315298287647,0,0.9387347808280072,95.64776846641367
4,8,80321,2048,34,0.5433685420926722,0.4600915291804481,1,0.978791749137077,100.0
5,3,113825,1860,30,0.9723075780431147,0.6929909803636497,2,0.7779431361985775,100.0
3,10,101580,7442,53,0.781473960879485,0.5146070421289273,3,0.653575122793203,100.0
4,4,65081,8936,29,0.7582765202940651,0.32919755341219215,3,0.6196625508005751,100.0
1,16,42403,2463,38,0.998463102932396,0.5064104991968499,0,0.738524104850236,100.0
4,19,86439,3026,33,0.7674556623344524,0.9334091320178319,2,0.648169283327112,100.0
5,6,113094,6635,37,0.7876959285616203,0.4219562133452747,0,0.7104183618631368,100.0
2,14,78027,7414,43,0.42686457957805546,0.8346256158899432,2,0.9172334025327467,100.0
1,14,53876,4013,45,0.9154303612201224,0.8055974042031369,1,0.7359937929397815,100.0
3,13,75262,2323,36,0.9820536590452743,0.37435737124496943,4,0.8204394450280756,100.0
5,12,98153,4633,44,0.9761866903142119,0.5306100752087066,0,0.5450534192863725,100.0
2,10,121060,3173,51,0.5326633657228412,0.43254940239709694,3,0.8810636148508015,100.0
4,12,83582,7196,31,0.5355492063820955,0.3162051268352898,0,0.7414521213114575,100.0
2,8,116372,7025,43,0.619628275127907,0.4211284726651274,2,0.6804712689848471,100.0
5,9,113601,7792,42,0.5861260425505401,0.44110455914361024,0,0.8054947142136171,100.0
5,3,60583,5224,53,0.5833687884384974,0.41618617311309986,1,0.5509928962870279,100.0
2,16,121267,8631,38,0.7631300302810549,0.3637680466061242,2,0.7069993262135805,100.0
4,13,97377,6948,34,0.8833648041021699,0.6684135925549104,5,0.9054862155095718,100.0
2,17,59832,2998,48,0.9620608964047601,0.5258473291919645,3,0.631032026320596,100.0
5,10,134020,5166,31,0.44071628714639943,0.9357745529856836,3,0.9570480680476161,100.0
5,15,86860,5522,44,0.5667870858304691,0.431049427613606,2,0.8018217997249493,100.0
3,0,41413,9798,39,0.553008264065773,0.7220038410675123,5,0.7703918253898117,100.0
3,6,72343,2360,33,0.6144637981443023,0.9304342689859497,1,0.6997855003574894,100.0
1,9,66188,9981,53,0.6546005578687426,0.333032755746118,0,0.8709997224044475,100.0
5,8,72956,3998,39,0.633502883021813,0.6613942296572812,4,0.7822338302501008,100.0
3,2,78870,2880,52,0.9712883256287199,0.6154681687718309,3,0.8982711380898274,100.0
2,13,83565,6497,35,0.6622774336506314,0.9501450256541861,1,0.6658394591023666,100.0
4,14,82624,2920,31,0.7309555426509148,0.7646353410120532,1,0.8510072097534692,100.0
2,1,87562,4623,43,0.849179968291544,0.5444129869664307,1,0.9717213365686841,100.0
4,13,104684,2874,25,0.8350508781919129,0.7980648529557041,0,0.6399593986352853,100.0
3,15,71339,1027,42,0.7497787400167413,0.7078578144996954,1,0.9905008381814939,100.0
1,6,119525,4700,38,0.916499214099514,0.5430189286243632,1,0.7052636267673598,100.0
2,3,59370,9534,27,0.7745087853644967,0.8496740744847717,2,0.5192661738511302,100.0
2,17,105377,8383,53,0.9248553084331597,0.767718831864455,2,0.6788505961652083,100.0
2,4,131081,6769,23,0.5816594503495023,0.30379140883972877,1,0.5748211603212361,100.0
4,5,85566,2461,48,0.47921420614800136,0.9055942242076913,1,0.6521426871460014,100.0
3,6,94836,1962,21,0.8917122739295615,0.5779643175547913,2,0.5479848086702079,100.0
2,14,65800,4710,42,0.6295107447849456,0.7518133204111247,0,0.5891018027533184,100.0
2,0,77205,8464,39,0.7906507429847441,0.5777378246803428,2,0.5633494771213945,100.0
1,3,129191,6223,34,0.842386717881756,0.9169534309637302,2,0.5217381459772286,100.0
1,0,108712,670,23,0.5960262852563494,0.7555848123323112,2,0.6480931863927655,100.0
3,10,100463,1325,39,0.7030980331420235,0.7055703463702028,2,0.9704800122923285,100.0
3,17,41550,7391,53,0.9369559090837024,0.9861853250717834,4,0.9746966357280136,100.0
5,13,72088,2929,41,0.9278759411430831,0.4964483640424557,3,0.9233232482384834,100.0
1,10,133474,2082,21,0.8496142465076587,0.3456780034281371,0,0.5060702612311161,100.0
5,9,100270,5452,46,0.8576437191661015,0.6612073030343011,5,0.5140617347089581,100.0
4,16,103389,2029,30,0.9386106694487992,0.5968124836711577,0,0.5051787156854106,100.0
5,3,94263,6635,33,0.8417994323739497,0.6180030343539316,1,0.6833200427530721,100.0
2,14,74675,825,26,0.6037512155820972,0.734073386800014,4,0.9901289807435605,100.0
5,15,98313,4787,26,0.4724696077840112,0.7305851456226875,1,0.9484189074290591,100.0
3,20,51744,4744,36,0.6531304599848424,0.5745850053320717,0,0.625267530057092,100.0
4,12,49863,3639,28,0.4524060495122058,0.9040139167737882,0,0.7050974329294629,100.0
2,8,71618,2763,23,0.46946246619447307,0.7560209566410159,5,0.9122141820432633,100.0
5,10,94804,6515,25,0.9701032557019418,0.9229381753760675,5,0.8792917559355535,100.0
4,10,50758,4695,41,0.8055321763614939,0.939207733571712,1,0.5663090183674642,100.0
4,5,93176,211,51,0.9109652202821795,0.417118453102598,3,0.5538884372648383,100.0
2,0,65136,1014,34,0.7857395159640944,0.7763933117237422,1,0.7718602642064385,99.41989909838237
5,5,68504,1322,39,0.6511240170400427,0.5222583046863499,3,0.5510559092399353,100.0
4,12,122489,2035,40,0.4150952694769497,0.8855003381839353,3,0.9125093362603597,100.0
4,4,90932,3143,22,0.9735022221850225,0.8129961057588535,2,0.62666329485539,100.0
1,14,67404,4231,27,0.44255948323154876,0.43912338126809713,0,0.5941648792961324,100.0
4,17,94670,6202,53,0.7660978396118996,0.9571115365522542,2,0.5928357433671614,100.0
1,19,53259,3681,26,0.46132192703830927,0.7784353048946964,0,0.5226157626505785,100.0
5,13,99558,4951,27,0.5704886071537411,0.964043172266307,2,0.8209174098254455,100.0
5,14,117682,9998,38,0.5114904743792769,0.44133782053538595,3,0.5822480140194102,100.0
5,4,106543,1614,49,0.732230149095326,0.9087935660790438,2,0.6166689888636272,100.0
3,3,143942,1912,39,0.9322452070732601,0.7676509742909448,4,0.8756530182476832,100.0
5,1,41540,4598,45,0.7813733846786297,0.6866006156478522,2,0.5287406277063618,100.0
4,6,93174,8170,24,0.7985128117037563,0.8743590299027271,5,0.6013725563359373,100.0
2,9,56412,2359,33,0.9453588977279815,0.7430047207919968,5,0.5746742601524677,100.0
1,15,85669,5069,52,0.8496551367826632,0.7687201123864733,2,0.5024245066047779,100.0
3,9,90038,7938,47,0.9195735018304196,0.4775694089792636,2,0.7696710742553601,100.0
5,17,146996,7130,54,0.6498352551159192,0.871937582041904,4,0.5950169994467316,100.0
5,16,88505,4374,48,0.919213802663272,0.7552118916291202,0,0.8164532518928507,100.0
2,20,88039,4729,29,0.7875168331395067,0.8910724250905608,2,0.7508897822318605,100.0
2,12,115128,6253,28,0.4813646696448029,0.5460688758803686,0,0.8339390263749373,100.0
3,0,88679,8091,41,0.42322750502023965,0.532197085684006,5,0.9907821696463699,100.0
1,0,135778,9020,50,0.5464206482114706,0.31673207521892494,1,0.6099370253145515,100.0
5,14,106742,2687,49,0.6270097892960147,0.8380237287561605,3,0.8329385724630204,100.0
3,0,110712,557,29,0.902540719648514,0.5312200709642261,1,0.9168054361839548,100.0
4,5,43310,8560,33,0.844746734215178,0.5290486167940789,4,0.9786931139400415,100.0
4,12,139630,3371,38,0.9732254366841505,0.7820791608323387,4,0.8111671679908206,100.0
3,0,73588,1934,42,0.7355048792479035,0.477008283740956,0,0.5654170105038773,93.18777629218417
5,4,89756,5253,51,0.8486449909647967,0.9363143406193952,0,0.5269239529549555,100.0
3,8,73682,4657,30,0.5651700311455748,0.6766461938786517,2,0.639256569462235,100.0
5,16,64393,6691,29,0.8077467357371844,0.978634065231754,1,0.9640786512059207,100.0
2,15,59945,2711,51,0.8236907215217717,0.35366819121261794,0,0.7684659146419053,100.0
3,7,92581,431,44,0.9090491970517367,0.535777757351992,5,0.7896527693174291,100.0
5,16,40752,345,28,0.7218421065250502,0.5670292403900771,0,0.8053012642332898,100.0
3,14,83929,9728,40,0.7894030885571062,0.8112945040564059,5,0.6661076251034412,100.0
3,0,116444,66,37,0.5218292860629393,0.4490735805514296,0,0.5907954430829281,100.0
5,11,105798,3960,48,0.8420554540758709,0.5627420973677997,3,0.9771208465813581,100.0
5,4,100810,7065,26,0.9030470335840811,0.9374497807703142,0,0.8776925365114041,100.0
1,5,67615,3157,53,0.7562426477118498,0.38018561858232025,3,0.7555250611394712,94.12266816845992
3,0,50347,3547,48,0.46940467742451897,0.821726800461066,4,0.688352584821065,91.95179519719186
4,0,116044,6438,21,0.5877144137871658,0.7917395781392285,2,0.741386137871771,100.0
3,9,78776,731,44,0.6853087906067741,0.3913535536158763,1,0.5168325982505413,100.0
3,9,87923,395,26,0.8062974348417005,0.7819434811580028,0,0.6237467535325593,100.0
5,2,85060,2827,27,0.5921962647191352,0.6988486525162367,3,0.6253530028905956,100.0
3,16,106809,7436,29,0.9041746308034685,0.5012656360008594,0,0.7226736700117005,100.0
3,18,136082,7125,36,0.6230738748192421,0.5177988365367869,0,0.6181346047820129,100.0
4,10,126559,269,54,0.4257018087681765,0.8830945927350335,3,0.5927285790420684,100.0
5,17,31694,4498,40,0.876396650001901,0.4617104903863552,0,0.8827638787203389,100.0
3,1,82286,8801,43,0.7865339017066247,0.6589463705993721,1,0.946752707744409,100.0
2,8,56331,7546,43,0.8811738968384186,0.7768048161122377,5,0.5335699797724102,100.0
1,16,113460,3265,24,0.6093338879601361,0.3909311860357979,5,0.6048269085134919,100.0
4,13,90099,9241,30,0.4105781152915875,0.9526477098514201,5,0.8868434027697447,100.0
3,3,105153,4058,31,0.44425175419469676,0.48244402051986984,5,0.9079173948179091,100.0
2,16,80146,8957,29,0.46708046842049633,0.5231844461022527,4,0.7500800510415655,100.0
3,16,64015,3167,32,0.8830885468934211,0.7662810166764802,2,0.8474414035359749,100.0
3,11,68292,486,37,0.5808608526160944,0.35473415299529343,0,0.5388001534949736,100.0
5,19,51674,5293,52,0.9987391056534777,0.7393288829430316,3,0.9247643647440924,100.0
5,17,58409,9801,43,0.8550330378981312,0.9412209721300253,1,0.9163643782094539,100.0
5,2,53142,2369,35,0.7606929718541391,0.4743633887109973,0,0.8467010235333533,100.0
2,10,64107,7415,48,0.9901716471978549,0.5533354087492219,4,0.9581634867551475,100.0
3,17,62693,8034,25,0.5897855129899108,0.4626337702648804,4,0.5238171317244092,100.0
1,3,99852,1271,38,0.49936934147270273,0.8731381242390537,3,0.6154817522639038,100.0
4,16,98871,6333,41,0.8423637817907892,0.41732547645312645,0,0.6812726805282672,100.0
5,17,99825,5947,35,0.566850027273785,0.5426397648050998,5,0.579294437041311,100.0
5,4,119374,1592,23,0.9766221568400544,0.7207152749975956,0,0.9074138306747394,100.0
3,13,88041,1508,46,0.9928415873501025,0.5831881028661994,0,0.8785966115088675,100.0
3,9,70479,8950,35,0.9558426370152122,0.34582852015495463,4,0.8866262172321523,100.0
2,14,145285,8732,40,0.9668570577457268,0.9634044673305648,0,0.6456467363540791,100.0
2,0,112641,2219,41,0.769392890449816,0.5365303092309964,5,0.8813431545344397,100.0
5,15,93807,4073,46,0.815271189741178,0.6119558489353445,0,0.5615286971317675,100.0
3,10,92071,7238,43,0.45654769466361667,0.417281734642356,0,0.5534002424063729,100.0
1,19,97241,9310,45,0.8578300958372134,0.9057451673321462,0,0.7920286834244634,100.0
4,5,84947,5676,24,0.5212380178461367,0.5040001515052281,5,0.5243343293809,100.0
3,15,93205,8691,30,0.9041956358226296,0.3138761303796236,5,0.9693252968037354,100.0
3,1,102484,8206,42,0.9769190923666008,0.521481807811542,3,0.6644232027685035,100.0
2,0,71836,8277,23,0.527426577499284,0.9888417791730273,4,0.7385163034909423,100.0
4,8,49147,5382,39,0.4468186705633728,0.4027900109704966,2,0.9066146180866417,100.0
5,11,38108,6160,51,0.6903340835607339,0.3218417415919692,3,0.7000264322205157,100.0
3,16,112197,482,29,0.8749296231689855,0.7047229131602879,5,0.7153226643594276,100.0
5,14,50426,9583,49,0.8623841019661138,0.5601665825272557,0,0.673971985098829,100.0
3,18,101633,847,27,0.8180911033939505,0.856482709447316,2,0.6758617215304866,100.0
5,9,61141,8804,44,0.8924175941408448,0.8123214347011076,1,0.7339776569175095,100.0
4,11,61543,1196,28,0.5049930115570916,0.42979331966987855,2,0.9729642761857289,100.0
2,13,72045,6471,54,0.7911626547315675,0.6952426136085699,3,0.9680090602943825,100.0
4,8,94853,1491,46,0.7634075895385899,0.3227052052192594,4,0.7725808306544497,100.0
1,12,57785,7709,48,0.49205903425581593,0.6076347596941338,3,0.7279798989975244,100.0
2,2,74576,7342,48,0.6486562423831286,0.7998372553778502,4,0.9040805762843015,100.0
4,20,89357,241,27,0.9115178315857285,0.590471154461439,4,0.8404645784683074,100.0
1,13,59743,337,23,0.9830810824288959,0.3825679034741126,5,0.9407817010605705,100.0
3,20,125705,6391,42,0.799258106546411,0.34307351089254784,4,0.8653059206443381,100.0
3,9,46936,5249,38,0.9531646251917466,0.8975616148468237,1,0.9761721609153262,100.0
5,15,84545,959,32,0.47922953835005044,0.9239288719643792,2,0.9431228703184815,100.0
2,6,121813,7048,51,0.9850363153857683,0.5401647368524598,3,0.9276245890848368,100.0
3,3,56888,8058,25,0.4201038995084281,0.414920627241527,3,0.6957740649085051,100.0
2,19,87259,2307,49,0.7163555640826609,0.9850313491869547,4,0.6931061683444573,100.0
3,10,93321,1317,34,0.5746049976824915,0.6821046625208473,5,0.8706014199211037,100.0
5,15,69830,8399,38,0.8883454640708857,0.6336585306010771,1,0.5418745031238892,100.0
4,19,88062,2789,27,0.5305261792585064,0.8191254231752954,1,0.6611072273155456,100.0
5,3,104036,7328,43,0.4069180220398833,0.41820853759495313,0,0.9661119189202856,100.0
1,16,78321,3346,53,0.6487656755417159,0.7059928063827376,1,0.725050612899377,100.0
3,12,109108,5345,36,0.4384647985998669,0.9231136494853123,4,0.6349491245870694,100.0
1,10,99818,9540,45,0.5740555415126495,0.316147940156501,4,0.7382261009086712,100.0
1,2,75427,9893,29,0.786248615000019,0.771057794796469,2,0.6442948053824169,100.0
2,8,118186,8417,48,0.5768219059699395,0.6859967690259838,4,0.884130446062702,100.0
3,5,71476,7512,29,0.5474759363927396,0.9655605491321158,2,0.9253025434571931,100.0
1,20,111397,7536,32,0.4932973978422038,0.4810889569455497,1,0.8913291236475556,100.0
4,10,71924,1659,38,0.48110336445071106,0.901224149348461,0,0.5745235283779857,100.0
1,15,82098,2872,47,0.7155144239088516,0.5162899913182994,5,0.6680285828311683,100.0
4,18,85933,8811,46,0.8089042137660829,0.6009045032440354,3,0.6069855099965573,100.0
2,4,98464,927,46,0.6716399234413813,0.4493012953351465,4,0.5213995594032925,100.0
1,13,30000,8363,30,0.4741618594287103,0.9045137110498565,1,0.8695877123377993,100.0
5,16,101450,4147,37,0.7886537797129158,0.4367867624575269,4,0.7141797907114518,100.0
2,2,87438,7357,52,0.7342731389929829,0.9013090952851819,2,0.6383115443239904,100.0
4,3,97143,5459,44,0.6287652731592682,0.6189293677993832,1,0.6537637540957943,100.0
2,15,102562,5692,28,0.5980281262756082,0.8845598456717745,3,0.5675082318553848,100.0
1,15,99845,2821,50,0.5098917346900852,0.4851419913769055,2,0.913380316711455,100.0
3,20,39815,3431,46,0.48777967529887417,0.39291109895984455,1,0.5719622429193447,100.0
3,3,63474,4225,44,0.6032630166812196,0.6884728854719313,5,0.6691581436987761,100.0
4,18,98320,9300,47,0.42497867446207316,0.6566059469390015,5,0.5036939671687218,100.0
4,16,94992,2731,35,0.6619764476807843,0.5496251646024728,3,0.7182057651240324,100.0
3,12,70261,8324,48,0.7609443575709616,0.76397499297689,5,0.6774002848814444,100.0
4,0,108440,3263,31,0.9649925651757344,0.3665999801302581,2,0.859551003484927,100.0
2,11,83589,798,22,0.7754968859666422,0.7354007524405906,3,0.8576568158737479,100.0
5,3,112143,266,29,0.7744456281135399,0.44822926545016584,1,0.5193156159730214,100.0
5,10,120250,4035,43,0.6246488833621634,0.39026818921490797,2,0.5579319607439507,100.0
2,4,96957,5966,53,0.47999029376863056,0.9367257260877491,5,0.9523130033172688,100.0
5,1,103888,6751,39,0.6681625919535054,0.6218570328076842,0,0.8958991653918131,100.0
1,16,74788,3664,33,0.7592057914405084,0.834391810111617,4,0.6947424461178374,100.0
2,7,112305,7670,34,0.8344201579934825,0.362381849913962,5,0.5831872418715882,100.0
4,5,95453,3261,52,0.8956520643372585,0.3402254146042583,0,0.6303906434127582,100.0
2,20,82632,5278,42,0.553556855240873,0.6463965490447454,3,0.829013341744137,100.0
3,8,59529,7186,40,0.5447320451367325,0.5208858060815915,1,0.972746493085711,100.0
4,12,77863,7572,53,0.7391799178627109,0.3034351047566378,4,0.8078690415206888,100.0
3,10,62263,8809,25,0.7396091098806576,0.42830625142920686,1,0.5132228009242161,100.0
4,15,109037,4436,40,0.5307686780216646,0.45314286084332056,3,0.8253590635603503,100.0
5,15,120510,3937,34,0.7524851862107639,0.5019544481717657,1,0.9723758214507241,100.0
2,1,112906,5336,47,0.607527309984637,0.9142749039303457,2,0.6793205060766727,100.0
1,9,152150,2162,46,0.7835889513271798,0.5944217717923781,2,0.9667778394924582,100.0
4,11,78489,8748,52,0.574626828203321,0.7756026733339607,5,0.8353099126083483,100.0
4,7,104914,7898,50,0.7553750752429459,0.31287726486307305,5,0.5949177413189021,100.0
3,10,60466,5484,47,0.8609860247421538,0.8697479745180074,5,0.5726527935530121,100.0
5,9,85068,9884,46,0.9880952654211628,0.4682302609374921,5,0.5881497993456497,100.0
3,12,53066,498,38,0.9466408338830543,0.5163275302373043,3,0.8496122872654205,100.0
3,16,104204,1832,43,0.7021232483964714,0.331679502390927,1,0.794760643144691,100.0
5,6,81112,7770,44,0.6930094499905708,0.5867850341815308,5,0.7277717854982564,100.0
1,2,38635,5632,24,0.6626200035614493,0.8968037409180314,3,0.6316773641910396,93.69891692024201
3,19,72874,3131,23,0.4166503587931831,0.5651139806842024,4,0.9536156039955659,100.0
3,12,134827,3784,50,0.499572698491757,0.9360236895294747,5,0.6068717476164737,100.0
4,18,100260,6456,36,0.4355134529824335,0.9072133222348773,1,0.6418031089279945,100.0
5,6,109227,3462,27,0.8178130508651925,0.3433726600960282,2,0.5274590733267812,100.0
2,8,93138,8851,42,0.6479407901308993,0.5136903606472688,0,0.6376626519403743,100.0
1,18,85461,8849,51,0.43826192683924575,0.9372921152622224,2,0.9614488383577021,100.0
1,12,90389,5491,33,0.8143450465923221,0.32086625973226884,1,0.5938020116277499,100.0
5,7,96135,8582,49,0.7866615176967664,0.8360657992261316,1,0.6019814373088577,100.0
4,17,62583,7843,48,0.8319776984142984,0.9344995854058868,1,0.7999886982283955,100.0
4,1,109076,7127,39,0.7599004706569414,0.8393439788350787,1,0.7834767452637181,100.0
5,17,118045,9401,43,0.4969237359683705,0.8206700219041354,5,0.5879792768153828,100.0
4,17,85085,4897,28,0.4368353786453013,0.8903490429320049,4,0.5771324344646507,100.0
1,10,76923,3000,45,0.8902845821362224,0.7660526927224078,0,0.5584884816839896,100.0
1,0,71452,9309,46,0.5294853993795197,0.59616733214808,5,0.9305427407561423,100.0
2,13,133980,3457,23,0.7255175442845098,0.34392888593453863,2,0.827217610501934,100.0
5,15,78693,231,22,0.6911302088393123,0.8515772115101121,4,0.9767228359271165,100.0
3,10,106332,7628,25,0.9526315242619086,0.9336775473286241,3,0.582916759752546,100.0
3,0,85260,9641,40,0.7314638565125791,0.6581105230872402,1,0.7303018129408501,100.0
2,6,83909,6598,32,0.7480101312322904,0.672757332119053,2,0.8715231973260253,100.0
2,15,70881,627,36,0.5917030202294876,0.5823008889022474,3,0.6067741606224503,100.0
4,13,65742,2580,49,0.9752168210611968,0.8998178275837012,0,0.8423383716313247,100.0
2,14,108498,6319,41,0.7674242894435408,0.31036231277450604,2,0.7369016783797325,100.0
2,13,65176,2765,41,0.4029882301547549,0.7371839847306296,4,0.7154144008324873,100.0
3,20,101562,2800,48,0.733649358240978,0.9351891684311164,5,0.8224988222697576,100.0
4,10,92264,7836,26,0.6183192329831207,0.37225562787258715,3,0.7338472275263461,100.0
2,15,108815,3319,40,0.41926732257929933,0.9714151761785914,2,0.910006499601091,100.0
2,18,74751,7162,33,0.6589298713042506,0.9773747148245797,5,0.9652606837336073,100.0
4,16,117003,4064,31,0.8641398930271779,0.9508522756093079,5,0.7944293657219959,100.0
5,5,86470,7066,44,0.7022736747738174,0.6237822671803457,5,0.6502972505509703,100.0
4,10,154792,7434,39,0.7836754516839968,0.5680790021226081,4,0.8886110920348275,100.0
3,16,49645,7691,43,0.7838448794321902,0.794163415565426,1,0.5852448728732839,100.0
5,8,150723,6518,51,0.8026115814900561,0.5230831525608641,2,0.5474954141352094,100.0
1,17,86840,234,23,0.6325577167411452,0.3478409071667727,5,0.7593657575269468,100.0
4,16,95570,7149,54,0.622002903434107,0.9309955143534219,1,0.8233679168692442,100.0
3,11,74892,8146,49,0.4027507188071652,0.7443992419522281,5,0.9174989852836475,100.0
5,4,50777,3360,23,0.49253347631735267,0.4450081488038875,3,0.9776062025945362,100.0
4,10,76790,3837,35,0.9704861276689309,0.31288599294379904,3,0.9366690429304927,100.0
2,3,80857,1413,27,0.9054500294729259,0.8064611768519154,3,0.9943497867730815,100.0
4,3,94570,4222,23,0.5650650624339418,0.8969599459350768,1,0.7378499996622798,100.0
1,2,118028,419,36,0.64071516935547,0.5839533029538289,1,0.6582688091589395,96.04085072659218
4,16,94768,1926,54,0.9639527940307798,0.35662874759720153,5,0.7298531393348072,100.0
5,6,95203,4077,40,0.5502666877321463,0.7540348663902449,4,0.8220652501204406,100.0
5,3,99609,2869,53,0.7195197815733579,0.507850336564429,2,0.7536283047702246,100.0
4,12,46126,7082,34,0.41324787043324274,0.4007627074651938,4,0.8170599109325916,100.0
5,11,48436,2061,31,0.771840901811684,0.657277588644364,1,0.9433613120919196,100.0
2,0,52575,3711,40,0.958044158904637,0.6372906074245805,2,0.5829059331460456,90.69686975076662
4,20,80668,8224,50,0.9308460309040133,0.6617392863541519,3,0.5601320077246447,100.0
2,18,43207,2978,48,0.70118153237652,0.8767526264914394,4,0.7492594064597545,100.0
2,20,72755,8946,35,0.7897851833662995,0.6391821177343799,4,0.990884058798364,100.0
3,19,55793,611,33,0.7418789164079713,0.9303784058221041,4,0.5295217506009012,100.0
4,17,102192,7944,44,0.4401845464925053,0.889267433735516,1,0.9932786524938662,100.0
5,10,100941,5284,21,0.4952340921260475,0.7557811644982414,2,0.983853307352397,100.0
2,19,82483,1852,44,0.9782903888618558,0.33979630032371416,3,0.6462997570728115,100.0
3,2,42500,2672,47,0.553581218123004,0.9054610726239847,1,0.9455018981566128,100.0
4,16,84071,8684,38,0.6306695296578396,0.9339004206127186,3,0.5038792918427182,100.0
4,11,98215,4046,46,0.7053665847727043,0.5625329941572049,0,0.7270305730153781,100.0
1,9,110268,2649,49,0.9874792776360048,0.6683062317596258,0,0.7010617456186434,100.0
1,7,133835,5536,28,0.8139961037378659,0.496714469446969,3,0.9513290033897491,100.0
2,14,117962,5378,46,0.7777590986382192,0.31030143380517433,0,0.7361480879597229,100.0
1,4,94119,7153,25,0.7146399834645156,0.6356157429233915,2,0.7089693767444483,100.0
2,3,82868,6113,53,0.8204046487567342,0.39055128136434186,2,0.8197973051866184,100.0
5,20,71426,3835,25,0.798409534317008,0.4283272971586078,1,0.6878995942779991,100.0
2,19,123891,9884,33,0.9417045353565893,0.6364975681355831,3,0.7682797838847508,100.0
1,18,94164,5680,37,0.7251011832187736,0.9069268386860154,1,0.9777832875848838,100.0
5,20,105763,4806,33,0.6529015529142939,0.8912428702279978,2,0.6013086544042121,100.0
1,3,75244,3618,45,0.8842972168383227,0.9755478950010237,2,0.7294563993205851,100.0
2,14,58977,6888,22,0.879870000812091,0.6378764329664065,2,0.5076886671735076,100.0
3,16,79991,1028,44,0.5019018628072525,0.6864062368001236,4,0.9211185407872357,100.0
4,11,82426,5359,45,0.5420751987138734,0.875481364017006,0,0.5460086805525446,100.0
1,2,94794,4770,54,0.9751829567798235,0.7897713872797707,1,0.5473811724888658,100.0
2,9,71564,1321,32,0.6664657230294309,0.42797547483163745,1,0.941419689059454,100.0
5,14,90624,9620,39,0.7117964179187137,0.5787223264629693,2,0.7046480142630023,100.0
1,9,119442,2510,50,0.5860960747478858,0.9504115044535428,4,0.8436477236421525,100.0
1,17,48175,2677,21,0.6886426137384121,0.4022890003049479,1,0.9289231851130276,100.0
4,0,37077,6044,23,0.8460139643173936,0.44654946181848026,5,0.6872387772628059,100.0
2,2,121147,9588,46,0.6894070584782052,0.5804620293447406,1,0.6307737279014332,100.0
3,20,53409,5240,35,0.5888708079751992,0.9579118929362724,4,0.5847589966976707,100.0
5,11,80498,9346,48,0.45760060263662594,0.3796726991321427,2,0.8035597065008395,100.0
2,0,105211,4844,24,0.9569569123225546,0.7710596566851429,4,0.6261362256584168,100.0
5,2,88519,1556,39,0.9229946936811374,0.392485766738446,0,0.8171439929106807,100.0
1,2,88167,2155,44,0.8748189660098333,0.6671507249086508,1,0.6585710827057729,100.0
4,4,91809,2173,26,0.8164425783055391,0.6755944592680928,0,0.6738883946375005,100.0
4,18,152967,3022,36,0.7093059306703501,0.32983827457393616,1,0.6245571996352786,100.0
3,0,134515,4454,52,0.9384380716734702,0.9678824535401009,0,0.7092341034720249,100.0
4,3,72656,3433,50,0.8750209076782299,0.8646358411650961,1,0.5810649610433589,100.0
1,3,116272,7189,28,0.8896065050946775,0.5119979410683791,5,0.6598533137612048,100.0
3,16,102637,3569,25,0.5857302837996798,0.3914370042668147,2,0.8889400876624656,100.0
2,13,89512,9758,32,0.6540749640414389,0.541938699116834,5,0.6078094458145542,100.0
4,17,67303,2696,45,0.8240813584739551,0.9259935823709635,3,0.9735566088282205,100.0
3,0,101284,2342,53,0.6226373819246522,0.39287851779030997,4,0.7464608897468068,100.0
1,15,82348,6076,44,0.6963847919652886,0.5445219688273432,1,0.553460023217381,100.0
5,2,80510,1666,31,0.7879077806230741,0.6460130972653804,4,0.9715306059956292,100.0
5,20,70823,6789,21,0.6626550409505687,0.32301902175065944,1,0.7283391326970863,100.0
1,8,114995,6048,28,0.875823764297734,0.4876235988559111,3,0.7784825962166219,100.0
1,3,70806,8746,43,0.469767303330709,0.7169437254974025,2,0.5925973872862589,100.0
5,20,70958,8593,40,0.8308339058692105,0.5267752068510966,2,0.6666544939391936,100.0
3,4,109448,5299,52,0.48712603636676677,0.9093678082472814,4,0.8518190177005072,100.0
5,10,86391,6230,31,0.9627037929571156,0.9557357931034507,5,0.561984697756079,100.0
1,20,87064,306,27,0.5884226084169752,0.6090800058148066,3,0.7852294246713697,100.0
4,8,115822,6483,50,0.8772594166236827,0.6724143327913555,4,0.8467613831020739,100.0
2,2,122842,1096,33,0.7128501868652056,0.7415657878177069,2,0.5009183201294092,100.0
4,5,36803,6369,23,0.4546522399527245,0.7651744762663528,0,0.9187882155930777,100.0
4,10,86780,5204,27,0.7495521126346598,0.3442805610803392,4,0.5281666479622354,100.0
1,8,54743,5815,33,0.947306642129542,0.33757560118631164,1,0.6234600956017826,96.27200548845704
5,14,80330,6732,45,0.49434064266274236,0.9059113719734277,2,0.9817724491448585,100.0
3,2,89831,9318,43,0.592784169616499,0.45391043275488213,1,0.5405203981722986,100.0
4,0,81128,9278,53,0.6634952025746441,0.7088738520606657,3,0.9129702797482334,100.0
5,19,64368,505,25,0.5650318380043923,0.737270270159526,5,0.8259991448249575,100.0
3,18,63099,3005,52,0.9662676848418166,0.41512499418016846,5,0.7991893116624984,100.0
4,13,108198,103,50,0.6265001588850794,0.8331176387387549,2,0.7908412205962632,100.0
3,16,128370,4334,51,0.7948372350914072,0.9061619328083697,2,0.583229299189951,100.0
5,13,38488,6403,33,0.5343500586220395,0.4997643769223885,5,0.8344110030469465,100.0
2,16,81809,5520,25,0.531823562488989,0.914488126646406,4,0.9758158718799987,100.0
5,13,108299,730,43,0.5055096013623634,0.35672601813519517,5,0.5385172527138724,100.0
1,11,89184,5085,21,0.6608873581160339,0.8603247483450658,5,0.6662062654917171,100.0
3,15,62157,6335,30,0.7197149213740324,0.7480778126605854,4,0.73612584750895,100.0
2,0,78055,5109,47,0.4064488994509491,0.708177552569722,1,0.6161455881845616,95.50707452391077
3,12,97553,4036,28,0.8997540565678688,0.4610929213774637,4,0.8704456204089667,100.0
3,5,82320,5067,23,0.7076523355186592,0.5532892619459895,0,0.844311421625455,100.0
4,16,88800,6820,39,0.49432595404985924,0.9372130689891465,2,0.5588885590164346,100.0
1,11,89520,1116,22,0.4403759875017933,0.6260187604980254,5,0.7847312038271937,100.0
3,18,76892,5315,51,0.43791957827759687,0.7160660590539567,3,0.6844364883511489,100.0
5,5,110414,7744,30,0.5545860921151174,0.9550960729572153,2,0.6141909841869642,100.0
5,6,78062,6684,36,0.6995752887825873,0.6265419082262694,5,0.9241468250685619,100.0
4,0,64863,9573,40,0.916143721601799,0.5717884668753861,1,0.5273370027980973,100.0
1,0,145740,8624,23,0.9417792561345422,0.9252414777336846,5,0.733695139290795,100.0
1,4,88055,2015,54,0.8993967519876424,0.9376215681539277,4,0.7376557812329565,100.0
5,5,30000,5271,41,0.5971380808724343,0.548246781511392,2,0.7850611986787581,100.0
2,15,121368,773,52,0.5839346510236596,0.7143927777851449,4,0.5987970982470074,100.0
4,15,121288,9099,38,0.9924750070929986,0.9746094409832666,5,0.9356005378723559,100.0
4,13,101429,9154,54,0.8087683779924753,0.3388294865975774,1,0.9826513318486425,100.0
5,0,105790,5701,23,0.582971164754525,0.32786169366440865,4,0.7744774460024386,100.0
5,12,143993,7069,23,0.5974480913948821,0.6616063562082866,3,0.6280626806513225,100.0
2,19,65929,4489,47,0.6607866635864181,0.5038681005386119,5,0.9384132169715413,100.0
2,9,93331,4208,22,0.7730840186949024,0.7072949194539051,1,0.9940864496141402,100.0
1,9,139242,9101,23,0.9387874959830074,0.8070067470535163,2,0.8709397408735886,100.0
4,8,144539,4033,37,0.5189842718178456,0.34835203626468064,2,0.6668522367798733,100.0
4,12,80847,4215,39,0.4506420386106776,0.9176572330615365,3,0.6180101465862495,100.0
5,2,140253,3651,39,0.6434512743725396,0.49382090086586916,0,0.5783095164847798,100.0
1,17,110065,3553,25,0.5472732895663459,0.5669432375261358,4,0.6174695227525484,100.0
4,19,127380,5601,25,0.745619604063462,0.5359257263748352,5,0.6136748864148914,100.0
1,1,109245,7253,34,0.8195289022884529,0.8878844006624391,2,0.9837094337743666,100.0
1,16,97636,6126,47,0.5864415722304579,0.41945654011347056,5,0.821619197689123,100.0
5,18,145234,6343,41,0.8112707733171931,0.3200712528181531,3,0.5834877352973659,100.0
1,12,76784,771,25,0.605888352914684,0.9802611282034603,4,0.7440206297001837,100.0
2,12,137557,2417,44,0.7809808837997573,0.9864427326547729,1,0.5923179081366101,100.0
2,0,141517,895,44,0.77983648404844,0.48038498091613,5,0.8030084005684988,100.0
3,1,124076,6232,33,0.5668958220529863,0.3065468445729787,3,0.6707031020986096,100.0
5,0,88206,2653,21,0.7814336510261222,0.7521419715353335,1,0.5977963355332945,100.0
3,4,96110,9437,30,0.6285730574341934,0.7539242979353387,1,0.62139549401332,100.0
2,2,58129,5120,22,0.6018729666163991,0.9582497001260042,1,0.8375493440876335,95.0634344394493
3,6,78685,1478,36,0.5735726482398956,0.5089293575197922,4,0.7040178394947578,100.0
5,12,105517,6302,36,0.6073871560805734,0.43265292452754117,0,0.7565794916599977,100.0
5,17,54332,8211,43,0.8720469352366887,0.7314676430281404,5,0.9106694493640276,100.0
1,20,82552,5671,46,0.5471072885035103,0.6945697458909006,1,0.8277107013154554,100.0
4,6,138620,8993,36,0.8091924430877859,0.8024157555946314,2,0.7312067810573133,100.0
1,0,86140,6073,47,0.9403723509885401,0.9195891823033118,4,0.9770284025454494,100.0
5,4,115840,7025,50,0.6102573646207373,0.6918216312359926,4,0.6072525482201536,100.0
2,16,104162,9864,53,0.41770723869694026,0.40505268185565424,1,0.6444959962622583,100.0
2,7,82307,6333,52,0.4147636174749941,0.71869026035315,2,0.9557157253755602,100.0
1,14,86123,8945,29,0.4837017330101826,0.5618710972018806,3,0.9266126210957596,100.0
5,19,94171,2438,31,0.46602690585919937,0.6169145200263724,4,0.5650287009631284,100.0
2,3,38724,9318,26,0.8488511499228599,0.9716390736224161,1,0.9649735552726715,100.0
5,1,113674,7118,50,0.5769104301444236,0.6884629379697763,5,0.5050843622098444,100.0
2,4,87040,1364,35,0.7915058641604106,0.4047530112152597,1,0.9112104392239337,100.0
5,0,114547,5837,50,0.42547326143521824,0.6102110249871612,5,0.6394012094059005,100.0
3,4,99705,2490,38,0.5774441656468856,0.45990135183131403,5,0.5943284985895952,100.0
5,5,85936,1196,32,0.5404877408063683,0.394837746033051,0,0.7243548150949236,100.0
5,1,94938,6919,24,0.5661283062114177,0.798563878634523,0,0.9485414461019779,100.0
1,0,95022,4097,36,0.5144306614802797,0.7399983483972299,3,0.8929489364624299,100.0
3,3,126904,6238,43,0.770749612661392,0.6484522065624332,3,0.983534417013469,100.0
4,6,91566,2841,31,0.7976037217940002,0.5962668070535924,5,0.7704994164948715,100.0
1,0,97204,3671,44,0.4890792942899562,0.5255524115746146,3,0.7552799730417805,100.0
4,0,58452,1758,42,0.8446875907688547,0.36160609855295156,3,0.5065159958119949,100.0
2,7,88823,7944,35,0.5500272857551773,0.5094887532711354,1,0.590303791450765,100.0
4,19,126357,9316,35,0.5697535014997392,0.8868762360732501,1,0.7488101478595921,100.0
5,15,100720,7562,30,0.8972850033061734,0.8485727762111184,1,0.8762835226607275,100.0
4,20,62974,3274,48,0.9406995491627153,0.9806224067588689,2,0.9113012890103884,100.0
1,12,65654,5382,37,0.894853788081054,0.7592469784917271,5,0.6416331704584073,100.0
1,17,71462,5784,42,0.4886576922105575,0.687547830297875,3,0.8562286211622165,100.0
4,19,114990,5373,43,0.9995605810579118,0.507231138270009,2,0.914264720225056,100.0
1,9,111913,7901,49,0.803293248869421,0.3538021697594921,4,0.6874022071623491,100.0
1,11,30000,6860,42,0.7064011729244224,0.7326128369403271,5,0.847777931354412,100.0
4,0,87965,1073,31,0.9729048446520614,0.6417135341730404,4,0.7186405686792656,100.0
3,9,93690,6669,49,0.8904282372559561,0.8313521593783275,1,0.9928261236860805,100.0
3,8,65946,3758,52,0.815045823777242,0.5883005498909453,4,0.5033337725756352,100.0
2,2,80238,4555,34,0.9030383490892799,0.989885950505059,1,0.7071725198197194,100.0
1,18,123274,2742,38,0.6312799499667557,0.5783284384044036,5,0.6318582014397882,100.0
4,8,100221,1882,54,0.8106630672641282,0.5331501444381065,5,0.9248682766108083,100.0
1,9,77510,4730,43,0.5143480112378609,0.9096904637254062,3,0.6435629165614862,100.0
5,18,85317,1979,52,0.9928003811602613,0.5768544961132546,2,0.771922736789024,100.0
1,15,84303,9086,23,0.753389020056042,0.9096281233844761,1,0.8701347240986305,100.0
1,17,97048,328,42,0.8885423484611845,0.3191479999366951,0,0.7486151369831482,100.0
3,13,54256,3727,43,0.6444039283186204,0.7848153177459114,0,0.7052012748428862,100.0
4,2,73256,5501,24,0.8551532915651084,0.3502970114493681,3,0.5212590024781556,100.0
1,1,115884,1384,33,0.6324309396816163,0.4037627241594663,2,0.5114660843773409,98.94110039074434
3,0,88185,5452,52,0.7540030521763497,0.7900525139087138,1,0.9786610975285195,100.0
2,17,68752,8689,49,0.8668808894117873,0.5028063388494672,3,0.821622028750109,100.0
3,8,69783,460,30,0.46988434797774314,0.44730338089557964,2,0.9126268991546347,100.0
3,12,108021,8554,33,0.6140715108217889,0.8610682963405409,0,0.7402191911124218,100.0
3,1,77054,7190,37,0.7269621693856582,0.9623728049215878,1,0.6307904980854744,100.0
1,6,102772,1950,22,0.6003986236529015,0.4626664539768109,2,0.6472688898799499,100.0
1,15,74329,2377,37,0.5855003408533953,0.5220371693649797,4,0.5217458092529634,100.0
2,20,61750,7897,46,0.5689984537496273,0.7998513142044871,1,0.8954417581642742,100.0
5,18,96111,257,25,0.5366750930856169,0.8707050093891133,4,0.7907853903491928,100.0
5,14,87565,3513,45,0.9093427375333784,0.9994136102291047,5,0.7404008884442141,100.0
5,10,107128,8769,29,0.9542134776403555,0.49135950627751945,5,0.9261485223339428,100.0
2,0,112103,8885,48,0.8201016688937969,0.6896330121274643,5,0.7224225138135414,100.0
5,20,81050,8845,42,0.41799970765904604,0.39381325901829284,3,0.9739650749171689,100.0
5,6,98723,488,49,0.8717399170774012,0.5315880735689481,2,0.5066182646912303,100.0
3,19,80279,2770,40,0.7191639046692192,0.331477999857222,5,0.9923081805810999,100.0
1,7,105841,7978,25,0.8548660527301637,0.44758697998544533,2,0.9079417662236533,100.0
1,9,95835,5950,52,0.6624030241976978,0.6545814837492147,2,0.6774696010878918,100.0
3,4,74404,4462,30,0.4247691489331119,0.41463138599293003,2,0.797681780059291,100.0
3,8,72310,1378,37,0.8090469915260787,0.9225683171208263,1,0.9323025060776267,100.0
3,0,96716,2236,35,0.6664770955172359,0.7972163080007535,4,0.7407991765402377,100.0
1,1,119054,3622,29,0.9244260973271479,0.31941520177760174,4,0.5255248559940773,100.0
5,18,112532,5572,52,0.8428827620928565,0.9136910890076495,3,0.9518480411044463,100.0
3,13,66424,1069,43,0.6157370486666857,0.9841246959368282,5,0.7585081234387778,100.0
2,19,69053,1654,31,0.8344491758702912,0.6513030988369024,3,0.7725786206007706,100.0
3,9,72738,5275,33,0.6971251596697186,0.5202274742847044,2,0.5068590883493451,100.0
4,8,75085,1821,38,0.5196663713557271,0.4844251145800345,0,0.5500330349717506,100.0
3,9,44583,2203,29,0.6519317916641332,0.36119364595298403,0,0.8886989227660105,100.0
1,5,109751,177,25,0.5335374367051875,0.6441265646483216,2,0.7174746743373908,100.0
3,16,78602,7452,42,0.4029859119630263,0.3350980154719152,5,0.9990291564389822,100.0
4,5,101551,4192,52,0.5480774641534876,0.6526860339292628,4,0.8478388378566524,100.0
2,3,82106,8355,22,0.5257127955449502,0.47678390850756514,3,0.9748005721954579,100.0
5,19,89425,2554,41,0.40260214521214094,0.6335023689047284,1,0.6396760638851346,100.0
3,2,72870,3878,48,0.8703552208601307,0.5928688884411176,0,0.5880767825259827,96.50164820502087
4,18,89293,8516,44,0.4461909629025113,0.5135799764030108,3,0.6882947127402685,100.0
4,17,68218,5960,44,0.6694354443633292,0.614046767661671,0,0.6323842727524402,100.0
2,3,89479,8924,34,0.6507299054182389,0.6318237224719566,4,0.8066828402702031,100.0
1,7,126430,2319,47,0.5088448703833262,0.8835842331026669,4,0.872221023105282,100.0
3,16,103015,6640,44,0.9801211039224286,0.7660483404025891,2,0.7010487564711664,100.0
4,4,97276,6696,26,0.7622401629561151,0.6032096183769463,2,0.54492301341666,100.0
2,12,57006,2033,46,0.8881078274349015,0.9336693563030154,0,0.5131659807319837,100.0
5,0,104181,359,35,0.6976843343409702,0.8290185435523156,0,0.6090138534474292,100.0
4,12,106611,9025,49,0.8336871504237479,0.3530018279758028,3,0.8662437179526996,100.0
2,3,96706,8639,30,0.9818675249870548,0.4076220804861232,2,0.6107762066524071,100.0
1,13,95357,8370,48,0.609043248281861,0.35716751852761364,4,0.9554871310958442,100.0
1,2,86495,7963,29,0.7025583116259673,0.5232043518452851,5,0.8258217546448112,100.0
4,4,106235,3311,41,0.7087221392152039,0.6049526345622214,3,0.9310448185830573,100.0
4,6,124925,4128,30,0.9951968897944832,0.652972145931912,3,0.6929073624042521,100.0
3,0,98263,6829,24,0.5398594878353279,0.8959885390877453,1,0.991774931261526,100.0
2,11,65707,2779,24,0.8051845051522473,0.31256940004818046,5,0.8397492054526619,100.0
4,10,67619,4509,26,0.48293780707341544,0.5998018840215864,4,0.6784799377531966,100.0
3,7,108155,2190,46,0.9562441192325488,0.5876988615775143,3,0.6062695664199658,100.0
3,5,65910,3355,36,0.7542291514010191,0.9632331556615115,5,0.9332656656544858,100.0
4,1,95026,2675,28,0.9156469162236821,0.468725842336935,1,0.6590491379377081,100.0
1,18,81361,8433,48,0.9371449266037045,0.38568406833382823,5,0.5221821212766301,100.0
2,19,63194,9260,36,0.7342659472624886,0.39958214852878315,2,0.6393293563706149,100.0
2,19,110806,2552,21,0.8092043627429191,0.6640999067494802,4,0.5897256849812331,100.0
1,13,107669,9335,39,0.8192323840173463,0.5736326624538264,2,0.6598656079879945,100.0
4,0,56108,5450,37,0.6762884941052553,0.8278994198547927,1,0.8066330898121237,100.0
2,9,102036,8158,48,0.6609029483815989,0.5262276605074799,4,0.7502159437193748,100.0
4,15,98381,7120,32,0.5117129313868858,0.3895732264016484,0,0.8554251911711532,100.0
4,3,110936,3890,26,0.6303487363007255,0.5708130528047237,0,0.666916069318379,100.0
3,10,94169,2747,27,0.9944541643273329,0.9181249321257885,0,0.5599042098949815,100.0
1,15,125670,2441,28,0.5619169462710916,0.5838685873947438,5,0.5801338854673452,100.0
4,19,86833,1397,23,0.8574645452056623,0.8835394057326036,3,0.8986413823823112,100.0
5,0,83197,9639,41,0.4356084820339833,0.5600710600975067,5,0.5489953288402825,100.0
1,15,65630,3375,28,0.6804812784445949,0.4969699367415183,5,0.8990631088432199,100.0
2,18,66651,9931,48,0.43504607915028737,0.842403910933742,5,0.6063146752404902,100.0
3,20,64387,2449,50,0.685479960284739,0.4464641693699636,5,0.8392023090132847,100.0
2,8,95459,1326,52,0.41653147648562616,0.462281494318868,0,0.8115481443659633,100.0
2,8,83272,5214,31,0.767976862890343,0.33486898665317644,3,0.5491302183802207,100.0
1,8,98267,5014,40,0.7519054599873283,0.4314919978973961,3,0.832931751041922,100.0
2,16,59768,694,36,0.8787059335782132,0.565170775526859,1,0.7237537460374075,100.0
4,11,68607,6450,45,0.7499717213208082,0.5797008891004326,0,0.8535809681405653,100.0
2,12,68186,3097,29,0.955599497410644,0.5944396608521012,4,0.9177369342886486,100.0
3,7,144231,9877,23,0.8698627684446136,0.6357850623647621,5,0.519749684602674,100.0
3,15,85857,2123,36,0.47959391219337366,0.7003374310314057,3,0.8239814159392194,100.0
5,17,88340,967,32,0.5592839129836545,0.43260031721682,1,0.5524789138018905,100.0
3,0,88063,5788,35,0.4157383586612762,0.729760928153246,3,0.6894377871984159,100.0
2,0,128820,8089,24,0.6316804009436844,0.535588211228502,4,0.506339253013651,100.0
3,11,49666,6038,43,0.7057217522616702,0.8138075145973898,4,0.6643219056900476,100.0
1,5,88502,5710,47,0.9675677492692398,0.6900431151304223,0,0.5846774246447792,100.0
3,8,49432,3104,33,0.713360459369091,0.6879880387866741,3,0.7781321474233518,100.0
4,4,30504,2817,41,0.8686168251657682,0.7798408920150112,4,0.7561357430675182,100.0
1,15,71644,7592,49,0.5608144075557407,0.5331132936674972,2,0.8966372101518919,100.0
5,17,100304,9022,49,0.49189506235529906,0.6004630583930328,4,0.8199806567487496,100.0
4,16,70055,897,31,0.8865017522957517,0.7080285079030173,4,0.857312941710323,100.0
2,17,99894,6025,48,0.5484550872247549,0.595088934361008,3,0.546240038775607,100.0
2,0,92661,5434,30,0.9228010706026638,0.6109802321036273,5,0.5138824135435149,100.0
2,18,86523,4003,25,0.5019099254151779,0.49074095095233017,4,0.9847707698250536,100.0
4,7,121624,3094,45,0.9109519246090642,0.501169518379603,1,0.7135162042542109,100.0
4,2,75099,885,53,0.86370854804467,0.7892701849033503,5,0.6974871843397059,100.0
4,4,99516,5279,37,0.7667324038843624,0.302996799418764,4,0.5175062053625794,100.0
1,7,44922,7518,53,0.9101324066935697,0.3667032955458369,2,0.5594554030883412,95.6688993392834
1,18,92469,4006,45,0.598426070729477,0.964166922653154,4,0.9702369637804631,100.0
2,17,83569,566,53,0.4996204873992327,0.4309126573041048,0,0.8474225329835083,100.0
3,17,60443,5303,29,0.4942244050626734,0.5926846243124118,3,0.7046060247861747,100.0
2,20,99962,8910,47,0.5622153482894224,0.8947795952861013,2,0.9522420663641415,100.0
5,0,71526,727,45,0.6677362793080317,0.30007166076809283,1,0.7949464219259017,100.0
1,14,133304,3675,24,0.925613719048736,0.9476254326295948,4,0.8732340242927434,100.0
4,17,30000,6557,29,0.45372139129464195,0.33744203672745804,4,0.7157997820446695,100.0
1,6,96206,5206,35,0.9491452266608497,0.41960833466680747,1,0.7157640331167426,100.0
4,15,91067,2029,36,0.9552968262040518,0.32037248033268656,4,0.5341752498917678,100.0
5,15,82978,8492,36,0.8363418344015761,0.6636640323642189,0,0.8669866345848284,100.0
5,14,76769,2193,33,0.940170168175568,0.9601660170598516,5,0.5495587017302057,100.0
1,5,91715,3889,34,0.8619919781067773,0.8873256281158255,5,0.8821336941138195,100.0
4,8,116554,2946,42,0.7169805790934523,0.7478239823852751,2,0.5954290439411314,100.0
5,6,48195,6701,41,0.7604501357355666,0.4298420463015179,4,0.6236836258394234,100.0
2,13,69850,7055,29,0.7769346858865496,0.9087179689688889,1,0.9589448778024863,100.0
2,10,63742,2823,24,0.47613596858986657,0.8283427737957032,1,0.7357838322407212,100.0
4,20,62567,1247,30,0.5158324825105063,0.4867934344832382,2,0.562621263102401,100.0
1,15,98568,4851,29,0.7140212343220965,0.8635624143770997,0,0.9525407747597934,100.0
5,5,104733,3053,36,0.4691369876625651,0.9140059366222941,2,0.7261985096105745,100.0
1,15,116627,6482,38,0.9789875776276666,0.7887582087007698,4,0.5652756643227301,100.0
2,19,105127,3097,30,0.7042763671086529,0.37026890567936976,5,0.6954114857661547,100.0
5,15,107153,3568,41,0.6280516868878357,0.98897279033086,0,0.794664626528315,100.0
1,11,54704,5303,35,0.49452402255493555,0.3532006922761904,0,0.6811710146066849,92.16948073789666
3,16,127089,8900,35,0.6499203384851118,0.7581317917051635,1,0.9621632790805673,100.0
4,4,84756,2863,31,0.5814557121955293,0.37736767864405735,0,0.6348419118563758,100.0
4,12,115824,1855,40,0.4527563027212208,0.9337893510345752,4,0.5879127077743855,100.0
3,7,55595,6372,54,0.9802031771428128,0.5449843783956652,4,0.6104755858187771,100.0
2,4,83964,6666,42,0.5589868576293681,0.658052115671464,4,0.5418749732997485,100.0
5,11,113575,7576,38,0.8142821452801146,0.4251331090548074,5,0.7261480670794154,100.0
4,8,90698,3192,36,0.4547935010934537,0.6825935328481965,3,0.9391669639873461,100.0
3,2,71150,473,25,0.9479014055960635,0.9571879336672924,0,0.6526698027393633,100.0
3,2,122745,3870,21,0.7544508709363462,0.9311431494432096,0,0.6291688092472464,100.0
2,0,60714,5770,39,0.7941232002259673,0.34472714414156513,4,0.9186923321237332,99.91259809401336
2,17,89489,7270,30,0.8690706164013211,0.5647809545320361,1,0.6529974277154655,100.0
1,11,106004,460,41,0.7635491971990502,0.4872019541295164,5,0.7384459897775111,100.0
4,8,142392,1925,33,0.4425444750479534,0.6369530339791621,0,0.5156190484840135,100.0
1,8,78541,9125,44,0.6577494541792916,0.8836104136345488,3,0.6435358742769375,100.0
3,17,83088,3632,43,0.5572180559986868,0.8171962499546015,0,0.5652799850299124,100.0
5,17,78882,7086,43,0.6920302124087103,0.5407847345146931,2,0.5529230559862519,100.0
5,6,95961,325,31,0.6425950970090428,0.5678660806935378,3,0.7157086996598093,100.0
2,3,104698,4776,22,0.8959198703793085,0.7579784944057681,1,0.6386661949560264,100.0
5,12,117332,4803,26,0.5482285313258626,0.4359576181828535,3,0.5832233820499607,100.0
5,16,108901,1386,31,0.520780635566769,0.3719096141011439,3,0.7557426351351418,100.0
5,1,77565,2825,35,0.9748517772703449,0.46981192494764556,0,0.8920219914722742,100.0
3,13,110334,1272,29,0.9697099683335078,0.3868227019467009,3,0.8674295749773083,100.0
5,2,92288,9329,32,0.9960789789505606,0.5463889702731284,4,0.6253814661913075,100.0
5,4,108631,2935,48,0.7410283477278024,0.9562960488415984,5,0.6315673234195361,100.0
5,13,110059,9254,43,0.46788637635339914,0.3842096332176174,3,0.8659509071293032,100.0
1,2,130753,3478,47,0.9281006444423183,0.8728255005263468,0,0.778584263267827,100.0
3,6,81135,4031,44,0.48706899055458436,0.6742536220067068,4,0.8712082473133951,100.0
2,17,76361,4419,34,0.4933565956174937,0.743032153550558,1,0.5006826824194762,100.0
1,12,101179,557,47,0.5160385404916528,0.41905765761265734,2,0.5435690599309836,100.0
4,9,119562,4901,41,0.7920513012358557,0.4059613180303261,3,0.9009850323127078,100.0
3,12,91451,3533,33,0.4643194319363935,0.4139205737682674,4,0.9255593953879432,100.0
3,15,121192,7052,28,0.8669689774070596,0.7669440134742235,4,0.6717200891208925,100.0
4,8,107251,9731,54,0.43495095757483254,0.8234517867192104,1,0.9791674294786405,100.0
4,1,84969,5615,43,0.4662679364030921,0.9441714611496632,1,0.6507847163107277,100.0
4,4,104083,116,29,0.6606922849999172,0.5787346468669948,2,0.9451416200927352,100.0
2,16,79129,9058,21,0.6275029011699405,0.623378568870098,2,0.7108545424532202,100.0
5,3,95965,2994,36,0.9938249610384604,0.6287165111970687,0,0.7809043292092794,100.0
3,16,63171,5478,45,0.9801183740312219,0.48892853195059693,2,0.8216361346657942,100.0
5,8,88296,5862,38,0.5138090844133754,0.5297628582507976,2,0.5665541388533255,100.0
5,19,114992,1260,54,0.9679993270470776,0.8927741652537293,4,0.5185557009800212,100.0
4,1,109178,6749,23,0.8153571424071797,0.5406055292101452,3,0.7134001437200818,100.0
2,17,105521,6142,40,0.6453058993199404,0.9083672713464397,3,0.5801782617116599,100.0
1,20,97186,1621,39,0.8437785592965648,0.5136873980381371,5,0.7744669082391835,100.0
2,10,93996,7938,33,0.9400845794239281,0.5379182137798552,2,0.726820974789631,100.0
5,12,58323,1800,37,0.508084932279385,0.6921966102452379,5,0.5610488114507448,100.0
2,7,84847,7227,34,0.5175905568265967,0.3721887930002581,5,0.8328925234725104,100.0
4,0,94565,877,50,0.6452324573365963,0.9454435870163462,0,0.5102473943602419,100.0
1,16,61889,2779,42,0.5015270628010424,0.8742798870469635,0,0.5631916533352423,100.0
4,11,46206,337,49,0.6162384914234895,0.769352679255304,3,0.8500821104223368,100.0
1,3,118220,3826,22,0.7874149162375085,0.9916875095886888,1,0.7639277098932271,100.0
5,20,91270,3158,28,0.8876908752003129,0.3111995529428314,4,0.6409664839104643,100.0
1,12,95249,6786,34,0.5811609626112397,0.587742221502626,2,0.5901230653319343,100.0
1,8,103890,2565,54,0.5690384102829028,0.900840140832172,4,0.8211418651127833,100.0
1,6,65445,9332,33,0.8678457786335065,0.6031120958417939,2,0.6027983324984406,100.0
2,4,79912,4346,30,0.6286157356015055,0.30366893576648946,2,0.9923055398732811,100.0
2,4,127601,2492,28,0.8910852207213049,0.41042788091716775,5,0.934655610421097,100.0
5,16,77783,3109,27,0.996028192197528,0.6038506886707267,3,0.5660789749087889,100.0
1,8,83353,9758,33,0.9878012055902302,0.7675635026669064,4,0.9295762814719408,100.0
3,5,73262,5796,46,0.7976121729083734,0.4138579878693758,4,0.6725213908539958,100.0
5,18,71478,6742,52,0.6251279268264703,0.6136301422088588,1,0.74499091010587,100.0
1,15,117637,7995,39,0.43929391568605763,0.3089519764148809,1,0.5714121475761835,100.0
1,20,30000,6064,35,0.8428243796302365,0.634250365564008,4,0.5592861206525659,100.0
2,1,78574,578,22,0.9867803446319464,0.927147133367423,1,0.9327464830311416,97.76978652111347
5,9,95635,1664,39,0.4407906779293769,0.717737622066513,1,0.8149511205168494,100.0
1,15,132419,7142,53,0.40370062637238413,0.6084589418590183,2,0.7302305050083897,100.0
1,4,61619,3743,53,0.8990657179490305,0.41358153498602707,3,0.5180819281867477,98.09490168517898
5,14,57358,3239,21,0.4613553772229423,0.44169299446155813,2,0.9609809936214195,100.0
3,12,68497,6821,48,0.4489737882673477,0.35355696504905537,5,0.6880441135663146,100.0
5,12,107542,8352,37,0.9462016409339071,0.8196877304924199,1,0.7083245852985578,100.0
5,12,93132,1805,26,0.44773648700312885,0.3539946943023651,2,0.6449047646956015,100.0
3,14,53934,6549,40,0.4684105928652557,0.5687641801139411,2,0.9456450099470408,100.0
5,13,92488,8550,33,0.7417442051618159,0.8248912854589283,0,0.6722923843589281,100.0
1,7,128785,6224,32,0.8540885038199748,0.7989758895894465,2,0.5871246539294066,100.0
5,10,96612,8598,50,0.6397433552285363,0.7042725166096924,2,0.7502785974622224,100.0
3,17,94113,6155,41,0.6523534964142343,0.6999154138882476,3,0.8907463296530598,100.0
4,3,95618,2619,22,0.7795755922906832,0.36322965620433423,4,0.6856692381723941,100.0
5,9,100362,9360,38,0.7032551768984687,0.42244069022814296,0,0.8260230714381869,100.0
2,0,58322,8347,48,0.41117697566663053,0.6743211199750476,0,0.6521121515536429,89.22060033029737
1,4,84201,2236,24,0.46814991176331994,0.5436562297789058,0,0.8598811549849732,84.08531866150834
1,12,85506,8465,26,0.7489600093152416,0.3132559707653373,5,0.8343619367917097,100.0
2,0,77913,5940,29,0.8761975058187197,0.8587167130154143,0,0.840377400711305,100.0
2,7,107153,6852,40,0.8578618872579735,0.7576692869752476,3,0.8229538212970126,100.0
5,2,74150,3090,50,0.844033935576187,0.5280498266683676,4,0.5781561665954491,100.0
2,2,81000,997,24,0.8627635697248804,0.36874363810466176,5,0.9439954923374543,100.0
4,6,58495,9549,33,0.4266660857947139,0.7138405324494244,3,0.7928763665031033,100.0
3,3,99457,1370,50,0.9370609389775532,0.5439846979966515,0,0.6911935300106854,100.0
2,2,113547,7060,24,0.9335698631270047,0.4787725359056998,4,0.5861676491762265,100.0
2,14,80974,7556,45,0.7191543934585685,0.8050284771113112,3,0.8917905499947922,100.0
4,7,110184,1736,51,0.5491565993612593,0.5297050427346051,4,0.7545241467130108,100.0
1,2,86326,917,32,0.75530708366886,0.39523394411783896,5,0.5736465405333746,94.18366762067674
1,6,30000,9385,35,0.7347315558251719,0.6371576234807155,3,0.960710427865956,97.88755822197824
5,17,88712,2834,46,0.5337743246141262,0.8799260517746548,4,0.5530412154017236,100.0
4,10,85610,9460,30,0.7618781073572015,0.8947611489397391,3,0.7621105977195515,100.0
3,10,92574,8035,32,0.8783764696603659,0.894540215360244,0,0.8052906983950989,100.0
3,16,96329,8400,42,0.8836641188471537,0.5946438875810371,0,0.9994922975735867,100.0
4,5,72901,9258,41,0.43581869336794865,0.8536539478676042,0,0.5704578548812533,100.0
3,7,126782,2465,27,0.5182979870874787,0.895161537575822,5,0.8067800986293213,100.0
1,0,88345,5218,38,0.8009340163559173,0.6216767471348525,3,0.7383578972396788,100.0
3,9,85008,7784,47,0.9158991672485813,0.5231175722442656,4,0.6285572921881171,100.0
3,18,108613,3375,22,0.7127302494695293,0.7913751827674156,4,0.9711050849277824,100.0
4,2,90463,9462,52,0.8245154010009883,0.9331284906491963,1,0.8954218415309012,100.0
4,3,154146,5289,35,0.41264320639414037,0.9805067395871585,2,0.8885288929614551,100.0
3,10,84752,5961,44,0.7650524871312396,0.5031573639740088,0,0.9495930226610745,100.0
2,14,98795,9515,40,0.977145486661961,0.9693197392922019,0,0.8625220312884853,100.0
4,0,71271,6707,30,0.7966087642196428,0.6494975726952452,0,0.753369730483189,100.0
5,8,111763,8779,44,0.9533654299601918,0.5142242930106863,1,0.6957682525099764,100.0
5,10,97717,6686,44,0.7396056748786443,0.9918786771564703,1,0.8520667634817181,100.0
1,18,81525,1030,44,0.9060272426655566,0.9144655825866908,1,0.8014059013758876,100.0
3,12,68189,3854,54,0.4744974449542885,0.7846916124927032,0,0.7714382383434786,100.0
2,15,57264,3583,31,0.4741079577320899,0.9264595610851476,4,0.7945285751226929,100.0
1,3,100467,5452,46,0.4721075975174768,0.7770415108934416,0,0.8276737963097136,100.0
3,0,55328,7924,21,0.6933097312220255,0.6082826589094663,1,0.9843520963460288,98.47754061910821
4,19,122711,6068,50,0.598158136502269,0.9636346899378034,1,0.8765790307975952,100.0
5,12,58428,7961,38,0.8315115122446215,0.974273374401265,2,0.5882163441838393,100.0
2,0,85540,8812,46,0.9415731485802383,0.5199225681028168,3,0.7333843889328321,100.0
5,4,67961,8530,29,0.7716248971440891,0.5480767341943313,2,0.8391208379662254,100.0
4,4,90817,556,29,0.5279263336591475,0.5679043085357831,2,0.5878269670651733,100.0
3,13,90662,8540,21,0.9585261205174682,0.875502166202069,0,0.9663532825722113,100.0
4,13,101120,3191,27,0.7167144028827896,0.8538019555901717,3,0.5385126472589639,100.0
4,7,51843,9008,36,0.8319673318814531,0.9881805733292897,3,0.8054916045629603,100.0
5,3,70907,9235,31,0.9343035102611063,0.625649573922652,0,0.9879676734249473,100.0
2,6,114263,3997,45,0.9938991592593416,0.8157369658473164,4,0.8639341466336142,100.0
4,19,106463,3343,49,0.7036383694610043,0.8997043288918323,5,0.8386290871579666,100.0
5,18,30000,2750,39,0.8848376312102043,0.45486130669378366,0,0.9987102021005416,100.0
2,14,99430,4911,38,0.7401202391909452,0.7343887992581426,4,0.8958987140268257,100.0
3,3,64188,9898,49,0.6918723675974836,0.6833953734780391,4,0.9851467159729823,100.0
3,18,75204,5718,36,0.7226275115657739,0.81997890350028,3,0.8494461131457196,100.0
1,8,84316,2092,28,0.6905651462930225,0.7867995878323684,0,0.8327293871337467,100.0
5,20,128934,4662,54,0.6526168712768083,0.8689548275961461,0,0.8812837389125602,100.0
2,12,63932,9887,26,0.8342324143083927,0.5178016332460247,3,0.5943770016246854,100.0
4,13,54902,4596,50,0.5498054895685955,0.4514494741715158,2,0.902892496009209,100.0
3,13,101257,9805,54,0.7698288794836003,0.8636391116351976,0,0.9850701644492674,100.0
2,9,89299,270,41,0.8277761066586578,0.552394401719061,5,0.8058216373781522,100.0
5,15,120175,3806,32,0.935254500034423,0.5013014905486048,5,0.5061776714967445,100.0
1,4,81179,5992,26,0.5991262893625514,0.5357729678688087,1,0.5360461959224463,96.4753127714887
3,5,120270,510,26,0.9163594621096386,0.3464477937357192,1,0.617353611180227,100.0
2,1,90406,1025,24,0.9671747027955183,0.8412010423100873,0,0.7455488316021528,100.0
2,12,103227,8115,29,0.7892076296450312,0.8006117609780559,4,0.7068779115989314,100.0
2,12,130598,7674,25,0.8628598047538079,0.6868847176801179,5,0.9896060002695427,100.0
5,18,85818,3973,30,0.6434241758913241,0.8012594859350466,5,0.9727938275589035,100.0
5,17,116116,5328,28,0.9712812518708156,0.5611932167238066,3,0.6963612448199563,100.0
5,18,74660,2716,43,0.8025168730518545,0.5067583532772657,5,0.897158239638419,100.0
4,0,95688,6145,24,0.5860940851706605,0.903610692543702,4,0.8181816743669407,100.0
2,7,53883,5791,27,0.6425568083404137,0.5957181992024443,1,0.6215678396061961,100.0
3,15,77392,2109,26,0.7706533084789458,0.43713852024928307,1,0.9655886279548314,100.0
5,1,63549,6396,35,0.540481098707377,0.8243307409286389,3,0.6297587847901269,100.0
5,7,120518,5348,52,0.8523486426041753,0.5351102980003348,1,0.9351716976890576,100.0
2,5,133469,2575,34,0.5348149097617859,0.448295910629809,2,0.8188203649858325,100.0
5,15,81132,8310,31,0.7550735174625636,0.3190499944011244,1,0.8105635545291684,100.0
4,10,70674,5026,30,0.8182039077968963,0.9794212307970205,5,0.9192049963830049,100.0
4,16,57151,8267,37,0.9158487373969232,0.627102568763437,4,0.7471551026172865,100.0
5,18,96613,3091,33,0.8403402494733598,0.4132305111195577,4,0.9266869747348145,100.0
2,10,74942,4307,54,0.879295054931371,0.8304678116855106,2,0.7751142306958918,100.0
2,7,76282,5923,25,0.947759080898709,0.9213557896324076,4,0.99232393077798,100.0
2,3,130739,2958,30,0.7586629367332434,0.6695775948192029,4,0.8299650270364527,100.0
1,10,82590,8415,52,0.90776800639721,0.3198516211491795,4,0.687030287459587,100.0
5,7,104666,6221,32,0.5391233386151033,0.5556000729808719,0,0.8816819886644528,100.0
2,8,91324,1050,33,0.8888399024751837,0.4701711449422322,2,0.7549486499804652,100.0
4,1,56119,7998,41,0.5330120447838882,0.745478228899175,2,0.903012499212811,100.0
3,15,43877,7483,53,0.9607775312456679,0.6632004612261919,1,0.9167313334301416,100.0
3,5,102188,7569,52,0.5979840024746013,0.5490157906128692,5,0.808456595651451,100.0
2,20,132602,997,32,0.5031027989053677,0.7539535966500761,2,0.9360942131554943,100.0
3,20,97874,3205,48,0.48890125607752116,0.7091004974688809,3,0.7017135120244427,100.0
3,18,105602,5109,33,0.5123633301626994,0.9345430871221834,2,0.5286885056769425,100.0
1,7,67382,513,32,0.6685241851378996,0.7177620665960581,3,0.831324087729103,100.0
4,13,115372,5354,42,0.7132896346480354,0.6553983192981422,4,0.8822259031148345,100.0
4,15,115062,8957,22,0.9482714995143511,0.8765690589078436,5,0.5364007569446904,100.0
1,11,72595,9543,49,0.6286088817566173,0.44169376848245023,3,0.8854548709401089,100.0
1,4,103635,8158,33,0.5304893852722324,0.4704952324873436,5,0.8195808472719616,100.0
3,18,45839,6020,33,0.846292667103629,0.8485011945755934,5,0.558205622891971,100.0
5,17,108097,1391,54,0.4807926447571636,0.6096451589226369,0,0.7699700668130036,100.0
3,8,75689,5612,39,0.9353700232091128,0.5864651034647492,5,0.5543710522032629,100.0
1,1,59321,7022,29,0.6456397811252824,0.9209545681344633,4,0.6608093748636505,100.0
4,19,100065,3736,51,0.7683048901929879,0.7270763240051477,3,0.9019924631202614,100.0
3,11,45706,1897,53,0.5117106055699135,0.8620363982798727,5,0.5503945158465744,100.0
5,1,98560,9525,47,0.48731748944790204,0.8668872094267803,4,0.7296939055520211,100.0
3,9,61693,3819,22,0.8793036248529134,0.384018660818238,0,0.8028565010414468,100.0
2,0,56343,2141,35,0.657821375148736,0.7575916775287925,4,0.9702557239513723,97.09248899335394
3,3,91496,2434,39,0.9920456876357261,0.9667614370942568,4,0.8686327390339621,100.0
1,11,85686,5449,51,0.7145787666714709,0.636018962739654,2,0.5696235868371029,100.0
4,8,126419,5484,36,0.9073917464546138,0.8125276978656346,1,0.9844342665196864,100.0
4,3,57879,9210,35,0.9879782072328611,0.6967130299611589,3,0.7389788205951167,100.0
1,8,124376,1327,26,0.568690096905101,0.44339218196868,1,0.6848586942843757,100.0
2,5,61558,6657,34,0.8805290272932196,0.43663555200323617,0,0.5643556034376545,100.0
1,0,112986,3226,47,0.4132036979947876,0.6036832156301807,0,0.9667411291405243,98.32235559161049
3,9,117652,26,39,0.8078524708366173,0.6380934016665967,4,0.7931029676697543,100.0
1,13,98036,4680,24,0.8471206546707096,0.6521927098525299,1,0.9939937628028828,100.0
1,17,70226,2633,46,0.6864182274613014,0.9685005302517866,3,0.5869329376436954,100.0
2,5,51926,139,29,0.4972631260705012,0.3701781808962335,3,0.7729177892589141,96.97194739449878
3,17,41205,1483,35,0.7700323288470698,0.56636871400848,4,0.5549430988416018,100.0
5,19,136307,9151,24,0.9385171956613345,0.660183204584714,3,0.7621379134136042,100.0
5,15,82578,9270,46,0.9587915197469613,0.9741789175806315,2,0.9448959119461471,100.0
4,14,62383,4321,38,0.8476614342517617,0.6530203719049268,1,0.5546604259933257,100.0
1,15,61420,9825,49,0.5582279550553613,0.8426930040846259,0,0.6348244037210709,100.0
4,7,94196,2905,44,0.922196155635952,0.8244946756295535,3,0.8412009561032652,100.0
2,12,80128,2746,24,0.933293840021017,0.6965108345999305,3,0.5381435180400113,100.0
5,10,42017,5108,41,0.6203453234471323,0.3914921713901883,3,0.7269924622372579,100.0
1,6,111613,1956,27,0.5097890419262084,0.4531310969707822,4,0.6665308138488228,100.0
2,16,98374,5569,43,0.9247956604800209,0.46809818103505085,0,0.9190740968820179,100.0
2,17,135997,8818,41,0.9310583891516886,0.32706175335859367,1,0.5245379965581023,100.0
1,18,118519,310,21,0.46054365073072845,0.5654526069004535,3,0.931697733871885,100.0
2,12,30000,9186,45,0.980190575333493,0.7273596056633643,2,0.8518160180971679,100.0
1,14,125424,4511,51,0.7198483318472786,0.40098640911728534,5,0.6485952638796693,100.0
1,0,120187,8362,25,0.9962381169657617,0.4225252068590639,4,0.5988842672467469,100.0
3,15,71590,5924,51,0.6670049501300088,0.7948904298818491,1,0.9750881689526882,100.0
4,4,79185,5681,21,0.7199700036157288,0.41847737216879455,3,0.776953991654306,100.0
2,2,100293,8227,50,0.5596496991827473,0.3947349043332696,1,0.6723888117841682,100.0
2,9,64644,92,38,0.9393684673092216,0.9844893205194996,4,0.5222342527595569,100.0
3,18,83931,8374,28,0.6662272702435463,0.31031469652046956,5,0.5828921252444099,100.0
3,4,115000,1008,46,0.8887684321764303,0.5277857185480539,2,0.7990825075312531,100.0
3,6,102943,5814,35,0.4478405650570496,0.32445566297344947,3,0.7565547984271948,100.0
5,13,73330,6947,39,0.8729479770968875,0.8866337355162099,2,0.8788050582797735,100.0
5,2,115569,3151,30,0.694145885350885,0.7084749999872996,4,0.917418786519366,100.0
5,12,97572,2892,44,0.4032447278398636,0.33356629702567586,2,0.6985874013259907,100.0
1,12,96717,7372,36,0.5357577633992769,0.7307535078190401,4,0.5504649579132144,100.0
2,9,77126,3094,51,0.5162381268658702,0.3861674748433007,5,0.8957648800357296,100.0
4,1,89836,2055,36,0.8510587487856639,0.647012825405439,2,0.7768700501648216,100.0
1,5,70647,8962,36,0.6863213138759312,0.7685890401797585,1,0.9898959442194832,100.0
2,7,41486,214,48,0.4958310380122585,0.4039549229838217,1,0.8981749581063923,92.26370062232978
2,3,83005,5294,40,0.5540817862271515,0.6479352854221785,4,0.6645363608055513,100.0
3,11,86946,1562,29,0.7024460831835309,0.6201876503539314,1,0.7142450678256212,100.0
3,14,93432,7826,30,0.41178291839180436,0.9410253338462953,5,0.6177879867290137,100.0
1,7,120303,834,38,0.6544753528596243,0.9969909762027136,2,0.7559992485179159,100.0
3,6,73692,3758,35,0.806836842192244,0.758132112642215,2,0.855362480003159,100.0
2,13,80806,5588,50,0.7106527511715273,0.8984014089342987,3,0.8062443798813737,100.0
3,18,109154,5922,52,0.7588597246452993,0.7528173702058534,4,0.6710417313668672,100.0
5,13,71186,7400,47,0.5959708702069899,0.9134003788016907,1,0.911649953862872,100.0
3,12,93843,5207,47,0.5098454344118535,0.6032904363288084,5,0.5525293783499992,100.0
2,20,79792,9040,39,0.8858447742131086,0.7255929004835451,4,0.5712773464990814,100.0
1,0,83909,4705,30,0.9433809228618163,0.8916186662074128,1,0.7020797833866271,100.0
4,18,108953,6778,26,0.7064443422249362,0.9426600041546422,3,0.8511216568457065,100.0
3,0,80663,3693,44,0.5830247275488345,0.3172779133220283,2,0.8470928390486324,100.0
2,3,109768,1971,29,0.7067228977107913,0.37276688460128116,2,0.6832617213581789,100.0
4,9,41189,947,47,0.9273913123824373,0.9518204429366888,5,0.8483039522245935,100.0
4,2,54259,7605,27,0.8148438084250704,0.697956138814172,0,0.5302928876263654,100.0
5,19,32044,434,26,0.9151696517740705,0.993134465753704,4,0.6450109749124302,100.0
4,8,60855,3061,53,0.5970276538468302,0.8548431299018209,1,0.8468866566370561,100.0
2,2,136421,2915,41,0.8271874770024976,0.8726981286202009,0,0.5920207005209486,100.0
2,5,89561,2704,37,0.79182938290697,0.570285755355705,4,0.6063560143042284,100.0
3,5,71967,3605,51,0.7429698763902504,0.4802789714844993,1,0.543441309467408,100.0
3,11,109570,1277,31,0.7169349191383053,0.7187814217873161,3,0.6822355080716989,100.0
3,0,113100,431,48,0.7305867298837582,0.9153224690444992,4,0.9124636202965866,100.0
4,15,59478,3276,25,0.9098026538360194,0.8079889560958198,1,0.9181795619113595,100.0
4,4,152455,7027,32,0.949596700602487,0.6305225981217615,2,0.9311812664004173,100.0
5,8,96908,9859,23,0.46771627863114296,0.8272403332287268,4,0.5183520147444407,100.0
3,9,100058,2110,22,0.7412629465542007,0.7832783362453163,1,0.996744352943302,100.0
1,12,102430,7139,46,0.9510450534839407,0.9391359974334503,5,0.7513206194773334,100.0
5,14,102378,8105,22,0.4808439910954565,0.4844900561920524,2,0.9363635151658678,100.0
1,11,74463,8886,32,0.6477156239781438,0.38351802147990677,2,0.952557317353615,100.0
4,4,142812,2236,22,0.4534481028105424,0.6290358140805846,0,0.7572491199497146,100.0
5,4,82870,4398,36,0.46808584120584246,0.5527565676035058,1,0.5255448755079276,100.0
5,17,113937,2432,50,0.9424664875357199,0.9824028029468848,0,0.7987348832070764,100.0
2,11,78126,7236,24,0.667707750898296,0.3052529313663775,5,0.6670467271756371,100.0
4,2,73693,9279,31,0.8132437924027591,0.9533681433858572,0,0.6033833362546464,100.0
4,6,137546,7326,44,0.48334865394612003,0.9685554557499747,3,0.5912505091209118,100.0
5,16,87290,2853,38,0.4131684894356535,0.3356708637379192,0,0.7796321140760794,100.0
4,18,89147,4121,47,0.9342903744093184,0.9226988958019668,0,0.5522374085861153,100.0
5,17,97090,5669,22,0.7447273837294132,0.62954518774201,3,0.9108222770662149,100.0
